hosp_name,hosp_registration_number,hosp_insurer_hospital_id,hosp_tpa_hospital_id,hosp_pan,hosp_address_line_1,hosp_address_line_2,hosp_address_line_3,hosp_landmark,hosp_city,hosp_district,hosp_state,hosp_country,hosp_pin_code,hosp_latitude,hosp_longitude,hosp_contact_number,hosp_email,hosp_website,hosp_primary_specialty,hosp_secondary_specialty,hosp_cashless_facility_flag,hosp_opd_facility_flag,hosp_lab_facility_flag,hosp_pharmacy_facility_flag,hosp_ambulance_facility_flag,hosp_operating_theaters,hosp_blood_bank_flag,hosp_cardiac_unit_flag,hosp_neurology_unit_flag,hosp_orthopedic_unit_flag,hosp_oncology_unit_flag,hosp_pediatrics_unit_flag,hosp_maternity_unit_flag,hosp_inspection_date,hosp_inspection_status,hosp_license_expiry_date,hosp_area,hosp_non_pref_flag,hosp_defunct_flag,hosp_gross_med_negligence_ind,hosp_total_icu_beds,hosp_total_ventilators,hosp_susp_flag_date,TOTAL_APPROVED_AMT_LT_1M,TOTAL_APPROVED_AMT_LT_3M,TOTAL_APPROVED_AMT_LT_6M,Update_Date,hosp_id,HOSP_BED_COUNT,HOSP_OWNERSHIP_TYPE_ID,IS_HOSP_ROUND_THE_CLOCK_YN,IS_HOSP_FROZEN_YN,IS_SUSPENDED,IS_REINSTATED,CLAIM_LATEST_DT,CLAIM_AGE_LASTEST_DT,CLAIM_CNT_LT_1M,CLAIM_CNT_LT_3M,CLAIM_CNT_LT_6M,CLAIM_CNT_YR_1,CLAIM_CNT_YR_2,CLAIM_CNT_YR_3,CLAIM_CNT_YR_4,CLAIM_REJECTED_CNT_LT_1M,CLAIM_REJECTED_CNT_LT_3M,CLAIM_REJECTED_CNT_LT_6M,CLAIM_REJECTED_CNT_YR_1,CLAIM_REJECTED_CNT_YR_2,CLAIM_REJECTED_CNT_YR_3,CLAIM_REJECTED_CNT_YR_4,APPROVE_CLAIM_CNT_LT_1M,APPROVE_CLAIM_CNT_LT_3M,APPROVE_CLAIM_CNT_LT_6M,APPROVE_CLAIM_CNT_YR_1,APPROVE_CLAIM_CNT_YR_2,APPROVE_CLAIM_CNT_YR_3,APPROVE_CLAIM_CNT_YR_4,CLAIM_AMT_LT_1M,CLAIM_AMT_LT_3M,CLAIM_AMT_LT_6M,CLAIM_AMT_YR_1,CLAIM_AMT_YR_2,CLAIM_AMT_YR_3,CLAIM_AMT_YR_4,CASHLESS_CLAIM_CNT_LT_1M,CASHLESS_CLAIM_CNT_LT_3M,CASHLESS_CLAIM_CNT_LT_6M,CASHLESS_CLAIM_CNT_YR_1,CASHLESS_CLAIM_CNT_YR_2,CASHLESS_CLAIM_CNT_YR_3,CASHLESS_CLAIM_CNT_YR_4,REIMB_CLAIM_CNT_LT_1M,REIMB_CLAIM_CNT_LT_3M,REIMB_CLAIM_CNT_LT_6M,REIMB_CLAIM_CNT_YR_1,REIMB_CLAIM_CNT_YR_2,REIMB_CLAIM_CNT_YR_3,REIMB_CLAIM_CNT_YR_4,DISEASE_CODE_TOP_1,DISEASE_CODE_TOP_2,DISEASE_CODE_TOP_3,DISEASE_CODE_TOP_4,DISEASE_CODE_TOP_5,DISEASE_CODE_TOP_6,DISEASE_CODE_TOP_7,DISEASE_CODE_TOP_8,DISEASE_CODE_TOP_9,DISEASE_CODE_TOP_10,ICD_COUNT_TOP_1,ICD_COUNT_TOP_2,ICD_COUNT_TOP_3,ICD_COUNT_TOP_4,ICD_COUNT_TOP_5,ICD_COUNT_TOP_6,ICD_COUNT_TOP_7,ICD_COUNT_TOP_8,ICD_COUNT_TOP_9,ICD_COUNT_TOP_10,ICD_COUNT,PROVIDER_TYPE,EXCLUDED_PROVIDER,HOSPITAL_TYPE,CHANNEL_CODE_CNT,BRANCH_COUNT,AVG_APPROVE_AMT_LT_1M,AVG_APPROVE_AMT_LT_3M,AVG_APPROVE_AMT_LT_6M,AVG_APPROVE_AMT_YR_1,AVG_APPROVE_AMT_YR_2,AVG_APPROVE_AMT_YR_3,AVG_APPROVE_AMT_YR_4,TOTAL_APPROVED_AMT_YR_1,TOTAL_APPROVED_AMT_YR_2,TOTAL_APPROVED_AMT_YR_3,TOTAL_APPROVED_AMT_YR_4,AVG_CLAIM_AMT_LT_1M,AVG_CLAIM_AMT_LT_3M,AVG_CLAIM_AMT_LT_6M,AVG_CLAIM_AMT_YR_1,AVG_CLAIM_AMT_YR_2,AVG_CLAIM_AMT_YR_3,AVG_CLAIM_AMT_YR_4,AVG_CONSULTATION_FEE_LT_1M,AVG_CONSULTATION_FEE_LT_3M,AVG_CONSULTATION_FEE_LT_6M,AVG_CONSULTATION_FEE_YR_1,AVG_CONSULTATION_FEE_YR_2,AVG_CONSULTATION_FEE_YR_3,AVG_CONSULTATION_FEE_YR_4,AVG_INV_FEE_LT_1M,AVG_INV_FEE_LT_3M,AVG_INV_FEE_LT_6M,AVG_INV_FEE_YR_1,AVG_INV_FEE_YR_2,AVG_INV_FEE_YR_3,AVG_INV_FEE_YR_4,AVG_MEDICINE_FEE_LT_1M,AVG_MEDICINE_FEE_LT_3M,AVG_MEDICINE_FEE_LT_6M,AVG_MEDICINE_FEE_YR_1,AVG_MEDICINE_FEE_YR_2,AVG_MEDICINE_FEE_YR_3,AVG_MEDICINE_FEE_YR_4,AVG_OTHER_FEE_LT_1M,AVG_OTHER_FEE_LT_3M,AVG_OTHER_FEE_LT_6M,AVG_OTHER_FEE_YR_1,AVG_OTHER_FEE_YR_2,AVG_OTHER_FEE_YR_3,AVG_OTHER_FEE_YR_4,AVG_ROOM_FEE_LT_1M,AVG_ROOM_FEE_LT_3M,AVG_ROOM_FEE_LT_6M,AVG_ROOM_FEE_YR_1,AVG_ROOM_FEE_YR_2,AVG_ROOM_FEE_YR_3,AVG_ROOM_FEE_YR_4,MAX_APPROVE_AMT_LT_1M,MAX_APPROVE_AMT_LT_3M,MAX_APPROVE_AMT_LT_6M,MAX_APPROVE_AMT_YR_1,MAX_APPROVE_AMT_YR_2,MAX_APPROVE_AMT_YR_3,MAX_APPROVE_AMT_YR_4,MAX_CLAIM_AMT_LT_1M,MAX_CLAIM_AMT_LT_3M,MAX_CLAIM_AMT_LT_6M,MAX_CLAIM_AMT_YR_1,MAX_CLAIM_AMT_YR_2,MAX_CLAIM_AMT_YR_3,MAX_CLAIM_AMT_YR_4,MAX_CONSULTATION_FEE_LT_1M,MAX_CONSULTATION_FEE_LT_3M,MAX_CONSULTATION_FEE_LT_6M,MAX_CONSULTATION_FEE_YR_1,MAX_CONSULTATION_FEE_YR_2,MAX_CONSULTATION_FEE_YR_3,MAX_CONSULTATION_FEE_YR_4,MAX_INV_FEE_LT_1M,MAX_INV_FEE_LT_3M,MAX_INV_FEE_LT_6M,MAX_INV_FEE_YR_1,MAX_INV_FEE_YR_2,MAX_INV_FEE_YR_3,MAX_INV_FEE_YR_4,MAX_MEDICINE_FEE_LT_1M,MAX_MEDICINE_FEE_LT_3M,MAX_MEDICINE_FEE_LT_6M,MAX_MEDICINE_FEE_YR_1,MAX_MEDICINE_FEE_YR_2,MAX_MEDICINE_FEE_YR_3,MAX_MEDICINE_FEE_YR_4,MAX_OTHER_FEE_LT_1M,MAX_OTHER_FEE_LT_3M,MAX_OTHER_FEE_LT_6M,MAX_OTHER_FEE_YR_1,MAX_OTHER_FEE_YR_2,MAX_OTHER_FEE_YR_3,MAX_OTHER_FEE_YR_4,MAX_ROOM_FEE_LT_1M,MAX_ROOM_FEE_LT_3M,MAX_ROOM_FEE_LT_6M,MAX_ROOM_FEE_YR_1,MAX_ROOM_FEE_YR_2,MAX_ROOM_FEE_YR_3,MAX_ROOM_FEE_YR_4,MIN_APPROVE_AMT_LT_1M,MIN_APPROVE_AMT_LT_3M,MIN_APPROVE_AMT_LT_6M,MIN_APPROVE_AMT_YR_1,MIN_APPROVE_AMT_YR_2,MIN_APPROVE_AMT_YR_3,MIN_APPROVE_AMT_YR_4,MIN_CLAIM_AMT_LT_1M,MIN_CLAIM_AMT_LT_3M,MIN_CLAIM_AMT_LT_6M,MIN_CLAIM_AMT_YR_1,MIN_CLAIM_AMT_YR_2,MIN_CLAIM_AMT_YR_3,MIN_CLAIM_AMT_YR_4,MIN_CONSULTATION_FEE_LT_1M,MIN_CONSULTATION_FEE_LT_3M,MIN_CONSULTATION_FEE_LT_6M,MIN_CONSULTATION_FEE_YR_1,MIN_CONSULTATION_FEE_YR_2,MIN_CONSULTATION_FEE_YR_3,MIN_CONSULTATION_FEE_YR_4,MIN_INV_FEE_LT_1M,MIN_INV_FEE_LT_3M,MIN_INV_FEE_LT_6M,MIN_INV_FEE_YR_1,MIN_INV_FEE_YR_2,MIN_INV_FEE_YR_3,MIN_INV_FEE_YR_4,MIN_MEDICINE_FEE_LT_1M,MIN_MEDICINE_FEE_LT_3M,MIN_MEDICINE_FEE_LT_6M,MIN_MEDICINE_FEE_YR_1,MIN_MEDICINE_FEE_YR_2,MIN_MEDICINE_FEE_YR_3,MIN_MEDICINE_FEE_YR_4,MIN_OTHER_FEE_LT_1M,MIN_OTHER_FEE_LT_3M,MIN_OTHER_FEE_LT_6M,MIN_OTHER_FEE_YR_1,MIN_OTHER_FEE_YR_2,MIN_OTHER_FEE_YR_3,MIN_OTHER_FEE_YR_4,MIN_ROOM_FEE_LT_1M,MIN_ROOM_FEE_LT_3M,MIN_ROOM_FEE_LT_6M,MIN_ROOM_FEE_YR_1,MIN_ROOM_FEE_YR_2,MIN_ROOM_FEE_YR_3,MIN_ROOM_FEE_YR_4,AVG_LENGTH_OF_STAY_LT_1M,AVG_LENGTH_OF_STAY_LT_3M,AVG_LENGTH_OF_STAY_LT_6M,AVG_LENGTH_OF_STAY_YR_1,AVG_LENGTH_OF_STAY_YR_2,AVG_LENGTH_OF_STAY_YR_3,AVG_LENGTH_OF_STAY_YR_4,HOSP_TOTAL_CLAIMS_LT_3M,HOSP_AGT_MAX_TOTAL_CLAIMS_LT_3M,HOSP_AGT_CLM_CONC_RT_LT_3M,HOSP_HIGH_AGT_TTL_CLM_CONC_FLG3M
Kari Medical Center,MHMC-35248,INS-HOSP-5573,TPA-HOSP-972,VBDNV8939L,68/19- Bansal Nagar,Kashyap Ganj,Giridih,Behind Mall,Coimbatore,Coimbatore,Tamil Nadu,India,655915,11.072678,76.95158,5746363707,hedwin@kalita.org,www.wagle.com,General Medicine,Orthopedics,Yes,Yes,No,Yes,Yes,14,Yes,No,No,No,No,Yes,No,2025-01-27,Passed,2028-03-08,Urban,No,No,0,13,6,0,2390914.98,5162825.97,15992174.52,2025-08-12,HOSP-0001,133,Private,Yes,0,No,0,2025-08-06,0.19710906701708278,4.0,13,28,41,270,126,0.0,0.0,0,0,2,22,6,0,4.0,11,25,36,230,114,0,840730.6100000001,4831936.93,22134277.89,29769432.18,185722253.72,78729098.83,0.0,4.0,12,22,29,191,92,0,0.0,1,6,12,79,34,0,E11.9,I10,E78.5,E66.9,N18.9,R53.83,I25.10,F32.9,I50.9,M54.5,177,177,131,121,113,106,99,99,97,81,127,Non-Network,0,0,0,0,597728.745,397140.4592307692,571149.09,514300.2819512195,504336.36503703706,500734.4061111111,0.0,21086311.56,136170818.56,63092535.17,0.0,210182.65250000003,371687.4561538461,790509.9246428572,726083.711707317,687860.198962963,624834.1176984127,0.0,39608.72,84685.13538461538,153726.9160714286,146815.31414634146,140654.11892592593,119491.18142857142,0.0,36552.825000000004,93301.40615384615,169148.3725,156543.39853658536,134471.20114814816,129748.13452380952,0.0,37142.3375,58789.39076923077,143921.55250000002,127235.7512195122,128722.56522222223,135717.81833333333,0.0,60069.2925,62133.04153846154,184793.6932142857,172401.07073170732,146624.27648148147,131156.9842063492,0.0,36809.4775,72778.4823076923,138919.39035714284,123088.17707317072,137388.03718518518,108719.99920634921,0.0,1333344.63,1333344.63,2600420.1,2600420.1,5067478.33,4984553.45,0.0,534098.18,969252.14,4593245.13,4593245.13,5885350.54,5047059.78,0.0,84470.01,225782.42,704280.89,704280.89,2574977.64,1206714.13,0.0,111632.96,339911.29,1038780.76,1038780.76,1266897.38,1164935.38,0.0,95354.19,143957.83,1028125.01,1028125.01,1178349.41,1538568.08,0.0,171089.67,233603.42,1051346.17,1051346.17,2069627.96,1085273.1,0.0,71551.35,209114.24,1132535.15,1132535.15,1113861.63,734605.98,0.0,88619.2,0.0,0.0,0.0,0.0,0.0,0.0,95627.26,83883.28,78232.69,78232.69,9746.56,17024.96,0.0,15687.53,15338.66,15338.66,10336.93,243.66,105.21,0.0,4363.81,4363.81,4174.4,4174.4,1972.55,582.81,0.0,14807.66,7453.76,2773.21,2773.21,358.44,403.51,0.0,12814.64,12814.64,9263.47,3286.41,147.1,96.47,0.0,17485.92,3216.57,42.01,42.01,893.94,255.5,0.0,7.0,5.230769230769231,5.107142857142857,5.780487804878049,5.529629629629629,5.341269841269841,0.0,13,2,0.15384615384615385,0
Rajagopal Medical Center,MHMC-86538,INS-HOSP-6948,TPA-HOSP-624,ABMUB6652W,942 Ganesh Nagar,Virk Marg,Pimpri-Chinchwad,0,Pune,Pune,Maharashtra,India,499933,18.535173,73.919946,918718696513,bajajtara@iyer-sodhi.com,www.sheth.com,Pediatrics,Oncology,Yes,Yes,Yes,Yes,Yes,13,No,No,No,Yes,No,No,Yes,2025-03-04,Passed,2026-09-18,Urban,No,No,0,15,7,0,0.0,7023746.36,17911275.37,2025-08-12,HOSP-0002,159,Private,Yes,0,No,0,2025-07-08,1.149802890932983,0.0,13,33,48,221,123,0.0,0.0,0,3,4,13,7,0,0.0,11,28,42,191,110,0,0.0,9594581.99,26553591.99,36980549.72,159533869.9,79709677.9,0.0,0.0,8,16,27,164,90,0,0.0,5,17,21,57,33,0,I10,E11.9,E66.9,I50.9,N18.9,R53.83,E78.5,I25.10,F32.9,G47.33,190,162,120,115,112,100,100,94,93,77,127,Network,0,0,0,0,0.0,540288.1815384616,542765.9203030303,551139.2379166667,548757.2077375565,503298.51495934965,0.0,26454683.42,121275342.91,61905717.34,0.0,0.0,738044.7684615385,804654.3027272727,770428.1191666666,721872.714479638,648046.161788618,0.0,0.0,195414.75230769234,195527.01303030303,183845.45020833332,157356.47990950226,134455.96707317073,0.0,0.0,116089.39615384614,163418.59484848485,167423.82020833335,153849.24122171948,107422.63325203252,0.0,0.0,160396.17307692306,154022.94666666668,140772.19875,146205.6518552036,125762.98796747967,0.0,0.0,148233.67615384614,163540.96030303033,163524.19041666665,130864.91719457014,140885.6880487805,0.0,0.0,117910.77076923077,128144.78787878787,114862.45958333334,133596.42429864252,139518.88544715446,0.0,0.0,2803184.95,2803184.95,2803184.95,6677689.44,4698717.94,0.0,0.0,3637347.31,3637347.31,3637347.31,6857928.64,6023907.27,0.0,0.0,906581.51,940890.12,940890.12,2195883.65,2538544.77,0.0,0.0,412981.04,565594.57,565594.57,1814867.77,644743.54,0.0,0.0,875996.04,875996.04,875996.04,1788578.26,674878.71,0.0,0.0,799252.0,799252.0,799252.0,1396168.86,1486474.31,0.0,0.0,642536.72,643420.99,643420.99,1731815.85,1927899.68,0.0,0.0,0.0,0.0,0.0,0.0,0.0,0.0,0.0,41113.3,21716.52,10457.65,7662.55,6651.89,0.0,0.0,847.68,502.45,502.45,196.06,1135.42,0.0,0.0,1341.75,1341.75,1341.75,253.58,222.56,0.0,0.0,10545.19,4700.51,1927.73,774.49,303.19,0.0,0.0,14396.83,1038.2,1038.2,751.83,222.56,0.0,0.0,519.35,519.35,519.35,89.38,619.84,0.0,0.0,5.615384615384615,5.515151515151516,5.416666666666667,5.733031674208145,5.715447154471545,0.0,13,1,0.07692307692307693,0
Majumdar Medical Center,MHMC-32348,INS-HOSP-8806,TPA-HOSP-576,QCKXZ9947Y,20 Rastogi Marg,Gour Nagar,Ambattur,Near Metro Station,Howrah,Howrah,West Bengal,India,715844,22.576465,88.285709,6799043784,kumarahana@chanda-kaur.com,www.choudhary-thaker.com,General Surgery,Cardiology,Yes,Yes,Yes,Yes,Yes,9,Yes,No,No,No,Yes,No,No,2024-12-11,Passed,2027-01-31,Urban,No,No,0,18,9,0,742597.42,5078201.99,15020687.73,2025-08-12,HOSP-0003,183,Government,Yes,0,No,0,2025-07-22,0.6898817345597897,2.0,10,34,52,228,134,0.0,0.0,0,2,3,17,9,0,2.0,10,28,43,187,109,0,441387.32,4303760.890000001,18884099.25,30245736.48,172377147.55,96484625.56,0.0,0.0,6,24,38,179,96,0,2.0,4,10,14,49,38,0,I10,E11.9,E78.5,E66.9,N18.9,I50.9,R53.83,F32.9,I25.10,G47.33,195,165,129,129,113,109,92,90,89,81,127,Non-Network,0,0,0,0,371298.71,507820.199,441784.9332352941,439848.46057692304,549628.004868421,498688.0314925373,0.0,22872119.95,125315185.11,66824196.22,0.0,220693.66,430376.08900000004,555414.6838235294,581648.7784615385,756040.1208333333,720034.5191044776,0.0,60974.34,102142.225,118614.67088235295,122675.20923076922,168429.42842105264,132476.31798507462,0.0,47406.46,56486.617999999995,85141.04,95636.36365384616,142478.14609649123,155787.5462686567,0.0,53693.565,122718.21299999999,131858.63029411764,125265.86961538461,159217.7088596491,161764.23865671642,0.0,14406.029999999999,99508.13200000001,111889.80500000001,122796.19019230768,150085.46850877194,138916.24858208955,0.0,44213.265,49520.901,107910.53764705882,115275.14576923077,135829.36894736844,131090.1676119403,0.0,488368.33,1267223.29,1440594.17,1440594.17,4396587.1,5009684.77,0.0,322265.07,1465296.81,1573815.0,1573815.0,4794523.94,5751030.32,0.0,82901.26,354548.32,389626.33,414011.82,1508818.18,884090.31,0.0,62012.57,113797.56,445529.14,515750.33,1214795.65,1634762.41,0.0,73056.69,494078.89,512128.18,512128.18,1506329.43,1495295.57,0.0,22123.3,561396.6,561396.6,561396.6,1631523.44,1761477.99,0.0,82171.25,111475.59,436908.12,470618.77,1106309.68,1067481.21,0.0,254229.09,18222.89,0.0,0.0,0.0,0.0,0.0,119122.25,21753.8,21753.8,21753.8,6062.15,11006.59,0.0,39047.42,5616.51,4510.67,4182.08,717.98,328.24,0.0,32800.35,29.9,29.9,29.9,61.32,42.41,0.0,34330.44,5110.15,5110.15,4768.61,233.29,1591.67,0.0,6688.76,5962.82,5962.82,429.31,144.94,67.77,0.0,6255.28,5034.42,5034.42,590.59,147.2,447.92,0.0,5.5,5.4,5.294117647058823,5.230769230769231,5.399122807017544,5.425373134328358,0.0,10,4,0.4,1
Kashyap Medical Center,MHMC-21599,INS-HOSP-6115,TPA-HOSP-741,XWVKU2125F,92/88- Sanghvi Ganj,Kohli Nagar,Aizawl,Near Metro Station,Howrah,Howrah,West Bengal,India,764762,22.557671,88.336837,8895523487,ravishayak@varty.com,www.dani.com,Orthopedics,General Medicine,No,Yes,Yes,Yes,Yes,8,Yes,No,No,Yes,No,Yes,Yes,2024-12-30,Passed,2028-01-03,Urban,No,No,0,16,8,0,0.0,2188987.02,9018068.18,2025-08-12,HOSP-0004,165,Charitable,Yes,0,No,0,2025-07-09,1.1169513797634691,0.0,6,27,46,243,141,0.0,0.0,0,1,1,15,15,0,0.0,5,24,41,204,116,0,0.0,2654637.21,12110138.67,29263664.05,163099333.08,123686077.18,0.0,0.0,4,20,35,176,108,0,0.0,2,7,11,67,33,0,I10,E11.9,E66.9,I25.10,E78.5,F32.9,R53.83,I50.9,N18.9,G47.33,169,157,119,119,117,114,104,104,99,87,127,Network,0,0,0,0,0.0,364831.17,334002.5251851852,516424.5008695652,470797.7299176955,590115.4660992908,0.0,23755527.04,114403848.37,83206280.72,0.0,0.0,442439.535,448523.65444444446,636166.6097826087,671190.6711111112,877206.2211347518,0.0,0.0,33057.098333333335,69713.23925925925,123232.26043478261,137840.3912345679,202851.5090780142,0.0,0.0,78685.15333333334,80815.82666666666,158528.50913043477,143885.25448559673,185928.10028368793,0.0,0.0,88534.40333333334,112246.89518518519,117516.44239130434,127042.72802469136,162250.05581560286,0.0,0.0,140184.78833333336,89245.78222222223,116241.34956521739,140517.8297942387,153392.46943262412,0.0,0.0,101978.09166666667,96501.91111111111,120648.04826086956,121904.46757201647,172784.0865248227,0.0,0.0,1103361.8,1287295.58,4036754.94,5388738.29,5079158.52,0.0,0.0,1171308.69,1434451.46,4304268.69,6683554.53,6654601.73,0.0,0.0,89784.6,224247.44,1672037.95,2049008.74,3082503.65,0.0,0.0,163218.0,240242.98,1772883.11,2505278.9,2150932.92,0.0,0.0,264887.51,625977.04,628727.25,1615520.93,1147755.68,0.0,0.0,463810.21,463810.21,575530.21,2154850.49,1220408.32,0.0,0.0,281375.61,516482.12,629633.05,1444057.24,1360822.27,0.0,0.0,0.0,0.0,0.0,0.0,0.0,0.0,0.0,10135.6,10135.6,10135.6,7001.0,16832.79,0.0,0.0,2499.28,2499.28,2499.28,15.7,772.82,0.0,0.0,987.84,987.84,987.84,233.11,27.6,0.0,0.0,2241.98,2241.98,657.58,59.53,859.44,0.0,0.0,2640.36,2640.36,1094.69,357.36,856.65,0.0,0.0,1766.14,1441.31,451.74,303.58,0.36,0.0,0.0,4.0,5.814814814814815,5.456521739130435,5.6460905349794235,5.822695035460993,0.0,6,1,0.16666666666666666,0
Subramanian Medical Center,MHMC-21420,INS-HOSP-8682,TPA-HOSP-747,XMBQP9528G,H.No. 78 Chaudhry Marg,Virk Path,Mahbubnagar,Behind Mall,Mysore,Mysore,Karnataka,India,570206,12.362306,76.60889,912723743407,madhupdass@kata.biz,www.khare.com,Oncology,Pediatrics,No,Yes,Yes,Yes,Yes,2,Yes,No,Yes,No,No,Yes,Yes,2024-09-13,Passed,2027-08-09,Rural,No,No,0,96,48,0,2004961.1,5361916.18,17493364.74,2025-08-12,HOSP-0005,963,Private,Yes,0,No,0,2025-08-05,0.22996057818659657,3.0,11,35,55,244,122,0.0,0.0,0,1,2,20,8,0,3.0,11,32,50,214,108,0,544155.65,3698392.56,20075228.37,39794014.85,175496246.61,88657487.64,0.0,1.0,9,27,45,169,96,0,2.0,2,8,10,75,26,0,E11.9,I10,E66.9,I50.9,E78.5,N18.9,F32.9,R53.83,I25.10,I73.9,175,171,126,117,113,112,106,101,86,81,127,Non-Network,0,0,0,0,668320.3666666667,487446.9254545454,499810.4211428571,617819.3976363636,545415.9140163935,544229.9985245902,0.0,33980066.87,133081483.02,66396059.82,0.0,181385.21666666667,336217.50545454543,573577.9534285715,723527.5427272727,719246.9123360657,726700.7183606557,0.0,29608.97,43304.269090909096,95831.96542857144,117794.29872727272,151875.2274590164,143258.87385245902,0.0,73506.59,74287.05545454545,110324.11914285715,150211.5672727273,139623.14241803277,134783.06385245902,0.0,24337.556666666667,43198.71363636364,115440.70885714286,149684.048,138709.40766393443,158394.06778688525,0.0,22153.763333333332,109906.09636363634,138107.50828571428,161782.01599999997,147528.01766393444,152216.19983606556,0.0,31778.33666666667,65521.3709090909,113873.65171428572,144055.61272727273,141511.11713114753,138048.5130327869,0.0,1749168.58,1749168.58,1749168.58,6255490.88,7037538.02,5594871.25,0.0,238517.02,970700.18,1588046.02,7005646.76,7482358.14,6385726.73,0.0,47319.87,126715.61,301720.51,823036.46,3372153.89,1359790.93,0.0,156520.61,198994.15,399653.23,1383432.04,1713105.21,1352651.46,0.0,34798.91,136346.69,519315.71,1637099.69,2528091.67,2204839.45,0.0,43140.02,636964.95,636964.95,1206417.7,2382538.81,2713332.67,0.0,58654.66,190829.06,478110.11,1955660.87,2281774.45,1070262.68,0.0,107819.78,107819.78,0.0,0.0,0.0,0.0,0.0,140356.18,140356.18,5081.22,5081.22,6477.6,14908.92,0.0,1839.03,1839.03,81.28,81.28,180.3,232.7,0.0,10139.04,10139.04,1201.92,911.8,17.73,31.19,0.0,6024.95,537.54,537.54,537.54,340.52,40.1,0.0,7191.54,7191.54,649.93,649.93,693.73,1718.74,0.0,15220.3,6597.4,1322.59,1322.59,108.77,827.02,0.0,6.333333333333333,6.363636363636363,6.0285714285714285,6.2,5.602459016393443,5.614754098360656,0.0,11,3,0.2727272727272727,1
Subramanian Care,MHMC-34610,INS-HOSP-7378,TPA-HOSP-889,XYXCY8975O,H.No. 38- Dua,Lata Road,Chapra,Behind Mall,Coimbatore,Coimbatore,Tamil Nadu,India,699000,10.968301,77.067989,4725810124,indransreddy@sarkar.biz,www.subramaniam.com,Orthopedics,General Medicine,Yes,Yes,Yes,Yes,Yes,17,Yes,No,No,No,No,No,No,2025-04-02,Passed,2028-04-26,Urban,No,No,0,81,40,0,188159.4,5515854.53,10626488.96,2025-08-12,HOSP-0006,814,Private,Yes,0,No,0,2025-07-31,0.39421813403416556,1.0,10,32,52,209,130,0.0,0.0,1,4,5,17,11,0,1.0,9,24,40,177,114,0,200276.38,6678237.51,18561649.02,31030898.81,146918540.51,91697043.62,0.0,1.0,8,23,36,163,106,0,0.0,2,9,16,46,24,0,I10,E11.9,E66.9,E78.5,I50.9,N18.9,F32.9,R53.83,I25.10,G47.33,165,158,115,109,97,97,90,87,83,67,127,Network,0,0,0,0,188159.4,551585.453,332077.78,381846.53615384613,471391.2264114832,531843.9886153846,0.0,19856019.88,98520766.32,69139718.52,0.0,200276.38,667823.7509999999,580051.531875,596748.0540384615,702959.5239712918,705361.8740000001,0.0,151.39,167898.55800000002,139565.584375,129375.145,139028.85157894736,134006.39807692307,0.0,74991.68,83481.159,91627.30687500001,112579.06826923076,138422.46272727274,130996.11561538462,0.0,71142.4,105235.975,116497.3228125,96804.73192307694,156305.09014354067,145870.38684615385,0.0,15910.17,169975.072,130360.739375,142082.99038461538,138190.23622009568,144018.1536153846,0.0,38080.74,141232.98700000002,102000.57843750001,115906.11846153847,131012.8833014354,150470.81984615387,0.0,188159.4,2136133.97,2136133.97,3467439.95,6409910.26,5459341.4,0.0,200276.38,3019173.31,3019173.31,3808814.63,7087634.56,5602013.45,0.0,151.39,1037736.66,1037736.66,1037736.66,1544661.24,1629798.64,0.0,74991.68,236215.64,494658.28,1077352.84,1316377.79,1434222.49,0.0,71142.4,472934.08,628718.46,628718.46,2316724.32,2004367.19,0.0,15910.17,1074409.81,1074409.81,1107247.92,1942739.96,1496675.87,0.0,38080.74,705565.66,705565.66,807937.71,1316429.28,1388491.85,0.0,188159.4,0.0,0.0,0.0,0.0,0.0,0.0,200276.38,23246.66,23246.66,23246.66,9606.4,8647.33,0.0,151.39,151.39,151.39,151.39,169.54,261.88,0.0,74991.68,2839.33,680.67,680.67,581.45,1748.35,0.0,71142.4,314.2,314.2,314.2,674.05,209.91,0.0,15910.17,2965.01,1828.5,1405.12,482.44,1197.74,0.0,38080.74,5016.13,1584.37,1584.37,384.07,191.07,0.0,5.0,5.1,4.8125,4.6923076923076925,5.282296650717703,5.1923076923076925,0.0,10,2,0.2,0
Sachdeva Hospital,MHMC-51821,INS-HOSP-8695,TPA-HOSP-401,PBLMB4223W,H.No. 77 Sheth Chowk,Deo,Aurangabad,Opposite Park,Bangalore,Bangalore,Karnataka,India,577588,13.09072,77.506552,5874707843,sabharwalkrish@jayaraman-edwin.biz,www.raval.com,Neurology,Oncology,Yes,Yes,Yes,Yes,Yes,7,No,No,Yes,Yes,No,No,Yes,2025-07-11,Passed,2028-03-31,Urban,No,No,0,19,9,0,41846677.17,43487372.6,64571263.0,2025-08-12,HOSP-0007,195,Government,Yes,0,No,0,2025-08-11,0.0328515111695138,87.0,95,122,131,223,130,0.0,0.0,1,2,2,13,13,0,87.0,93,118,127,195,105,0,21477421.71,27431237.080000002,52646182.56,58037155.02,148290317.21,83297554.16,0.0,22.0,26,46,55,171,102,0,65.0,69,76,76,52,28,0,I10,E11.9,E66.9,I50.9,N18.9,E78.5,F32.9,I25.10,R53.83,G47.33,198,191,137,122,122,116,115,113,97,87,127,Network,0,0,0,0,480996.28931034484,457761.8168421053,529272.6475409836,531048.6678625954,500434.4474439462,418173.7822307692,0.0,69567375.49,111596881.78,54362591.69,0.0,246866.91620689657,288749.864,431526.0865573771,443031.7177099237,664979.000941704,640750.4166153846,0.0,47715.7559770115,50019.29957894737,88031.93196721311,92685.03877862595,136142.312735426,139272.25992307693,0.0,50950.87172413793,62998.049473684216,93247.10942622951,99182.1541221374,134738.02322869955,117001.29646153846,0.0,44824.76413793104,51051.33389473684,66724.78368852459,67332.24816793893,144587.03085201792,121362.03084615385,0.0,58272.12620689656,68565.04305263158,92298.65983606558,92265.06175572518,114571.81278026906,132856.02776923077,0.0,45103.39816091954,56116.138000000006,91223.60163934427,91567.21488549619,134939.82134529148,130258.80161538463,0.0,5415195.48,5415195.48,6263257.65,6263257.65,5303372.5,4030755.23,0.0,1712588.29,3405165.17,6498534.45,6498534.45,5502717.79,5528567.11,0.0,353933.75,353933.75,1555818.04,1555818.04,1670251.26,1737557.1,0.0,309943.26,1045481.68,1825453.88,1825453.88,2101588.87,730675.54,0.0,165533.72,222999.71,795557.98,795557.98,1532191.7,1130085.67,0.0,654329.14,1058208.43,1167626.3,1167626.3,1170719.95,1524980.61,0.0,306398.03,885756.44,2050367.71,2050367.71,1252005.19,1236789.96,0.0,0.0,0.0,0.0,0.0,0.0,0.0,0.0,52259.29,52259.29,33768.4,10807.47,6242.37,16698.13,0.0,1342.06,1342.06,1342.06,1342.06,327.45,36.93,0.0,1252.02,1252.02,1252.02,244.5,108.6,629.47,0.0,167.63,167.63,167.63,167.63,145.92,787.08,0.0,1170.95,1170.95,1170.95,1170.95,1496.02,352.93,0.0,1817.51,1817.51,1817.51,1817.51,135.62,391.24,0.0,5.264367816091954,5.28421052631579,5.442622950819672,5.458015267175573,5.36322869955157,5.930769230769231,0.0,95,86,0.9052631578947369,1
Iyer Care,MHMC-42292,INS-HOSP-2112,TPA-HOSP-962,TNNCX7509C,64/25 Ranganathan Marg,Kakar Chowk,Mysore,Near Metro Station,Kolkata,Kolkata,West Bengal,India,784859,22.640791,88.337049,8686489843,odora@raja.com,www.chadha-varkey.com,Oncology,Pediatrics,Yes,No,Yes,Yes,Yes,14,Yes,Yes,Yes,No,Yes,Yes,Yes,2025-04-23,Failed,2027-12-29,Urban,No,No,0,73,36,0,318628.46,3770404.81,12707737.34,2025-08-12,HOSP-0008,739,Private,Yes,0,No,0,2025-07-23,0.657030223390276,2.0,9,26,43,217,121,0.0,0.0,0,1,2,16,6,0,2.0,8,23,38,181,107,0,470779.43,5507748.41,18288489.57,28908924.15,127047274.51,67636978.61,0.0,0.0,7,20,32,168,85,0,2.0,2,6,11,49,36,0,I10,E11.9,E78.5,E66.9,N18.9,I25.10,I50.9,R53.83,F32.9,G47.33,165,162,110,105,95,91,86,86,83,73,127,Network,0,0,0,0,159314.23,418933.8677777778,488759.12846153846,482721.61511627905,392710.2918894009,429694.29719008267,0.0,20757029.45,85218133.34,51993009.96,0.0,235389.715,611972.0455555556,703403.4450000001,672300.561627907,585471.3111059908,558983.2942975207,0.0,33117.925,105221.90777777779,100521.44,119449.47255813955,113558.27331797234,116015.73355371901,0.0,65985.29,120069.23777777777,162094.37730769228,151962.54255813954,125301.21520737327,115482.33347107438,0.0,89039.83,115332.29555555555,141212.11346153848,125928.64000000001,120091.53884792626,106274.52305785124,0.0,10322.615,157843.61777777778,165550.6926923077,134705.8381395349,111972.5611059908,106510.80471074379,0.0,36924.055,113504.98666666666,134024.82153846155,140254.06837209302,114547.72262672811,114699.89950413223,0.0,318628.46,1034638.11,1285324.64,2194255.26,2976799.0,3407735.88,0.0,351669.51,1171813.53,1499487.21,2324394.6,4148033.92,3964935.55,0.0,34721.26,446899.76,446899.76,792669.71,1056147.71,1157990.5,0.0,94028.9,284864.66,431805.7,431805.7,866612.5,1598109.83,0.0,143762.82,339112.48,506761.89,506761.89,1134035.77,761178.01,0.0,14353.87,513585.36,513585.36,513585.36,904158.0,937449.87,0.0,68009.33,355249.55,546600.84,579857.58,838236.07,1047075.2,0.0,0.0,0.0,0.0,0.0,0.0,0.0,0.0,119109.92,80720.71,7958.11,7958.11,9124.3,9908.53,0.0,31514.59,3806.37,722.25,722.25,63.5,413.84,0.0,37941.68,22111.77,1853.33,1853.33,28.92,833.47,0.0,34316.84,3379.6,179.7,179.7,474.67,1182.23,0.0,6291.36,6291.36,1503.98,1503.98,15.82,9.73,0.0,5838.78,5838.78,1098.49,1098.49,18.3,1118.82,0.0,5.5,6.333333333333333,6.0,5.395348837209302,5.576036866359447,5.12396694214876,0.0,9,2,0.2222222222222222,1
Shere Hospital,MHMC-37123,INS-HOSP-6791,TPA-HOSP-930,JWJUX7196R,61- Tiwari Road,Verma Path,Phagwara,0,Nagpur,Nagpur,Maharashtra,India,408768,21.148542,79.033211,5987588719,ykade@kohli.com,www.sharma.com,Pediatrics,General Medicine,No,Yes,Yes,Yes,Yes,9,Yes,Yes,No,Yes,No,Yes,No,2025-07-10,Passed,2028-04-21,Urban,No,No,0,38,19,0,2466236.1399999997,8056367.67,18769260.62,2025-08-12,HOSP-0009,380,Private,Yes,0,No,0,2025-07-28,0.49277266754270693,5.0,12,30,47,230,118,0.0,0.0,0,1,1,20,8,0,5.0,12,28,45,198,99,0,3077431.2,6492455.47,21296492.25,34177057.63,152004493.77,78041735.0,0.0,4.0,7,21,33,185,91,0,1.0,5,9,14,45,27,0,I10,E11.9,E66.9,E78.5,N18.9,F32.9,I50.9,I25.10,R53.83,M54.5,160,147,129,100,95,93,82,81,79,68,127,Non-Network,0,0,0,0,493247.22799999994,671363.9725,625642.0206666667,630576.37,497196.44008695654,428383.7077966102,0.0,29637089.39,114355181.22,50549277.52,0.0,615486.24,541037.9558333333,709883.075,727171.4389361703,660889.1033478262,661370.6355932204,0.0,147462.978,121021.23916666665,111309.99433333334,110613.1219148936,140259.02686956522,135418.82898305086,0.0,87673.818,106342.91333333333,103580.67433333333,122550.58276595744,113565.65652173913,135947.43915254239,0.0,113141.024,102310.435,202876.7883333333,193059.15170212768,134145.93469565216,115134.72686440678,0.0,110609.60800000001,101208.08333333333,138362.145,136783.83425531915,142657.7354347826,113636.39771186441,0.0,156598.812,110155.28499999999,153753.47300000003,164164.74829787234,130260.74982608696,161233.24288135592,0.0,992650.7,2910789.66,4716589.21,4716589.21,4101490.6,4934092.49,0.0,1003650.29,1003650.29,5848972.76,5848972.76,4686860.33,6352214.71,0.0,333814.01,333814.01,364237.72,364237.72,1515428.84,1643591.48,0.0,205262.05,379097.76,379097.76,814332.72,949445.07,1997648.66,0.0,328069.18,328069.18,3001532.19,3001532.19,1502756.88,1063805.28,0.0,167218.24,291487.82,825191.75,825191.75,1276694.08,889281.29,0.0,274062.39,274062.39,1610772.26,1610772.26,1529019.75,2296437.99,0.0,0.0,0.0,0.0,0.0,0.0,0.0,0.0,232034.22,67206.14,22180.14,22180.14,6856.05,12055.67,0.0,20564.84,11650.45,889.52,889.52,770.67,35.31,0.0,24905.88,13645.79,1258.95,1258.95,72.21,44.61,0.0,1257.29,1257.29,1257.29,272.73,374.53,462.38,0.0,50230.01,333.43,115.97,115.97,130.17,38.33,0.0,65192.2,9261.39,239.96,239.96,345.26,500.0,0.0,4.2,6.166666666666667,5.2,5.617021276595745,5.3652173913043475,4.97457627118644,0.0,12,2,0.16666666666666666,0
Bal Medical Center,MHMC-58230,INS-HOSP-7683,TPA-HOSP-659,FIKTZ4683A,H.No. 08 Ram Path,Bakshi Zila,Bangalore,Opposite Park,New Delhi,New Delhi,Delhi,India,110064,28.501887,77.186915,5021020084,aarna68@behl.com,www.saxena.com,Neurology,Oncology,No,Yes,Yes,Yes,Yes,6,No,No,Yes,No,No,No,Yes,2024-11-01,Passed,2028-03-01,Urban,No,No,0,69,34,0,0.0,1878987.77,11244032.370000001,2025-08-12,HOSP-0010,695,Government,Yes,0,No,0,2025-07-07,1.1826544021024967,0.0,8,33,55,234,97,0.0,0.0,0,0,3,17,6,0,0.0,8,31,47,201,84,0,0.0,2249977.34,13842284.89,23571668.71,151258722.98,58360200.99,0.0,0.0,8,24,39,179,83,0,0.0,0,9,16,55,14,0,I10,E11.9,E66.9,N18.9,I25.10,I50.9,E78.5,R53.83,F32.9,M54.5,171,159,122,118,111,108,107,106,102,74,127,Non-Network,0,0,0,0,0.0,234873.47125,340728.25363636366,283785.7018181818,484779.9395299145,472683.3497938144,0.0,15608213.6,113438505.85,45850284.93,0.0,0.0,281247.1675,419463.1784848485,428575.79472727276,646404.799059829,601651.5565979382,0.0,0.0,50750.52125,66678.94242424243,70073.366,120123.36444444445,131739.8269072165,0.0,0.0,79451.08875,113771.90575757576,112337.41345454546,135673.62452991452,97784.94546391754,0.0,0.0,48018.04,82012.53757575758,84609.33818181818,138102.73602564103,133292.39896907215,0.0,0.0,85722.41875000001,88160.05363636363,84648.54072727273,128062.42636752136,126583.83216494846,0.0,0.0,17305.09875,68839.73909090909,76907.13636363637,124442.64769230768,112250.5530927835,0.0,0.0,447321.72,1328230.8,1328230.8,6704026.2,2926807.22,0.0,0.0,539104.47,1680618.49,1762245.81,6713167.22,3477993.83,0.0,0.0,135845.05,360402.2,360402.2,1418061.46,1139054.31,0.0,0.0,178442.76,619584.43,619584.43,1696004.86,645415.0,0.0,0.0,183010.66,457185.37,457185.37,1808114.76,1306545.08,0.0,0.0,220043.92,355838.48,509227.01,1914169.69,533409.6,0.0,0.0,45568.21,385185.71,396205.15,1193752.44,529021.7,0.0,0.0,0.0,0.0,0.0,0.0,0.0,0.0,0.0,53344.99,11547.04,11547.04,8222.32,6926.27,0.0,0.0,11629.67,1000.62,1000.62,259.84,110.09,0.0,0.0,7217.42,985.86,617.82,408.08,159.6,0.0,0.0,2476.91,282.63,282.63,573.8,1663.82,0.0,0.0,9602.96,541.59,285.03,14.79,614.97,0.0,0.0,413.61,413.61,304.89,663.2,630.43,0.0,0.0,4.875,5.363636363636363,5.836363636363636,5.346153846153846,5.628865979381444,0.0,8,2,0.25,1
Banik Care,MHMC-71315,INS-HOSP-6074,TPA-HOSP-926,ZFDUQ4212I,H.No. 107 Comar Chowk,Bassi Marg,Secunderabad,Opposite Park,New Delhi,New Delhi,Delhi,India,110054,28.665668,77.132988,6026307865,qkala@deol.biz,www.mani.com,General Surgery,Neurology,Yes,Yes,Yes,Yes,Yes,7,No,Yes,No,No,No,No,No,2024-09-18,Passed,2028-05-27,Urban,No,No,0,56,28,0,1945237.37,7598275.28,23657460.400000002,2025-08-12,HOSP-0011,565,Private,Yes,0,No,0,2025-08-04,0.2628120893561104,7.0,13,51,74,231,116,0.0,0.0,0,0,0,16,7,0,7.0,13,48,70,203,95,0,931287.79,7321060.739999999,27444789.439999998,39266804.75,141548034.75,77207093.58,0.0,6.0,11,45,64,168,93,0,1.0,2,6,10,63,23,0,I10,E11.9,E66.9,E78.5,N18.9,F32.9,I50.9,R53.83,I25.10,F17.210,181,162,126,112,109,97,96,92,88,77,127,Network,0,0,0,0,277891.0528571429,584482.7138461538,463871.77254901966,451133.6671621622,465137.4402164502,479126.80905172415,0.0,33383891.37,107446748.69,55578709.85,0.0,133041.11285714287,563158.5184615384,538133.1262745097,530632.4966216217,612762.0551948051,665578.3929310344,0.0,27945.359999999997,69558.76384615384,98403.06450980392,96675.90972972973,135778.3185281385,128586.88232758621,0.0,25110.68,86272.10384615386,113398.84352941178,110121.45162162161,123459.27372294372,130597.53887931035,0.0,46018.44285714285,69640.0,94360.5719607843,95802.85108108108,119281.68,130894.4075,0.0,18906.175714285713,143935.15230769233,110445.18647058823,103262.8677027027,113385.8167099567,141603.09,0.0,15060.454285714286,193752.49846153846,121525.45980392158,124769.41648648649,120856.96623376623,133896.47422413793,0.0,818443.8,4100475.95,4100475.95,4100475.95,4475534.34,3799632.47,0.0,350865.55,5090601.02,5090601.02,5090601.02,5120924.53,4361064.84,0.0,97120.15,323152.32,544262.13,544262.13,1253993.71,1332556.25,0.0,48748.72,755301.55,755301.55,755301.55,1829038.03,1012717.77,0.0,135424.48,348329.86,408722.4,408722.4,1217973.94,1048000.76,0.0,35134.07,1506844.77,1506844.77,1506844.77,1609665.1,2028168.01,0.0,34632.17,2156972.52,2156972.52,2156972.52,823675.35,1059093.48,0.0,0.0,0.0,0.0,0.0,0.0,0.0,0.0,27167.43,23268.1,23268.1,23268.1,8915.25,10267.87,0.0,4334.22,2994.05,1192.94,1192.94,11.94,482.0,0.0,6997.02,362.88,362.88,362.88,41.95,1062.01,0.0,3054.97,3054.97,876.45,876.45,13.44,2482.82,0.0,3899.82,3899.82,1046.72,1046.72,242.56,1507.15,0.0,774.88,774.88,492.79,492.79,324.89,241.01,0.0,5.571428571428571,5.384615384615385,5.607843137254902,5.905405405405405,5.415584415584416,5.879310344827586,0.0,13,2,0.15384615384615385,0
D’Alia Medical Center,MHMC-56058,INS-HOSP-5196,TPA-HOSP-968,VDMLF0624S,38/499 Srivastava Marg,Kaur Nagar,Chittoor,Near Metro Station,Mumbai,Mumbai,Maharashtra,India,452223,18.926519,72.974631,2071137665,varmareyansh@wadhwa-iyer.com,www.karpe-ganesh.com,General Medicine,Orthopedics,Yes,Yes,Yes,Yes,Yes,3,Yes,Yes,No,No,Yes,Yes,Yes,2024-10-18,Passed,2026-02-28,Urban,No,No,0,53,26,0,1112699.25,8548645.62,15004471.17,2025-08-12,HOSP-0012,533,Private,Yes,0,No,0,2025-08-05,0.22996057818659657,2.0,14,36,51,230,109,0.0,0.0,1,3,4,15,9,0,2.0,13,29,43,196,95,0,354587.86,10136297.72,20753861.84,30642821.68,136822663.85,82833308.07,0.0,2.0,11,24,38,174,77,0,0.0,3,12,13,56,32,0,E11.9,I10,E66.9,E78.5,I25.10,F32.9,I50.9,N18.9,R53.83,D64.9,172,166,133,109,101,91,91,84,83,68,127,Network,0,0,0,0,556349.625,610617.5442857143,416790.86583333334,429066.291372549,415578.0925652174,597262.091559633,0.0,21882380.86,95582961.29,65101567.980000004,0.0,177293.93,724021.2657142858,576496.1622222222,600839.6407843137,594881.147173913,759938.6061467889,0.0,20693.745,175766.92785714287,125094.56555555557,126120.89392156863,118411.77943478261,154141.9147706422,0.0,29263.739999999998,145960.26928571428,111705.34555555556,119941.17607843137,105696.67234782608,160769.3524770642,0.0,60210.785,140428.10285714286,96601.98611111111,111909.65019607844,123267.66004347826,135874.71302752293,0.0,26061.864999999998,124977.17714285714,117971.32666666666,116742.9131372549,112433.1532173913,153144.46064220186,0.0,41063.795,136888.78857142857,125122.93833333334,126125.0074509804,135071.8821304348,156008.1652293578,0.0,836359.17,1689289.9,1689289.9,2490300.19,4726193.43,5376055.19,0.0,249356.93,1869013.87,1869013.87,3427670.59,5738890.53,6812065.1,0.0,40597.71,616365.63,616365.63,714822.41,1402397.14,2405491.65,0.0,31478.05,467489.36,506870.35,922380.76,990149.35,1812059.64,0.0,61826.49,408456.69,408456.69,655963.44,1226813.47,1247544.84,0.0,42059.78,544337.98,551015.91,874632.25,1035575.54,1087466.62,0.0,81054.93,395247.37,539157.19,539157.19,3074782.35,1251861.64,0.0,276340.08,0.0,0.0,0.0,0.0,0.0,0.0,105230.93,61614.27,61614.27,46581.62,5219.04,5276.19,0.0,789.78,789.78,789.78,789.78,6.01,268.83,0.0,27049.43,13242.96,89.93,89.93,97.66,9.1,0.0,58595.08,4093.63,4093.63,4093.63,177.37,1363.99,0.0,10063.95,4451.0,2983.4,1592.07,42.44,201.89,0.0,1072.66,1072.66,344.46,344.46,55.93,943.53,0.0,4.0,6.214285714285714,6.0,5.627450980392157,5.539130434782609,5.165137614678899,0.0,14,2,0.14285714285714285,0
Joshi Care,MHMC-89904,INS-HOSP-6962,TPA-HOSP-875,MJSNP2694R,89 Korpal Ganj,Desai Road,Proddatur,Opposite Park,Coimbatore,Coimbatore,Tamil Nadu,India,666628,11.030491,77.013209,7993524640,dhanuksethi@bose-basak.info,www.acharya.biz,General Surgery,General Medicine,Yes,Yes,No,Yes,Yes,7,No,Yes,Yes,No,No,Yes,Yes,2025-05-10,Pending,2028-04-17,Rural,No,No,0,64,32,2023-09-19,2826842.82,3674236.3099999996,17005334.92,2025-08-12,HOSP-0013,643,Private,Yes,0,Yes,0,2025-08-03,0.2956636005256242,2.0,4,32,48,214,111,0.0,0.0,0,2,2,27,7,0,2.0,4,29,44,172,90,0,183665.11,1243217.79,18296976.330000002,32098372.22,128070469.36,65643716.99,0.0,2.0,4,27,39,159,77,0,0.0,0,5,9,55,34,0,I10,E11.9,E66.9,E78.5,N18.9,I25.10,I50.9,F32.9,R53.83,G47.33,160,144,119,98,97,91,90,83,76,70,127,Non-Network,0,0,0,0,1413421.41,918559.0774999999,531416.71625,578891.088125,392204.64373831777,387876.353963964,0.0,27786772.23,83931793.76,43054275.29,0.0,91832.555,310804.4475,571780.5103125001,668716.0879166666,598460.1371962617,591384.8377477478,0.0,6407.844999999999,49316.0575,122731.120625,146927.98416666666,124302.28771028038,132920.32153153152,0.0,8978.175,30574.6975,106831.2753125,142204.92854166668,117690.71785046729,106013.2290990991,0.0,18114.525,70607.0125,141337.9203125,161811.478125,130171.36635514018,112155.0427027027,0.0,39257.885,84864.85,88893.28125,94705.19854166667,104210.37088785047,119483.84324324325,0.0,19074.125,75441.83,111986.9128125,123066.49854166666,122085.39439252336,120812.40117117116,0.0,2752589.09,2752589.09,2752589.09,3078054.15,3835888.18,2337862.25,0.0,96821.68,734969.18,1451110.81,3735093.3,5074073.35,3193364.85,0.0,7085.23,112334.55,393682.29,1305620.09,1837409.51,1326781.87,0.0,16013.08,74163.67,447352.79,1059694.85,1323910.98,880000.64,0.0,19773.9,212527.72,484108.92,774561.47,1554966.53,944789.92,0.0,55979.43,179688.52,390343.8,390343.8,571118.5,1122218.28,0.0,36086.65,200239.62,416214.61,533792.58,1841090.31,1002556.17,0.0,74253.73,74253.73,0.0,0.0,0.0,0.0,0.0,86843.43,86843.43,43222.2,43222.2,5581.22,31511.53,0.0,5730.46,5730.46,507.91,507.91,65.84,1089.92,0.0,1943.27,1943.27,1943.27,1875.05,39.68,1036.1,0.0,16455.15,16455.15,112.55,112.55,2.61,468.62,0.0,22536.34,22536.34,5068.41,2269.64,130.49,964.0,0.0,2061.6,2061.6,2061.6,2061.6,570.06,1929.62,0.0,6.5,7.0,5.75,5.583333333333333,5.289719626168225,5.315315315315315,0.0,4,1,0.25,1
Upadhyay Care,MHMC-48266,INS-HOSP-1916,TPA-HOSP-146,JNLDJ7689E,H.No. 59- Dube,Bala,Bongaigaon,Near Metro Station,Pune,Pune,Maharashtra,India,492237,18.465565,73.914298,9588078214,idugar@bhalla.com,www.bakshi.net,Cardiology,Neurology,Yes,Yes,Yes,Yes,Yes,3,Yes,No,Yes,No,No,No,Yes,2025-05-16,Pending,2026-03-17,Rural,No,No,0,90,45,0,1038221.38,4924668.52,11646145.62,2025-08-12,HOSP-0014,907,Private,Yes,0,No,0,2025-07-30,0.42706964520367935,2.0,10,30,47,244,113,0.0,0.0,0,1,3,16,12,0,2.0,8,25,38,208,85,0,1111832.09,7393840.93,16905086.77,24589991.56,149534943.21,76319219.63,0.0,1.0,8,26,40,182,94,0,1.0,2,4,7,62,19,0,I10,E11.9,E66.9,E78.5,F32.9,N18.9,I50.9,G47.33,I25.10,R53.83,189,167,143,120,102,102,92,89,87,83,127,Network,0,0,0,0,519110.69,492466.85199999996,388204.854,355801.4770212766,441151.7127459016,396613.9607079646,0.0,16722669.42,107641017.91,44817377.56,0.0,555916.045,739384.093,563502.8923333333,523191.309787234,612848.1279098361,675391.324159292,0.0,116714.46,57183.861,81008.03,98526.72808510638,126832.8242622951,146066.96884955754,0.0,139173.97,169622.447,100772.83333333333,101401.78893617021,123813.1806147541,139884.5342477876,0.0,117990.515,224082.21099999998,123647.84000000001,109853.89595744682,120298.7337704918,128361.47513274336,0.0,84444.72,100586.61,106066.70066666667,89824.30468085107,124478.7113114754,123449.90849557522,0.0,97592.37999999999,187908.964,152007.48833333334,123584.59212765958,117424.67795081968,137628.4374336283,0.0,894983.1,2829827.25,2829827.25,2829827.25,3503932.75,3507280.41,0.0,1013021.75,3348385.55,3348385.55,3348385.55,4027948.29,5150214.24,0.0,224355.85,224355.85,303007.23,643778.79,1228812.2,1315869.88,0.0,258773.52,817419.52,817419.52,817419.52,1879484.17,1401650.82,0.0,191069.68,1452620.55,1452620.55,1452620.55,1321583.85,1071246.36,0.0,162133.93,486075.17,486075.17,486075.17,606565.78,1181734.63,0.0,176688.77,1228451.59,1228451.59,1228451.59,1734700.45,1267064.99,0.0,143238.28,0.0,0.0,0.0,0.0,0.0,0.0,98810.34,79776.25,48157.18,19751.25,8077.23,5899.62,0.0,9073.07,7788.75,2245.94,2245.94,282.56,267.91,0.0,19574.42,8417.86,3316.22,258.98,198.64,1372.37,0.0,44911.35,6348.54,6348.54,3059.29,292.16,430.05,0.0,6755.51,544.49,544.49,544.49,108.61,545.55,0.0,18495.99,7028.48,3339.84,2647.96,259.63,1636.93,0.0,9.0,5.5,5.9,5.76595744680851,5.114754098360656,5.336283185840708,0.0,10,4,0.4,1
Wable Care,MHMC-18379,INS-HOSP-8835,TPA-HOSP-342,UVSXS3463J,45- Chaudry Nagar,Bhat Street,Mumbai,Behind Mall,Pune,Pune,Maharashtra,India,486503,18.418655,73.8374,3849248614,zaina19@hora.com,www.saini.com,Neurology,General Medicine,Yes,Yes,Yes,Yes,Yes,1,Yes,No,No,No,Yes,No,No,2025-02-02,Pending,2026-10-04,Urban,No,No,0,39,19,0,3599218.63,5852212.62,12955322.85,2025-08-12,HOSP-0015,393,Trust,No,0,No,0,2025-08-11,0.0328515111695138,2.0,7,29,47,217,100,0.0,1.0,2,3,6,23,4,0,1.0,5,25,38,182,92,0,5019218.5,9113769.08,17557471.58,26440169.15,144611732.24,75035433.5,0.0,2.0,6,21,35,160,74,0,0.0,1,8,12,57,26,0,I10,E11.9,E66.9,I50.9,E78.5,N18.9,R53.83,I25.10,F32.9,G47.33,174,143,99,95,93,91,85,80,77,75,127,Network,0,0,0,0,1799609.315,836030.3742857144,446735.27068965515,364491.6957446808,474443.4522580645,586843.4171,0.0,17131109.7,102954229.14,58684341.71,0.0,2509609.25,1301967.0114285715,605430.0544827585,562556.7904255319,666413.5126267282,750354.335,0.0,973998.53,371093.8842857143,152244.4172413793,123113.00319148936,141736.56142857144,157972.697,0.0,461201.415,264701.71571428573,112867.04862068966,117712.92680851065,128939.22884792626,156509.4199,0.0,696273.87,312664.2057142857,142283.77310344827,122754.1885106383,141869.4629953917,142846.55130000002,0.0,227843.425,224306.80428571426,110502.5424137931,108319.00957446809,130867.91880184332,161843.3718,0.0,150292.01,129200.40142857144,87532.27310344827,90657.66234042552,123000.34055299539,131182.295,0.0,3599218.63,3599218.63,3599218.63,3599218.63,5365753.68,4546670.52,0.0,4871333.53,4871333.53,4871333.53,4871333.53,6670432.2,5134453.06,0.0,1895473.05,1895473.05,1895473.05,1895473.05,1711087.75,952505.99,0.0,909952.25,909952.25,909952.25,909952.25,1512736.41,1098357.79,0.0,1356499.97,1356499.97,1356499.97,1356499.97,1523907.34,1129254.88,0.0,416068.42,627780.2,627780.2,627780.2,1799154.97,1352615.15,0.0,293339.84,293339.84,293339.84,392198.05,1494054.19,1364702.08,0.0,0.0,0.0,0.0,0.0,0.0,0.0,0.0,147884.97,147884.97,29665.36,16941.17,5833.3,27017.34,0.0,52524.01,22035.81,2016.05,315.63,401.31,1661.53,0.0,12450.58,12450.58,1024.05,1024.05,206.25,2241.57,0.0,36047.77,14597.08,2147.14,2147.14,43.72,810.09,0.0,39618.43,37258.45,433.03,433.03,604.74,1112.69,0.0,7244.18,7244.18,3727.93,2713.54,477.2,250.31,0.0,2.5,3.4285714285714284,4.758620689655173,5.042553191489362,5.580645161290323,5.41,0.0,7,1,0.14285714285714285,0
Kara Hospital,MHMC-29202,INS-HOSP-6725,TPA-HOSP-288,ZJMYZ6390V,H.No. 41 Manda Chowk,Amble,Jamshedpur,Behind Mall,Coimbatore,Coimbatore,Tamil Nadu,India,664786,10.948781,76.986461,3057610688,mehul79@guha-golla.org,www.bera.org,General Surgery,Cardiology,Yes,Yes,Yes,No,Yes,6,No,Yes,No,Yes,No,Yes,Yes,2024-10-16,Passed,2026-10-27,Rural,No,No,0,75,37,0,453746.15,2246748.65,18880572.55,2025-08-12,HOSP-0016,754,Government,Yes,0,No,0,2025-07-18,0.8212877792378449,1.0,4,30,47,262,107,0.0,0.0,0,1,2,21,9,0,1.0,4,27,43,227,88,0,229285.8,2479723.1,22488381.88,40303062.28,155062116.26,71395352.62,0.0,0.0,2,22,33,195,79,0,1.0,2,8,14,67,28,0,I10,E11.9,E66.9,I50.9,E78.5,N18.9,I25.10,F32.9,G47.33,R53.83,185,173,150,116,113,112,101,96,89,83,127,Non-Network,0,0,0,0,453746.15,561687.1625,629352.4183333333,723387.464680851,463082.9841603053,456448.32420560747,0.0,33999210.839999996,121327741.85,48839970.69,0.0,229285.8,619930.775,749612.7293333333,857511.9634042553,591840.1383969465,667246.2861682243,0.0,96775.97,161844.01249999998,144832.61033333334,166649.62574468084,113537.35122137405,151250.9355140187,0.0,11659.49,129250.51,165589.99766666666,178997.6044680851,121392.41030534351,136463.37224299065,0.0,87228.36,142753.9425,140828.99533333335,160568.2355319149,124699.90484732825,128968.31915887851,0.0,19516.27,124272.86,153827.55,186669.0710638298,115815.556870229,127413.65112149532,0.0,14105.71,61809.45,144533.576,164627.42659574468,116394.91515267175,123150.00813084113,0.0,453746.15,874571.66,1618391.9,4836754.51,4496065.27,4171022.13,0.0,229285.8,1047871.31,1790161.46,5386823.44,5210543.42,4327220.08,0.0,96775.97,262191.72,517509.05,1300913.5,1600953.3,1302496.44,0.0,11659.49,262746.75,794097.66,1324781.6,1194769.39,1141427.3,0.0,87228.36,268444.54,553135.13,993501.99,2039885.45,1223046.5,0.0,19516.27,338906.8,385037.68,1101349.56,1369776.88,1719103.68,0.0,14105.71,144544.27,646527.16,1121199.18,1708599.85,1228078.57,0.0,453746.15,382866.7,0.0,0.0,0.0,0.0,0.0,229285.8,229285.8,44714.49,44714.49,5484.14,7602.76,0.0,96775.97,96775.97,5105.72,2846.36,850.76,183.17,0.0,11659.49,11659.49,906.24,906.24,421.62,271.03,0.0,87228.36,70837.92,2116.64,1971.51,15.35,288.17,0.0,19516.27,19516.27,901.52,901.52,79.26,356.93,0.0,14105.71,790.36,790.36,790.36,177.29,371.15,0.0,1.0,4.5,5.733333333333333,5.851063829787234,5.4961832061068705,5.392523364485982,0.0,4,1,0.25,1
Majumdar Care,MHMC-46478,INS-HOSP-7762,TPA-HOSP-239,QREYU5983T,52/74 Shroff Path,Tank Path,Farrukhabad,Behind Mall,Chennai,Chennai,Tamil Nadu,India,680047,12.921316,80.240033,7236364838,suhana63@shan-rau.com,www.shanker-dhar.biz,Neurology,General Surgery,No,Yes,Yes,Yes,Yes,5,Yes,No,Yes,Yes,No,Yes,Yes,2025-04-30,Passed,2027-07-15,Urban,No,No,0,5,2,0,1344435.78,4284927.19,10587079.89,2025-08-12,HOSP-0017,52,Private,Yes,0,No,0,2025-08-07,0.164257555847569,3.0,14,27,44,240,141,0.0,0.0,2,2,4,14,7,0,3.0,11,22,34,204,125,0,1570939.81,7274276.17,14884497.44,23554407.47,160015295.37,69983673.86,0.0,3.0,13,23,38,185,111,0,0.0,1,4,6,55,30,0,E11.9,I10,E66.9,E78.5,I50.9,N18.9,I25.10,R53.83,F32.9,G47.33,181,174,121,121,119,116,107,100,94,77,127,Network,0,0,0,0,448145.26,306066.22785714286,392114.07,329604.6436363636,498277.0250833333,377632.7863829787,0.0,14502604.32,119586486.02,53246222.88,0.0,523646.60333333333,519591.15499999997,551277.6829629629,535327.4425,666730.3973750001,496338.1124822695,0.0,174202.20333333334,125330.12214285714,130558.64555555556,109503.62068181817,134389.87466666667,96901.50659574468,0.0,118134.57333333332,73538.7342857143,104837.76962962963,97109.57909090909,108166.86383333334,105270.70865248227,0.0,102961.99333333333,117651.90214285716,120352.25851851852,114185.3675,130746.318,91943.82078014185,0.0,89924.66333333333,95494.09928571428,75251.62481481482,87711.46477272728,136716.19666666666,103151.17141843971,0.0,38423.170000000006,107576.29714285713,120277.38444444444,126817.41045454545,156711.14420833334,99070.905035461,0.0,656731.88,1392405.57,3011962.35,3011962.35,5742945.91,2041208.36,0.0,766291.54,1630583.49,3567490.84,3567490.84,6030061.76,2388330.31,0.0,250170.44,439463.16,841725.01,841725.01,2403194.83,568810.53,0.0,219330.02,219330.02,1066931.82,1066931.82,885441.37,946944.5,0.0,223251.64,569449.4,932064.12,932064.12,1270757.71,446280.37,0.0,141532.0,390686.87,390686.87,434790.69,1731372.71,814265.25,0.0,105305.58,404980.81,688156.74,699727.11,2885637.7,723900.77,0.0,150485.13,0.0,0.0,0.0,0.0,0.0,0.0,165857.3,43802.16,43802.16,38798.79,6264.33,17315.61,0.0,48160.28,2530.7,2530.7,2530.7,51.84,539.35,0.0,46446.26,1043.39,1043.39,1043.39,111.0,311.2,0.0,34343.45,146.85,146.85,146.85,292.28,184.7,0.0,29305.55,1861.27,1861.27,1861.27,693.53,676.02,0.0,2362.17,2362.17,2362.17,2362.17,160.07,708.09,0.0,3.0,4.214285714285714,4.703703703703703,4.704545454545454,5.2,5.858156028368795,0.0,14,2,0.14285714285714285,0
Chander Medical Center,MHMC-74831,INS-HOSP-3275,TPA-HOSP-135,EXBFA9684S,H.No. 06 Trivedi Circle,Mangat Path,Amravati,Near Metro Station,Chennai,Chennai,Tamil Nadu,India,661847,13.073714,80.223384,3218459512,dharmajan58@mann.com,www.sane-vig.com,Neurology,0,No,Yes,Yes,Yes,Yes,4,Yes,No,No,Yes,No,No,Yes,2025-04-28,Passed,2028-02-12,Urban,No,No,0,38,19,0,715613.0800000001,7879374.38,23227859.58,2025-08-12,HOSP-0018,389,Private,Yes,0,No,0,2025-08-08,0.1314060446780552,3.0,12,44,58,229,136,0.0,0.0,0,3,5,16,7,0,2.0,10,39,50,190,116,0,513854.69,12914103.51,32368352.12,38876583.660000004,160723020.3,93942665.76,0.0,3.0,7,32,41,168,106,0,0.0,5,12,17,61,30,0,E11.9,I10,E66.9,N18.9,E78.5,I50.9,R53.83,F32.9,I25.10,D64.9,191,161,119,107,105,96,92,91,87,73,127,Network,0,0,0,0,238537.69333333336,656614.5316666666,527905.8995454545,457856.3451724138,529919.9297379913,495275.6642647059,0.0,26555668.02,121351663.91,67357490.34,0.0,171284.89666666667,1076175.2925,735644.3663636363,670285.9251724138,701847.2502183407,690754.8952941177,0.0,35068.816666666666,197963.91666666666,119562.87999999999,104901.91034482759,145825.81524017468,147902.69926470588,0.0,29667.63666666667,164273.32499999998,153022.68545454546,146580.48620689654,139570.8315283843,137967.98705882352,0.0,15357.35,126832.00083333334,150463.13704545455,146736.85137931036,126602.20541484715,107122.7805882353,0.0,31912.556666666667,317609.09500000003,156245.02863636363,133573.21620689656,147704.92401746724,153722.69,0.0,59278.53666666666,269496.955,156350.63522727272,138493.46103448275,142143.47401746726,144038.73838235295,0.0,390714.52,3655735.63,3655735.63,3655735.63,4822011.88,4949857.29,0.0,215404.5,5019074.96,5019074.96,5019074.96,5122349.58,5071032.28,0.0,60274.31,1302765.57,1302765.57,1302765.57,1306794.73,1202001.1,0.0,54091.7,944021.48,944021.48,944021.48,1088744.98,1407618.7,0.0,25012.76,450159.8,631609.9,839674.79,940017.94,1055967.2,0.0,40047.52,1864642.93,1864642.93,1864642.93,1743520.92,2114052.31,0.0,107007.66,1874271.85,1874271.85,1874271.85,1794509.7,1271701.37,0.0,0.0,0.0,0.0,0.0,0.0,0.0,0.0,135456.47,97806.74,17114.89,15054.84,6133.87,5622.07,0.0,10370.96,3163.7,106.09,106.09,364.72,327.03,0.0,16652.04,16652.04,4333.96,1518.72,375.19,994.69,0.0,4437.21,2938.53,2938.53,429.21,158.62,50.65,0.0,27033.28,5656.79,176.73,176.73,4.26,109.23,0.0,25714.86,5732.59,3733.83,3453.26,939.65,657.19,0.0,3.0,5.0,5.909090909090909,5.672413793103448,5.432314410480349,5.801470588235294,0.0,12,4,0.3333333333333333,1
Chokshi Medical Center,MHMC-71665,INS-HOSP-4190,TPA-HOSP-373,NACSN4152U,H.No. 983- Chandran Road,Kota Chowk,Karimnagar,Behind Mall,Mysore,Mysore,Karnataka,India,572534,12.20127,76.621733,5016487621,vthaman@chada.net,www.sharaf-borde.info,General Medicine,General Surgery,Yes,Yes,Yes,Yes,No,10,Yes,Yes,Yes,No,No,No,Yes,2025-06-14,Passed,2028-04-04,Urban,No,No,0,43,21,0,0.0,2723089.99,12101206.95,2025-08-12,HOSP-0019,430,Private,No,0,No,0,2025-07-06,1.2155059132720105,0.0,5,34,56,221,112,0.0,0.0,1,4,5,15,6,0,0.0,4,28,47,191,95,0,0.0,3984901.69,19806236.72,36026414.23,151202902.41,82748282.21000001,0.0,0.0,4,23,38,162,87,0,0.0,1,11,18,59,25,0,E11.9,I10,E66.9,E78.5,N18.9,I25.10,G47.33,I50.9,F32.9,I48.91,156,152,123,113,110,96,86,83,81,70,127,Network,0,0,0,0,0.0,544617.998,355917.85147058824,444967.8242857143,497644.1997285068,498487.7583928571,0.0,24918198.16,109979368.14,55830628.94,0.0,0.0,796980.338,582536.3741176471,643328.8255357143,684176.0290045249,738823.9483035716,0.0,0.0,116866.19399999999,111635.83117647059,138272.22910714286,140289.13389140271,151237.0099107143,0.0,0.0,244130.55800000002,145690.10970588235,146893.90857142856,119971.42570135745,140836.18964285715,0.0,0.0,80666.184,93862.37529411764,109609.89821428571,132132.4423076923,122569.20446428572,0.0,0.0,192196.354,114986.72970588236,121984.7667857143,149116.3950678733,161972.54607142857,0.0,0.0,163121.048,116361.32823529412,126568.02285714286,142666.6320361991,162208.99821428573,0.0,0.0,1193395.24,1331043.32,3565671.51,6151217.99,5161734.1,0.0,0.0,1606007.5,1809331.87,4508569.49,7334661.01,6222309.88,0.0,0.0,266283.01,461552.97,942749.12,2145916.07,1387355.8,0.0,0.0,496233.3,496233.3,628410.83,1088790.17,1151807.82,0.0,0.0,187218.39,276844.31,1310562.54,1690315.53,1238504.74,0.0,0.0,563141.46,620371.13,1048136.31,2078108.88,2367966.39,0.0,0.0,257672.53,414692.73,578710.69,3474114.01,1358897.76,0.0,0.0,0.0,0.0,0.0,0.0,0.0,0.0,0.0,180685.43,13720.12,13720.12,5738.78,17956.97,0.0,0.0,39575.51,166.12,166.12,156.38,864.43,0.0,0.0,10901.96,1140.88,1140.88,155.24,890.59,0.0,0.0,5669.61,250.79,250.79,511.51,1356.11,0.0,0.0,3640.68,1327.85,1327.85,89.57,19.23,0.0,0.0,50846.7,2339.04,2147.79,417.65,282.46,0.0,0.0,3.4,5.264705882352941,5.0,5.733031674208145,5.598214285714286,0.0,5,1,0.2,0
Rout Hospital,MHMC-17839,INS-HOSP-9447,TPA-HOSP-194,AFUHJ1236Z,783- Ravi Street,Luthra Marg,Thoothukudi,Behind Mall,Pune,Pune,Maharashtra,India,467654,18.554971,73.813337,8484153494,elachadha@mammen.com,www.chauhan.com,General Surgery,Oncology,No,Yes,Yes,Yes,Yes,18,Yes,Yes,Yes,Yes,Yes,Yes,No,2025-07-02,Passed,2026-10-08,Rural,No,No,0,95,47,0,5457908.04,6697118.739999999,15920581.41,2025-08-12,HOSP-0020,953,Private,Yes,0,No,0,2025-08-07,0.164257555847569,10.0,14,33,51,217,99,0.0,5.0,5,5,6,22,8,0,5.0,8,26,42,181,80,0,9476016.11,10429767.09,21803864.23,31773889.91,139599346.8,62042893.09,0.0,7.0,10,21,35,173,82,0,3.0,4,12,16,44,17,0,I10,E11.9,E66.9,F32.9,E78.5,N18.9,R53.83,I25.10,Z79.899,I50.9,153,153,103,96,88,86,84,78,70,69,127,Network,0,0,0,0,545790.804,478365.62428571424,482441.8609090909,471704.0333333333,424206.91483870964,413222.4483838384,0.0,24056905.7,92052900.52,40909022.39,0.0,947601.6109999999,744983.3635714286,660723.1584848484,623017.4492156863,643314.9622119816,626695.8897979798,0.0,125456.70800000001,95986.44785714286,94946.87242424242,99732.66490196079,141443.032718894,114875.35131313131,0.0,262121.188,196201.01642857143,160762.33181818182,144517.22666666668,127484.78525345621,129612.7398989899,0.0,233640.489,191659.04714285716,151779.56545454546,122267.00882352941,119660.29838709677,124398.32505050505,0.0,96758.872,81704.12928571428,86597.6196969697,103502.77176470589,128527.8561751152,134106.8708080808,0.0,229624.354,179432.72285714286,166636.76909090907,152997.77705882353,126198.98967741936,123702.60272727272,0.0,4552362.63,4552362.63,4552362.63,4552362.63,3697934.56,3066269.91,0.0,5502209.07,5502209.07,5502209.07,5502209.07,5040044.06,4235950.53,0.0,367023.61,367023.61,367023.61,548289.54,1787856.02,892934.2,0.0,1819180.7,1819180.7,1819180.7,1819180.7,1480770.79,751073.02,0.0,1340222.0,1340222.0,1340222.0,1340222.0,1050310.21,1035881.41,0.0,364146.65,364146.65,364146.65,976001.66,1363335.24,1281091.45,0.0,1611636.11,1611636.11,1611636.11,1611636.11,1115070.09,1060123.43,0.0,0.0,0.0,0.0,0.0,0.0,0.0,0.0,123001.25,106538.02,18941.3,18901.8,6187.25,29354.73,0.0,11882.5,5737.39,4041.39,2586.67,358.46,508.26,0.0,20311.64,1572.92,1572.92,270.13,224.4,1065.26,0.0,28596.69,28596.69,6339.47,1277.2,276.38,1650.06,0.0,34574.13,13854.49,1458.77,1458.77,185.27,433.93,0.0,1156.0,1156.0,50.88,50.88,168.1,626.53,0.0,5.5,5.928571428571429,5.363636363636363,5.705882352941177,5.645161290322581,5.585858585858586,0.0,14,1,0.07142857142857142,0
Sinha Medical Center,MHMC-94212,INS-HOSP-9511,TPA-HOSP-783,TVGVM2120C,65/40- Chakraborty Chowk,Banik,Parbhani,Near Metro Station,New Delhi,New Delhi,Delhi,India,110068,28.52435,77.299507,6635163161,parishere@lad.com,www.sandhu-kulkarni.info,General Medicine,Orthopedics,Yes,Yes,Yes,Yes,Yes,20,No,Yes,No,Yes,Yes,Yes,Yes,2025-03-26,Passed,2028-02-24,Rural,No,No,0,77,38,0,333668.63,7217027.92,18612282.98,2025-08-12,HOSP-0021,774,Government,Yes,0,No,0,2025-07-25,0.5913272010512484,3.0,15,41,59,209,112,0.0,0.0,1,2,3,15,4,0,3.0,14,38,53,172,101,0,394011.35,7601146.57,22916461.04,33464767.3,126467484.69,72240799.47,0.0,3.0,13,31,39,157,82,0,0.0,2,10,20,52,30,0,E11.9,I10,E66.9,R53.83,I50.9,N18.9,E78.5,I25.10,F32.9,Z79.899,159,157,123,112,99,99,96,90,83,69,127,Network,0,0,0,0,111222.87666666666,481135.1946666667,453958.12146341463,446331.8581355932,419993.1511004785,507638.4111607143,0.0,26333579.63,87778568.58,56855502.05,0.0,131337.11666666667,506743.1046666667,558938.0741463414,567199.4457627119,605107.5822488038,645007.1381249999,0.0,27140.676666666666,108834.94733333333,96864.26731707317,101408.95084745761,119864.78009569377,143687.90375,0.0,32759.666666666668,72746.31066666666,102809.57024390243,111764.49694915254,114524.4195215311,126139.67294642856,0.0,20576.063333333335,115379.94733333334,137749.39,126171.18525423728,133740.40818181817,133083.65008928571,0.0,34663.37666666667,103829.46733333333,102147.82804878049,117213.27644067798,112360.92641148326,129573.84392857143,0.0,16197.333333333334,105952.432,119367.01853658535,110641.53627118643,124617.04803827751,112522.0674107143,0.0,139849.68,2533962.73,2533962.73,2533962.73,3482563.71,3997527.97,0.0,169355.36,3214931.72,3214931.72,3214931.72,4183499.16,4987204.4,0.0,39232.04,660884.64,660884.64,710798.81,1773953.14,2027765.32,0.0,52149.2,231961.28,479064.68,741667.18,566040.26,1233753.49,0.0,30609.99,1108317.11,1108317.11,1108317.11,1436332.07,1608095.29,0.0,55198.09,464509.31,553426.51,662639.8,1623713.05,1303990.23,0.0,25552.15,933336.23,933336.23,933336.23,1767961.69,472512.46,0.0,73838.62,0.0,0.0,0.0,0.0,0.0,0.0,75857.04,75857.04,5372.89,5369.92,5795.41,18917.41,0.0,15496.98,10329.54,1410.12,105.69,0.08,185.59,0.0,19327.96,135.62,32.47,32.47,397.87,697.86,0.0,14375.27,6918.98,1559.86,1023.12,146.42,1284.05,0.0,9650.08,9650.08,1253.51,420.05,732.62,1732.57,0.0,8400.76,2508.3,1116.93,996.34,164.49,24.99,0.0,7.333333333333333,6.4,6.146341463414634,6.220338983050848,5.55023923444976,5.517857142857143,0.0,15,4,0.26666666666666666,1
Mammen Medical Center,MHMC-33371,INS-HOSP-1018,TPA-HOSP-217,YGRGA0454U,51/06 Thakur Chowk,Khalsa Road,Jhansi,0,Madurai,Madurai,Tamil Nadu,India,669075,9.825348,78.00688,917421367901,xsom@khalsa-solanki.com,www.gulati.com,Cardiology,Orthopedics,Yes,Yes,Yes,Yes,Yes,10,Yes,Yes,Yes,No,No,No,Yes,2024-10-31,Passed,2027-05-24,Rural,No,No,0,35,17,0,0.0,4384366.08,21421498.27,2025-08-12,HOSP-0022,357,Private,Yes,0,No,0,2025-07-06,1.2155059132720105,0.0,12,33,48,218,126,0.0,0.0,1,1,2,17,19,0,0.0,11,30,43,186,100,0,0.0,5446957.37,26163681.05,35371264.07,145307349.05,81656299.98,0.0,0.0,8,23,33,157,89,0,0.0,4,10,15,61,37,0,E11.9,I10,E66.9,N18.9,R53.83,E78.5,I50.9,I25.10,F32.9,G47.33,155,153,122,121,95,94,92,87,82,81,127,Network,0,0,0,0,0.0,365363.84,649136.3112121212,618476.3925,490083.0271559633,462477.518968254,0.0,29686866.84,106838099.92,58272167.39,0.0,0.0,453913.1141666667,792838.8196969697,736901.3347916667,666547.4727064221,648065.8728571429,0.0,0.0,107077.06416666666,149350.2175757576,153034.10458333333,137574.211146789,135645.36134920636,0.0,0.0,69502.75916666667,167902.28818181818,147394.64083333334,137211.0024770642,131472.22015873017,0.0,0.0,60966.465,114489.1106060606,117386.75,122140.50142201834,131784.17793650794,0.0,0.0,89939.8,151956.47757575757,131434.45791666667,141642.84036697246,121081.98007936508,0.0,0.0,126427.02583333333,209140.72575757577,187651.38145833334,127978.91729357798,128082.13333333335,0.0,0.0,725252.32,5513760.09,5513760.09,6934266.18,4024836.55,0.0,0.0,879222.03,6028214.86,6028214.86,7162052.15,4032483.47,0.0,0.0,292791.79,1716021.84,1716021.84,1499393.38,778964.51,0.0,0.0,210384.25,1303140.12,1303140.12,3449116.34,745309.77,0.0,0.0,161988.66,608168.1,608168.1,2331380.63,1555844.57,0.0,0.0,213818.79,600189.71,600189.71,2335273.63,800608.91,0.0,0.0,351851.41,2289152.66,2289152.66,1864056.09,1432760.14,0.0,0.0,0.0,0.0,0.0,0.0,0.0,0.0,0.0,46221.72,31567.94,13087.24,8601.19,7816.13,0.0,0.0,8203.87,5139.06,1210.04,336.15,136.4,0.0,0.0,10408.28,6967.8,2085.34,17.34,680.06,0.0,0.0,915.68,915.68,578.1,44.91,26.69,0.0,0.0,1833.08,1833.08,367.73,36.3,1323.98,0.0,0.0,9033.57,574.75,574.75,24.85,947.56,0.0,0.0,5.0,5.848484848484849,6.0,5.481651376146789,5.76984126984127,0.0,12,1,0.08333333333333333,0
Andra Medical Center,MHMC-12380,INS-HOSP-3179,TPA-HOSP-248,VQRHW7255D,449- Anand Road,Dave Chowk,Sonipat,0,New Delhi,New Delhi,Delhi,India,110016,28.643262,77.140023,914234732632,ojasamble@wable.info,www.khatri.com,General Surgery,General Medicine,Yes,Yes,Yes,Yes,No,18,Yes,Yes,Yes,No,No,No,No,2024-11-24,Passed,2028-06-14,Rural,No,No,0,87,43,0,1195015.13,1915647.21,10414260.48,2025-08-12,HOSP-0023,874,Private,Yes,0,No,0,2025-07-26,0.5584756898817346,2.0,10,31,50,230,128,0.0,0.0,0,3,4,11,8,0,2.0,8,24,39,204,110,0,537803.61,3242480.12,16228690.48,28522408.11,163332455.79,89516422.55,0.0,1.0,8,23,38,175,96,0,1.0,2,8,12,55,32,0,E11.9,I10,E78.5,E66.9,N18.9,I50.9,F32.9,I25.10,R53.83,G47.33,171,164,121,118,109,105,92,91,88,74,127,Network,0,0,0,0,597507.565,191564.721,335943.8864516129,334798.0778,514594.512173913,484651.247265625,0.0,16739903.89,118356737.8,62035359.65,0.0,268901.805,324248.012,523506.14451612905,570448.1622,710141.1121304347,699347.051171875,0.0,75118.14,94305.299,140247.80741935485,131109.8058,144126.82295652173,134662.831328125,0.0,49340.385,63834.117999999995,88688.62387096774,114350.1556,141060.92326086957,141198.856484375,0.0,28529.370000000003,76929.362,117251.77032258065,123060.03640000001,153397.64343478263,129053.08328125,0.0,46112.58,44225.615000000005,80278.02677419355,84967.7402,134862.2626521739,159440.034453125,0.0,69801.33,44953.618,97039.91612903225,116960.4242,136693.45982608697,134992.245625,0.0,863026.41,863026.41,3035244.27,3035244.27,5064191.54,4083657.32,0.0,459228.05,1094327.46,4072662.82,4218045.36,6276757.37,6617850.1,0.0,145338.08,394947.31,1419149.93,1419149.93,2165914.44,1230812.84,0.0,93720.6,365327.1,368471.56,1840503.09,1946065.22,1287684.02,0.0,34845.9,422616.63,1060245.55,1060245.55,1866399.33,2142939.91,0.0,60993.69,106285.02,460320.86,487095.13,1398540.0,3308541.06,0.0,136962.84,136962.84,764474.92,764474.92,3249112.9,1372660.32,0.0,331988.72,0.0,0.0,0.0,0.0,0.0,0.0,78575.56,44976.99,39414.63,39414.63,8697.33,15247.22,0.0,4898.2,4898.2,676.34,676.34,305.13,1717.49,0.0,4960.17,1691.94,1425.77,1425.77,56.4,939.16,0.0,22212.84,117.57,117.57,117.57,2.95,36.37,0.0,31231.47,1696.97,1696.97,1696.97,14.13,37.06,0.0,2639.82,1690.71,1690.71,1690.71,309.52,126.33,0.0,4.0,6.0,5.806451612903226,5.7,5.495652173913044,5.5234375,0.0,10,1,0.1,0
Cherian Medical Center,MHMC-52400,INS-HOSP-4675,TPA-HOSP-184,KFJRU4804H,H.No. 65 Kota Marg,Mand Path,Ludhiana,Opposite Park,Pune,Pune,Maharashtra,India,464106,18.549718,73.851042,918863302661,ivanagrawal@mander-johal.info,www.gopal-mall.biz,Obstetrics & Gynecology,General Medicine,No,Yes,Yes,Yes,No,8,No,Yes,No,No,No,Yes,No,2024-12-26,Passed,2026-07-19,Urban,No,No,0,67,33,0,0.0,3755252.6399999997,10526884.26,2025-08-12,HOSP-0024,670,Private,Yes,0,No,0,2025-06-16,1.8725361366622864,0.0,7,26,39,226,118,0.0,0.0,1,3,3,24,5,0,0.0,6,19,30,185,103,0,0.0,4350713.54,15563302.16,22885718.47,175957430.5,73711793.68,0.0,0.0,6,21,30,180,83,0,0.0,1,5,9,46,35,0,I10,E11.9,E66.9,N18.9,I50.9,I25.10,E78.5,R53.83,F32.9,M54.5,154,148,123,93,92,90,89,81,77,66,127,Network,0,0,0,0,0.0,536464.6628571429,404880.1638461538,398876.46512820513,552181.4397345133,452111.40898305085,0.0,15556182.14,124793005.38,53349146.26,0.0,0.0,621530.5057142858,598588.5446153847,586813.2941025641,778572.7013274336,624676.2176271187,0.0,0.0,75619.64428571428,93964.84423076923,106756.57769230769,166086.2586283186,127247.87194915254,0.0,0.0,121146.67142857144,132285.69115384616,133218.13102564102,145029.69442477878,108373.3840677966,0.0,0.0,169893.61857142858,153303.2669230769,135961.13871794872,168300.70048672566,135606.13033898303,0.0,0.0,211408.3757142857,147697.24615384615,134842.29974358974,157329.1585840708,129192.80771186441,0.0,0.0,43462.19571428571,71337.49615384615,76035.14692307693,141826.88920353982,124256.02355932203,0.0,0.0,1521466.42,1521466.42,1521466.42,4532893.83,4648390.19,0.0,0.0,1609614.0,1609614.0,1609614.0,5173084.29,5056864.3,0.0,0.0,203428.26,614201.87,614201.87,1763605.18,1311486.5,0.0,0.0,302009.34,772279.97,772279.97,1447242.47,847270.03,0.0,0.0,446475.52,466158.77,466158.77,1564620.76,1273666.87,0.0,0.0,700780.6,700780.6,700780.6,1320652.21,1480696.33,0.0,0.0,111413.35,274436.18,274436.18,959258.2,717778.32,0.0,0.0,0.0,0.0,0.0,0.0,0.0,0.0,0.0,107870.59,40679.4,9134.97,10310.05,7712.68,0.0,0.0,6729.41,4124.59,735.62,483.53,3.58,0.0,0.0,29402.53,1729.3,1729.3,593.98,260.41,0.0,0.0,6045.75,5657.25,881.6,184.89,353.42,0.0,0.0,3818.24,3818.24,1780.73,299.63,241.94,0.0,0.0,18688.24,1399.04,824.55,914.77,2786.94,0.0,0.0,3.7142857142857144,4.730769230769231,4.6923076923076925,5.29646017699115,5.38135593220339,0.0,7,1,0.14285714285714285,0
Shetty Medical Center,MHMC-23318,INS-HOSP-4344,TPA-HOSP-383,VALRP4856Y,25 Tank,Bera,Vadodara,0,New Delhi,New Delhi,Delhi,India,110058,28.524072,77.197363,5916540538,jayanbasak@gala.biz,www.chaudhari.info,Obstetrics & Gynecology,Neurology,Yes,Yes,Yes,No,Yes,16,Yes,Yes,No,No,No,Yes,Yes,2025-02-01,Pending,2027-03-08,Rural,No,No,0,73,36,0,0.0,7433259.3100000005,20183542.240000002,2025-08-12,HOSP-0025,732,Private,Yes,0,No,0,2025-07-13,0.9855453350854139,1.0,10,39,56,228,118,0.0,1.0,1,3,5,13,11,0,0.0,9,32,46,188,97,0,530232.14,4433922.45,28773512.14,39881359.39,154437498.13,80261381.4,0.0,1.0,8,28,41,168,88,0,0.0,2,11,15,60,30,0,I10,E11.9,E78.5,E66.9,I50.9,I25.10,N18.9,F32.9,R53.83,G47.33,183,150,124,116,99,99,98,97,85,80,127,Network,0,0,0,0,0.0,743325.9310000001,517526.72410256416,489802.54839285713,489495.02385964914,454853.21474576276,0.0,27428942.71,111604865.44,53672679.34,0.0,530232.14,443392.245,737782.3625641026,712167.1319642857,677357.4479385965,680181.1983050848,0.0,79049.52,108944.64500000002,150145.2941025641,149968.9344642857,128066.03394736841,135761.07347457626,0.0,118182.92,66292.639,122630.22692307692,126231.925,152494.25890350877,123363.47483050846,0.0,145020.55,67552.201,124301.63256410256,120660.28553571428,133917.51368421054,140511.56550847457,0.0,84719.83,109651.68500000001,137627.5846153846,140032.51,134241.37421052632,144391.11076271188,0.0,103259.32,90951.075,203077.62435897434,175273.47696428574,128638.26719298246,136153.97372881355,0.0,0.0,4000957.72,4000957.72,4000957.72,5556433.88,2807957.56,0.0,530232.14,1183357.37,5353278.67,5353278.67,6602513.66,3556741.08,0.0,79049.52,396038.14,1006778.87,1006778.87,1338737.92,1442777.71,0.0,118182.92,202225.26,491325.21,491325.21,2765670.96,488585.84,0.0,145020.55,277430.53,1208862.22,1208862.22,2002080.97,1458931.28,0.0,84719.83,307647.65,1388969.82,1388969.82,2002818.31,1171728.16,0.0,103259.32,273695.71,1556403.18,1556403.18,1359515.44,1218965.98,0.0,0.0,0.0,0.0,0.0,0.0,0.0,0.0,530232.14,12828.57,12828.57,12828.57,6510.07,7110.08,0.0,79049.52,1220.02,75.04,75.04,357.68,377.42,0.0,118182.92,223.71,223.71,223.71,315.45,182.77,0.0,145020.55,266.04,233.13,233.13,1016.55,1094.21,0.0,84719.83,2521.14,1467.34,1012.86,35.42,202.1,0.0,103259.32,895.03,293.85,293.85,98.53,879.53,0.0,1.0,5.0,5.538461538461538,5.142857142857143,5.758771929824562,5.694915254237288,0.0,10,1,0.1,0
Chaudhari Hospital,MHMC-51763,INS-HOSP-4235,TPA-HOSP-388,XSDFD8954H,35/74 Shetty Ganj,Chowdhury Marg,Gaya,Opposite Park,New Delhi,New Delhi,Delhi,India,110067,28.547945,77.187087,919256207410,ldora@char.biz,www.kala.net,Obstetrics & Gynecology,0,No,Yes,Yes,Yes,Yes,6,Yes,Yes,No,No,No,Yes,Yes,2024-12-11,Passed,2026-03-03,Rural,No,No,0,96,48,0,0.0,2580780.7,17205730.39,2025-08-12,HOSP-0026,961,Private,Yes,0,No,0,2025-07-08,1.149802890932983,0.0,9,34,56,258,110,0.0,0.0,1,3,7,17,10,0,0.0,7,29,43,221,93,0,0.0,4985489.68,23427905.49,44157784.97,193658885.81,66419831.81,0.0,0.0,4,26,42,176,79,0,0.0,5,8,14,82,31,0,E11.9,I10,E66.9,I50.9,I25.10,E78.5,F32.9,R53.83,N18.9,G47.33,188,172,129,120,117,115,104,104,100,85,127,Non-Network,0,0,0,0,0.0,286753.4111111111,506050.8938235294,442515.53607142856,551653.3237596899,439262.0470909091,0.0,24780870.02,142326557.53,48318825.18,0.0,0.0,553943.2977777778,689056.0438235294,788531.8744642857,750615.8364728682,603816.6528181818,0.0,0.0,103478.08333333333,148331.68852941177,199021.9680357143,159097.3281395349,119179.05963636364,0.0,0.0,119718.07333333332,119976.9244117647,139341.03392857144,156432.42860465116,107876.34854545454,0.0,0.0,97819.68444444443,130428.41323529411,147954.24267857143,156673.14054263567,118535.31181818183,0.0,0.0,134988.10444444444,154893.92117647058,166415.17535714287,137161.1126744186,125420.59036363637,0.0,0.0,97939.35222222221,135425.09647058824,135799.45446428572,141251.8265116279,132805.34245454546,0.0,0.0,609087.78,3418965.73,3418965.73,5167934.19,3920744.78,0.0,0.0,1305613.78,4690631.03,6923885.19,5987608.34,4013669.1,0.0,0.0,233647.55,907592.71,3216171.91,1873723.57,839195.5,0.0,0.0,244248.22,1300327.24,1300327.24,2045749.43,1035303.05,0.0,0.0,345583.06,985346.45,1226062.88,1948168.74,742408.79,0.0,0.0,357335.46,1498254.64,1657662.97,1547444.8,1319924.83,0.0,0.0,334514.63,858438.02,858438.02,2173704.16,768929.37,0.0,0.0,0.0,0.0,0.0,0.0,0.0,0.0,0.0,114072.09,8700.74,8700.74,8405.96,10935.39,0.0,0.0,19876.85,656.53,656.53,254.24,1512.29,0.0,0.0,26128.55,1132.05,1132.05,1399.46,209.23,0.0,0.0,12736.93,1820.93,1728.64,49.09,25.42,0.0,0.0,24803.35,4400.18,545.84,180.85,269.75,0.0,0.0,10687.2,691.05,691.05,271.45,766.12,0.0,0.0,6.777777777777778,5.911764705882353,5.839285714285714,5.337209302325581,5.3545454545454545,0.0,9,1,0.1111111111111111,0
Ravel Medical Center,MHMC-51744,INS-HOSP-6205,TPA-HOSP-135,KXPLP6739U,H.No. 06- Chandran Zila,Contractor Chowk,Nellore,Behind Mall,Mysore,Mysore,Karnataka,India,586333,12.381183,76.652175,2861114413,vivaangokhale@mani-rama.com,www.subramanian.com,Orthopedics,General Medicine,No,No,No,Yes,Yes,6,Yes,Yes,No,No,No,No,No,2024-11-02,Passed,2026-07-12,Rural,No,No,0,85,42,0,297324.71,3791989.18,16105975.64,2025-08-12,HOSP-0027,850,Private,Yes,0,No,0,2025-07-16,0.8869908015768725,1.0,10,34,49,239,100,0.0,0.0,1,1,1,11,4,0,1.0,9,30,45,215,88,0,351311.85,4262040.55,23634184.73,47737832.1,163402685.53,64445294.2,0.0,1.0,6,25,33,185,76,0,0.0,4,9,16,54,24,0,I10,E11.9,E66.9,I50.9,I25.10,F32.9,E78.5,N18.9,R53.83,G47.33,176,169,113,103,98,96,96,88,86,83,127,Network,0,0,0,0,297324.71,379198.918,473705.165882353,773023.1336734693,520000.8641841005,451897.347,0.0,37878133.55,124280206.54,45189734.7,0.0,351311.85,426204.055,695123.0802941177,974241.4714285715,683693.2448953975,644452.942,0.0,58155.67,77926.959,130692.19735294118,175311.07061224492,151959.67016736403,127523.0137,0.0,113157.03,65318.498999999996,125687.2994117647,194090.36489795917,127887.53589958159,122408.7843,0.0,86156.06,122811.08,111703.76852941175,186745.2336734694,131490.26138075313,115564.9984,0.0,59224.55,101795.682,181371.5714705882,233117.06163265306,128943.86531380753,123153.71699999999,0.0,34618.54,58351.835,145668.24352941176,184977.74061224487,143411.91213389122,155802.42859999998,0.0,297324.71,974318.24,1526092.65,5607058.37,5717781.42,4523602.18,0.0,351311.85,975024.25,4443357.0,5639045.48,7799001.14,5886948.46,0.0,58155.67,150131.32,854057.2,993699.61,1723354.43,956005.47,0.0,113157.03,147520.81,1005168.23,1005168.23,1765262.18,1232662.47,0.0,86156.06,323868.69,452107.39,1828848.36,1978512.45,1441172.08,0.0,59224.55,370902.79,1784956.3,1784956.3,2324813.4,1684859.72,0.0,34618.54,144391.83,708283.24,1297134.74,3258588.56,1599094.62,0.0,297324.71,0.0,0.0,0.0,0.0,0.0,0.0,351311.85,95291.16,59456.64,59456.64,5067.97,11612.41,0.0,58155.67,2227.89,2227.89,2227.89,3.77,877.3,0.0,113157.03,1497.71,1497.71,1497.71,73.57,75.56,0.0,86156.06,16532.83,6526.64,914.98,990.97,600.82,0.0,59224.55,7349.62,319.22,319.22,138.43,752.72,0.0,34618.54,23134.07,5052.96,5052.96,81.67,897.65,0.0,6.0,6.3,6.529411764705882,6.3061224489795915,5.682008368200837,4.82,0.0,10,2,0.2,0
Sunder Hospital,MHMC-28844,INS-HOSP-3999,TPA-HOSP-482,ZHNOF8432X,823- Dugar Nagar,Kota Marg,Jaunpur,Behind Mall,Mumbai,Mumbai,Maharashtra,India,479288,19.140751,72.967209,912932394875,ranbir19@mander.com,www.balasubramanian.com,Cardiology,Orthopedics,Yes,Yes,Yes,Yes,No,14,Yes,Yes,No,Yes,No,Yes,No,2024-09-27,Passed,2026-11-15,Urban,No,No,0,54,27,0,259745.13999999998,2113042.08,13250396.13,2025-08-12,HOSP-0028,543,Trust,Yes,0,No,0,2025-07-29,0.45992115637319314,2.0,12,33,48,239,136,0.0,0.0,1,1,2,19,8,0,2.0,9,28,40,201,117,0,285477.2,4025367.98,18752016.72,31892519.53,163440367.99,97729351.66,0.0,2.0,7,22,34,185,89,0,0.0,5,11,14,54,47,0,I10,E11.9,E66.9,E78.5,R53.83,I25.10,I50.9,N18.9,F32.9,M54.5,190,189,139,108,104,101,100,97,97,79,127,Network,0,0,0,0,129872.56999999999,176086.84,401527.15545454546,480996.1727083333,481302.9378661088,508950.03808823536,0.0,23087816.29,115031402.15,69217205.18,0.0,142738.6,335447.33166666667,568242.9309090909,664427.4902083334,683850.9120920503,718598.1739705883,0.0,27196.055,63906.854166666664,106350.28303030302,124830.44041666666,142659.00263598328,138880.68676470587,0.0,27841.2,65168.24583333334,113755.08484848484,137989.606875,136006.39786610877,148171.25044117647,0.0,25636.574999999997,76616.41416666667,109735.29969696968,132668.46645833334,135126.42937238494,153706.19713235294,0.0,34607.69,65176.805,120428.80878787879,142695.47833333333,139705.06569037656,146554.2705882353,0.0,27457.08,64579.012500000004,117973.45454545454,126243.498125,130354.01652719665,131285.76904411765,0.0,143824.46,616519.87,2733845.45,4289949.28,4362878.66,3667522.02,0.0,172718.22,1230750.66,2933384.92,5180142.77,4986948.25,4990242.2,0.0,51591.86,295582.91,620733.38,956970.17,1643753.6,1462635.49,0.0,45338.41,338652.92,568365.97,1355726.87,1698830.68,1566647.51,0.0,41191.42,343416.29,554228.69,856052.58,1144079.33,2103425.47,0.0,35991.1,310395.75,779140.9,1071653.14,1451162.85,1823350.39,0.0,33599.85,272048.81,717669.03,939740.01,1438417.73,1691733.9,0.0,115920.68,0.0,0.0,0.0,0.0,0.0,0.0,112758.98,9469.96,9469.96,9469.96,15739.34,7203.27,0.0,2800.25,992.43,992.43,992.43,1561.86,126.84,0.0,10343.99,695.32,695.32,695.32,90.54,326.29,0.0,10081.73,2448.3,2448.3,1053.31,601.19,388.55,0.0,33224.28,3237.86,3237.86,947.52,1352.25,89.41,0.0,21314.31,2029.64,2029.64,1980.87,294.17,112.38,0.0,6.5,6.833333333333333,6.303030303030303,5.625,5.397489539748954,5.492647058823529,0.0,12,3,0.25,1
Sood Medical Center,MHMC-69004,INS-HOSP-1715,TPA-HOSP-973,SYSFT3230X,H.No. 11- Bera Nagar,Hayer Ganj,Guwahati,Opposite Park,Nagpur,Nagpur,Maharashtra,India,430328,21.169954,79.076982,2386387695,fkumar@gandhi.biz,www.wable.com,General Surgery,General Medicine,Yes,Yes,Yes,Yes,Yes,6,Yes,No,No,No,No,No,No,2025-04-06,Passed,2028-07-19,Urban,No,No,0,11,5,0,340335.91,3016508.6900000004,19620530.26,2025-08-12,HOSP-0029,119,Government,No,0,No,0,2025-07-22,0.6898817345597897,1.0,8,35,50,235,131,0.0,0.0,1,5,5,13,16,0,1.0,6,27,42,205,104,0,409306.2,5987952.49,29168969.0,41115358.99,144092907.05,90760664.21,0.0,1.0,5,30,43,172,97,0,0.0,3,5,7,63,34,0,I10,E11.9,E66.9,E78.5,N18.9,R53.83,F32.9,I50.9,I25.10,Z79.899,186,172,117,111,110,101,100,94,90,75,127,Network,0,0,0,0,340335.91,377063.58625000005,560586.578857143,590231.2202,459602.062,495639.68190839695,0.0,29511561.009999998,108006484.57,64928798.33,0.0,409306.2,748494.06125,833399.1142857143,822307.1798,613161.3065957447,692829.4977862595,0.0,69447.3,141561.525,142421.1682857143,139658.9666,118947.83012765959,107544.12572519084,0.0,40674.15,100506.25625,165691.6497142857,152936.2608,127581.40136170213,153012.0038167939,0.0,90941.88,124978.4875,152103.60771428572,146799.571,116607.25034042553,139168.79129770992,0.0,105114.35,191051.40375,167079.30342857144,185431.0686,123310.0354893617,149250.31954198473,0.0,103128.52,190396.38874999998,206103.38514285712,197481.3128,126714.78927659575,143854.25740458013,0.0,340335.91,1313500.59,6026961.5,6026961.5,4527014.29,6045335.51,0.0,409306.2,1522814.8,7348780.43,7348780.43,5102450.33,6186348.52,0.0,69447.3,482502.73,1288977.55,1288977.55,1371344.33,573114.65,0.0,40674.15,223944.91,1778290.57,1778290.57,1737096.24,1450304.71,0.0,90941.88,377515.95,1715991.75,1715991.75,914612.26,1352966.5,0.0,105114.35,512645.26,512645.26,1540793.45,1516201.61,1716927.1,0.0,103128.52,540364.27,2192231.84,2192231.84,1640231.59,2412232.53,0.0,340335.91,0.0,0.0,0.0,0.0,0.0,0.0,409306.2,225722.63,16850.1,16850.1,5052.02,10366.13,0.0,69447.3,1260.52,1260.52,1260.52,250.45,1825.93,0.0,40674.15,19115.25,2022.53,2022.53,301.54,741.39,0.0,90941.88,5834.44,1531.19,1531.19,463.27,42.31,0.0,105114.35,12722.11,4779.34,4201.24,466.89,495.91,0.0,103128.52,6662.0,936.81,936.81,121.12,478.72,0.0,1.0,6.125,4.828571428571428,4.86,5.276595744680851,5.3816793893129775,0.0,8,1,0.125,0
Roy Medical Center,MHMC-12597,INS-HOSP-7263,TPA-HOSP-331,IDOAZ9978O,19 Ganesh Marg,Chopra,Madurai,Opposite Park,Nagpur,Nagpur,Maharashtra,India,445866,21.055373,79.087788,915734344182,rasha06@atwal-chakraborty.com,www.rajan.com,Obstetrics & Gynecology,Pediatrics,Yes,Yes,Yes,Yes,No,10,Yes,Yes,No,No,No,Yes,No,2025-02-14,Passed,2026-08-18,Urban,No,No,0,49,24,0,736569.86,2446842.19,8703400.120000001,2025-08-12,HOSP-0030,499,Private,Yes,0,No,0,2025-08-02,0.328515111695138,2.0,8,28,44,237,123,0.0,0.0,0,2,2,10,6,0,2.0,7,23,39,212,103,0,1155921.32,3903259.15,17138797.03,27522409.49,158448758.59,89441871.5,0.0,2.0,5,20,34,192,99,0,0.0,3,8,10,45,24,0,E11.9,I10,E66.9,E78.5,R53.83,N18.9,I25.10,I50.9,F32.9,Z79.899,173,172,118,99,96,93,90,88,86,66,127,Network,0,0,0,0,368284.93,305855.27375,310835.7185714286,397382.04954545456,505866.49383966246,533457.9992682927,0.0,17484810.18,119890359.04,65615333.910000004,0.0,577960.66,487907.39375,612099.8939285715,625509.306590909,668560.1628270042,727169.6869918699,0.0,62487.86,79773.18625,80215.97357142858,108578.3415909091,136971.6293670886,132709.76113821138,0.0,166342.98,76408.3625,163175.905,151183.05272727273,133794.7812236287,148825.86048780486,0.0,42063.48,111448.17625,107577.80357142857,103343.21931818183,133798.64658227848,132376.27951219512,0.0,156149.595,120867.94375,160377.6832142857,145976.49022727273,128608.97046413503,162595.89601626017,0.0,150916.745,99409.72499999999,100752.52857142857,116428.20272727273,135386.13518987343,150661.88983739837,0.0,736569.86,736569.86,1315167.62,1887149.34,4607519.85,4207651.22,0.0,1028469.93,1065506.18,4619069.41,4619069.41,4928755.32,5022201.94,0.0,122291.94,322919.85,322919.85,773036.56,815971.19,1469512.88,0.0,304303.08,304303.08,1696686.76,1696686.76,1548681.9,1428709.84,0.0,51528.47,347473.13,539898.53,539898.53,1333774.35,1305836.86,0.0,280576.53,316393.54,1631852.58,1631852.58,836230.84,1843227.38,0.0,269769.91,303370.3,737021.64,833337.02,1427240.37,1756628.33,0.0,0.0,0.0,0.0,0.0,0.0,0.0,0.0,127451.39,36580.58,34923.25,7756.91,6810.05,12525.12,0.0,2683.78,1330.82,1330.82,800.64,239.95,697.88,0.0,28382.88,3226.43,3226.43,1594.42,18.26,742.26,0.0,32598.49,4930.54,378.57,290.17,423.07,249.97,0.0,31722.66,14127.98,3872.24,695.82,1169.72,153.11,0.0,32063.58,3759.86,463.83,463.83,99.47,526.02,0.0,5.0,6.625,6.0,5.704545454545454,5.6455696202531644,5.487804878048781,0.0,8,2,0.25,1
Issac Care,MHMC-68340,INS-HOSP-6437,TPA-HOSP-814,WFSIX1805F,291 Gokhale,Dua Road,Haridwar,Near Metro Station,Howrah,Howrah,West Bengal,India,731450,22.538246,88.248633,3245722697,dharmajankara@reddy-wadhwa.com,www.sundaram.com,Orthopedics,General Surgery,No,Yes,Yes,Yes,Yes,17,No,No,Yes,No,No,Yes,No,2024-09-15,Passed,2028-03-19,Urban,No,No,0,12,6,0,815976.99,3704738.81,13720584.47,2025-08-12,HOSP-0031,126,Private,Yes,0,No,0,2025-08-04,0.2628120893561104,3.0,13,36,51,233,120,0.0,0.0,1,2,2,10,6,0,3.0,12,32,47,207,103,0,978541.7799999999,4841524.4799999995,19248326.35,26639750.28,161067527.49,79884452.79,0.0,1.0,8,27,40,176,86,0,2.0,5,9,11,57,34,0,I10,E11.9,E66.9,I25.10,E78.5,N18.9,F32.9,I50.9,R53.83,F17.210,172,153,127,116,104,104,101,88,83,75,127,Non-Network,0,0,0,0,271992.33,284979.9084615385,381127.3463888889,393740.4545098039,507464.8334334764,496364.45425,0.0,20080763.18,118239306.19,59563734.51,0.0,326180.5933333333,372424.95999999996,534675.7319444445,522348.0447058824,691276.9420171675,665703.7732500001,0.0,37812.246666666666,75429.17538461539,95438.18833333332,92833.65529411765,129899.59854077254,151149.69183333332,0.0,85554.34000000001,64206.32230769231,131153.90055555556,126099.79098039215,142047.81188841202,115290.57616666667,0.0,66932.02333333333,109340.94538461539,98167.87083333333,94399.79235294118,140255.5992274678,131347.44558333335,0.0,95873.15666666666,67692.87846153846,104441.55638888889,107154.81549019608,135021.38223175966,127457.25266666667,0.0,40008.82666666667,55755.63846153846,105474.21583333334,101859.99058823529,144052.55012875536,140458.807,0.0,595784.38,974016.38,2704336.5,2704336.5,3758130.07,5436709.88,0.0,696506.82,1246889.38,3230270.81,3230270.81,4688866.13,5938871.97,0.0,48850.35,450790.3,640189.64,640189.64,1632897.98,2977376.54,0.0,199911.98,199911.98,1683224.67,1683224.67,1231983.83,805362.87,0.0,150558.97,505950.22,505950.22,505950.22,1965297.14,826144.98,0.0,206042.62,265469.13,790130.58,790130.58,1003937.7,1086603.33,0.0,105916.56,273897.04,683948.9,683948.9,1731888.98,1158490.25,0.0,58815.0,0.0,0.0,0.0,0.0,0.0,0.0,103839.94,103839.94,30042.58,30042.58,9491.5,10446.08,0.0,30509.7,2388.42,1307.44,1307.44,24.97,206.12,0.0,11539.06,6398.73,2110.96,384.81,199.21,771.85,0.0,20404.9,11619.51,3672.49,2195.14,139.71,1385.32,0.0,28037.29,2940.67,2940.67,2670.54,94.24,828.78,0.0,3921.69,3921.69,3082.66,3082.66,585.32,201.44,0.0,5.0,5.615384615384615,6.0,5.705882352941177,5.609442060085837,5.166666666666667,0.0,13,5,0.38461538461538464,1
Sharma Medical Center,MHMC-77913,INS-HOSP-8205,TPA-HOSP-202,PWIUV2730P,H.No. 46 Bhalla Street,Subramaniam Road,Vijayanagaram,Near Metro Station,New Delhi,New Delhi,Delhi,India,110071,28.605093,77.154391,911977062956,veer15@kant.com,www.yogi.com,General Surgery,Cardiology,Yes,Yes,Yes,Yes,No,8,No,No,No,No,No,No,No,2024-09-17,Pending,2028-05-06,Urban,No,No,0,52,26,0,108494.65,1366431.92,9856843.25,2025-08-12,HOSP-0032,522,Private,Yes,0,No,0,2025-07-28,0.49277266754270693,2.0,6,27,45,224,140,0.0,0.0,0,3,4,18,14,0,2.0,5,22,37,187,115,0,317674.22,2151329.0500000003,12726758.620000001,23983994.64,149284727.02,112848552.71000001,0.0,0.0,4,21,33,173,101,0,2.0,2,6,12,51,39,0,I10,E11.9,E66.9,E78.5,F32.9,R53.83,I25.10,N18.9,I50.9,M54.5,168,148,129,107,99,96,93,93,87,74,127,Network,0,0,0,0,54247.325,227738.65333333332,365068.26851851854,381860.1597777778,474185.1477232143,544660.3680714286,0.0,17183707.19,106217473.09,76252451.53,0.0,158837.11,358554.84166666673,471361.4303703704,532977.6586666667,666449.6741964286,806061.0907857143,0.0,29498.58,84491.65833333334,101157.63185185185,112695.10333333335,139177.06397321427,159549.6287142857,0.0,56808.095,101956.88,82781.37703703705,109467.54955555554,120654.98169642857,176924.56542857143,0.0,16870.645,80513.25,124873.60185185185,127225.72799999999,136944.27964285715,154823.7875,0.0,34016.765,38182.238333333335,93879.46444444444,87700.06511111112,141779.57620535715,178232.8925714286,0.0,21643.025,53410.815,68669.3551851852,95889.21266666667,127893.77267857143,136530.21657142858,0.0,83131.34,496214.11,1452564.87,1452564.87,4940968.13,6227738.52,0.0,219146.12,593815.68,1879702.6,1879702.6,6780062.77,6830586.91,0.0,48302.37,192451.23,326941.33,528794.05,1894849.45,2143349.28,0.0,95408.33,185100.59,315711.42,418510.1,1472256.49,2686281.38,0.0,19078.27,181279.81,851405.9,851405.9,1839229.82,1644999.25,0.0,37115.61,98002.18,591742.42,591742.42,1967300.11,2242338.66,0.0,24044.51,112324.99,271256.98,410721.05,2030600.49,1318068.6,0.0,25363.31,0.0,0.0,0.0,0.0,0.0,0.0,98528.1,98528.1,21279.46,21279.46,7276.89,9691.27,0.0,10694.79,10694.79,6512.13,2499.96,1054.26,102.63,0.0,18207.86,18207.86,11.32,11.32,192.36,444.96,0.0,14663.02,14663.02,3617.92,3617.92,106.41,581.78,0.0,30917.92,7458.39,5325.71,656.86,26.82,648.27,0.0,19241.54,8596.09,3117.95,3117.95,120.96,680.87,0.0,8.5,5.166666666666667,5.888888888888889,6.0,5.861607142857143,6.235714285714286,0.0,6,1,0.16666666666666666,0
Barman Care,MHMC-31561,INS-HOSP-3988,TPA-HOSP-851,FNQVM7518T,81- Sen Street,Chandran Circle,Tadipatri,Opposite Park,Pune,Pune,Maharashtra,India,460244,18.487034,73.858847,914258877366,qramakrishnan@wali.net,www.swamy-doctor.com,General Surgery,0,Yes,Yes,Yes,Yes,Yes,5,No,No,No,No,Yes,Yes,Yes,2025-07-02,Passed,2028-06-16,Urban,No,No,0,53,26,0,742595.73,7169066.89,27278778.65,2025-08-12,HOSP-0033,536,Private,Yes,0,No,0,2025-07-27,0.5256241787122208,1.0,9,34,57,246,126,0.0,0.0,0,4,5,17,6,0,1.0,9,29,50,210,106,0,905072.64,8723582.19,34921346.35,64267307.58,245270019.2,141082342.56,0.0,1.0,8,29,49,183,95,0,0.0,1,5,8,63,31,0,I10,E11.9,E66.9,E78.5,N18.9,R53.83,F32.9,I25.10,I50.9,M54.5,186,181,126,124,118,106,103,99,94,70,127,Non-Network,0,0,0,0,742595.73,796562.9877777777,802317.019117647,898347.5184210526,747138.3757317073,851422.8316666665,0.0,51205808.55,183796040.43,107279276.78999999,0.0,905072.64,969286.9099999999,1027098.4220588235,1127496.6242105262,997032.5983739836,1119701.1314285714,0.0,177945.96,137261.86333333334,197176.47382352944,241668.99105263158,180622.49199186993,199115.8223015873,0.0,138353.23,237822.7533333333,235920.7526470588,277365.5182456141,196713.69857723577,244462.77634920634,0.0,90194.09,174543.74000000002,218416.8532352941,191238.71684210526,210000.66406504065,218229.9646825397,0.0,221647.23,297497.5444444444,176945.72970588235,216598.99140350876,203740.62028455286,200694.97166666665,0.0,276932.13,122161.0088888889,198638.61264705882,200624.40666666665,205955.12345528454,257197.5964285714,0.0,742595.73,4212777.29,4883861.75,6683139.24,6199967.3,5610308.32,0.0,905072.64,5177146.58,5304575.78,7205140.13,7561309.36,7510730.55,0.0,177945.96,520810.71,1811395.32,2119021.93,1826106.71,1628853.97,0.0,138353.23,1507082.85,1507082.85,2646630.42,2283780.3,2651814.05,0.0,90194.09,874695.23,1381725.29,1381725.29,2573635.65,2719344.15,0.0,221647.23,1974385.91,1974385.91,1974385.91,2748409.15,1755044.95,0.0,276932.13,300171.88,1116552.43,1477023.52,3423005.52,2704038.07,0.0,742595.73,37976.85,0.0,0.0,0.0,0.0,0.0,905072.64,41035.84,40855.75,40855.75,7578.91,7357.35,0.0,177945.96,1787.8,700.15,700.15,473.14,27.28,0.0,138353.23,10675.99,4519.32,4519.32,69.53,529.43,0.0,90194.09,3704.52,3704.52,2065.57,35.37,351.15,0.0,221647.23,15545.37,1038.52,200.86,162.83,1658.26,0.0,276932.13,9322.16,1175.77,1175.77,66.7,368.56,0.0,6.0,5.555555555555555,6.0588235294117645,5.859649122807017,5.711382113821138,5.634920634920635,0.0,9,1,0.1111111111111111,0
Loyal Care,MHMC-84743,INS-HOSP-5450,TPA-HOSP-819,VYPOO7771D,02 Karnik Ganj,Karnik,Bareilly,Opposite Park,Bangalore,Bangalore,Karnataka,India,581868,12.800895,77.597667,156948067,himmat05@dar.org,www.kapadia-kala.com,Obstetrics & Gynecology,Oncology,No,Yes,Yes,Yes,Yes,4,No,Yes,No,No,No,Yes,No,2025-05-15,Passed,2028-02-22,Urban,No,No,0,14,7,0,1478060.85,12461175.8,18955692.51,2025-08-12,HOSP-0034,144,Government,Yes,0,No,0,2025-08-01,0.36136662286465177,2.0,11,37,58,207,130,0.0,0.0,0,4,6,10,15,0,2.0,11,30,48,182,107,0,1916346.67,15682097.02,29954490.11,42653236.37,152310719.19,99437264.44,0.0,2.0,9,25,43,156,96,0,0.0,2,12,15,51,34,0,E11.9,I10,E66.9,E78.5,I25.10,R53.83,I50.9,N18.9,F32.9,G47.33,160,148,114,108,100,94,89,88,80,71,127,Network,0,0,0,0,739030.425,1132834.1636363638,512316.0137837838,466431.08672413795,534942.3362801932,528092.7377692307,0.0,27053003.03,110733063.61,68652055.91,0.0,958173.335,1425645.1836363636,809580.8137837838,735400.6270689655,735800.5757971015,764902.0341538461,0.0,284943.625,326975.90454545454,156913.95702702703,154172.20758620687,162802.88666666666,160687.72215384615,0.0,190005.75999999998,329533.2181818182,182198.90810810812,152624.29189655173,158212.50710144927,165681.71630769232,0.0,134233.515,238804.15999999997,154073.137027027,136932.3846551724,131066.30053140096,145815.88246153845,0.0,252606.415,294133.7272727273,190793.41405405407,173005.20034482758,147367.3866183575,147709.17753846152,0.0,96384.02,236198.17363636364,125601.39756756756,118666.54258620691,136351.49487922707,145007.5356923077,0.0,1478060.85,3889650.95,3889650.95,3889650.95,5924870.65,4057228.97,0.0,1680692.24,5477286.1,5477286.1,5477286.1,7061047.04,5240022.09,0.0,499408.88,1131474.29,1131474.29,1131474.29,2603279.69,1024720.59,0.0,328898.91,1644763.76,1644763.76,1644763.76,1954653.34,1022888.66,0.0,244947.97,1157436.38,1207063.67,1207063.67,1532769.22,1173387.57,0.0,457160.34,1401886.34,1401886.34,1401886.34,1475878.01,1108264.02,0.0,150276.14,1141076.57,1141076.57,1141076.57,1832051.39,1328154.21,0.0,0.0,0.0,0.0,0.0,0.0,0.0,0.0,235654.43,118487.5,7064.7,7064.7,8761.9,8288.18,0.0,70478.37,27176.18,1283.36,1283.36,79.82,1064.09,0.0,51112.61,18745.97,202.84,202.84,260.26,8.71,0.0,23519.06,6167.25,1096.48,1096.48,107.71,1726.44,0.0,48052.49,12409.91,190.18,190.18,933.28,110.05,0.0,42491.9,15968.87,1108.83,13.35,62.17,892.4,0.0,6.5,5.181818181818182,4.972972972972973,5.241379310344827,5.57487922705314,5.492307692307692,0.0,11,2,0.18181818181818182,0
Dar Medical Center,MHMC-87156,INS-HOSP-3285,TPA-HOSP-844,BHXHK8587W,41/48 Char Nagar,Tripathi Road,Anantapur,Near Metro Station,New Delhi,New Delhi,Delhi,India,110091,28.532386,77.128458,915881388488,hridaan80@dhawan.com,www.gill-bhatt.info,Obstetrics & Gynecology,0,Yes,No,Yes,Yes,No,15,No,No,No,Yes,No,No,No,2024-08-22,Pending,2026-12-20,Urban,No,No,0,49,24,0,1536690.6099999999,4549606.74,16344000.28,2025-08-12,HOSP-0035,490,Private,No,0,No,0,2025-07-18,0.8212877792378449,2.0,10,32,43,218,116,0.0,0.0,1,3,5,19,8,0,2.0,9,29,36,187,92,0,1753573.83,4900484.14,19847339.38,28303981.38,141549713.64,73394503.51,0.0,2.0,9,27,35,160,87,0,0.0,1,5,8,58,29,0,E11.9,I10,E66.9,F32.9,N18.9,R53.83,E78.5,I50.9,I25.10,F41.9,164,160,111,105,103,95,91,90,90,69,127,Network,0,0,0,0,768345.3049999999,454960.674,510750.00875,498503.45627906977,464208.5242660551,427782.02749999997,0.0,21435648.62,101197458.29,49622715.19,0.0,876786.915,490048.414,620229.355625,658232.125116279,649310.6130275229,632711.2371551725,0.0,47814.645,86464.987,135716.14875,139733.57372093023,119192.86201834863,125179.45043103448,0.0,450027.25,145971.011,138238.641875,139071.4104651163,137908.6787614679,112799.29422413794,0.0,104818.67000000001,79308.717,114489.168125,133917.7681395349,141451.62142201833,143710.52155172414,0.0,153224.61000000002,108150.952,103267.4625,122832.96813953487,129836.37073394496,134122.58810344827,0.0,120901.74,70152.747,128517.934375,122676.4046511628,120921.08009174312,116899.38284482759,0.0,1187022.99,1187022.99,1603828.47,1603828.47,5414179.48,5189928.34,0.0,1311529.26,1409769.87,1649880.77,1649880.77,5537376.77,6743119.22,0.0,93232.26,466304.36,521616.94,521616.94,1138232.81,1921829.95,0.0,866030.22,866030.22,866030.22,866030.22,1821033.56,1281310.59,0.0,187222.23,187222.23,413725.29,508695.0,1570035.05,2383148.36,0.0,260299.2,373495.24,402596.44,402596.44,997490.39,1622548.05,0.0,172251.01,172251.01,493750.79,493750.79,1684716.13,642332.09,0.0,349667.62,0.0,0.0,0.0,0.0,0.0,0.0,442044.57,36134.98,16880.59,16880.59,5582.93,5175.58,0.0,2397.03,791.87,791.87,791.87,411.71,505.19,0.0,34024.28,7832.02,4983.34,2243.98,932.94,861.57,0.0,22415.11,7144.89,2659.94,1012.18,63.15,410.33,0.0,46150.02,254.02,254.02,254.02,120.59,40.01,0.0,69552.47,10683.54,576.03,576.03,450.74,395.9,0.0,9.0,6.3,5.5,5.511627906976744,5.027522935779817,5.620689655172414,0.0,10,3,0.3,1
Dube Medical Center,MHMC-78630,INS-HOSP-5443,TPA-HOSP-724,CDYEQ2525S,14 Bajwa Chowk,Dass Street,Nadiad,Opposite Park,Nagpur,Nagpur,Maharashtra,India,458894,21.084707,79.188263,1931255203,bijuvaidya@apte.biz,www.dhawan.com,Cardiology,Pediatrics,Yes,Yes,Yes,Yes,No,3,Yes,Yes,No,Yes,No,No,No,2024-10-03,Passed,2026-11-18,Urban,No,No,0,69,34,0,563095.95,2370451.2399999998,10438958.27,2025-08-12,HOSP-0036,699,Charitable,Yes,0,No,0,2025-07-18,0.8212877792378449,2.0,7,28,47,232,106,0.0,0.0,0,3,4,20,7,0,2.0,5,21,35,188,90,0,568439.46,3396619.3200000003,15793940.59,23734228.87,167674027.36,63733823.67,0.0,2.0,7,19,36,172,76,0,0.0,0,9,11,60,30,0,I10,E11.9,E66.9,I25.10,N18.9,E78.5,I50.9,R53.83,G47.33,F32.9,162,148,124,110,101,96,93,83,74,69,127,Network,0,0,0,0,281547.975,338635.89142857137,372819.9382142857,328218.51829787233,503650.88745689654,414402.1264150943,0.0,15426270.36,116847005.89,43926625.4,0.0,284219.73,485231.3314285715,564069.3067857142,504983.5929787234,722732.8765517242,601262.4874528302,0.0,81923.965,66307.56857142856,107547.14249999999,88835.52127659574,153285.03275862068,107671.18886792453,0.0,73481.91500000001,110215.53714285714,129423.28964285714,112355.23127659575,132857.05112068966,112450.49481132075,0.0,6352.99,59342.530000000006,100175.72071428572,99730.0085106383,143959.15219827584,136486.0303773585,0.0,42537.72,129858.72142857143,113594.2332142857,104458.35468085106,153629.0172413793,123472.81056603773,0.0,79923.14,119506.97428571428,113328.9207142857,99604.47723404254,139002.62323275863,121181.96283018868,0.0,336736.23,1118322.9,2266960.46,2266960.46,5034755.0,4699244.24,0.0,351394.17,1586104.86,2332142.2,2332142.2,6221306.85,5204382.71,0.0,111709.65,119975.24,426463.8,426463.8,2238537.67,1021504.23,0.0,89598.52,473247.46,652770.43,652770.43,2179547.38,957012.89,0.0,8229.2,202368.31,452844.57,452844.57,1719867.26,1641956.66,0.0,44784.02,568894.04,568894.04,568894.04,1833321.47,1641381.68,0.0,97072.78,272507.73,579788.08,579788.08,1146083.53,946726.97,0.0,226359.72,0.0,0.0,0.0,0.0,0.0,0.0,217045.29,130762.89,45401.6,45401.6,8721.38,5461.84,0.0,52138.28,5748.13,1297.9,1297.9,173.1,78.02,0.0,57365.31,14984.98,8138.23,4363.38,12.57,255.1,0.0,4476.78,4476.78,4453.15,1113.51,891.43,653.78,0.0,40291.42,10120.44,4782.11,143.22,420.97,162.85,0.0,62773.5,30897.67,275.83,275.83,806.31,422.97,0.0,6.0,5.142857142857143,5.5,5.425531914893617,5.625,5.962264150943396,0.0,7,1,0.14285714285714285,0
Chad Care,MHMC-67393,INS-HOSP-9969,TPA-HOSP-582,TSLFZ9903P,63/38 Kulkarni Road,Tella Zila,Tumkur,Near Metro Station,New Delhi,New Delhi,Delhi,India,110075,28.682145,77.298018,3947342505,kiaan53@sawhney.com,www.singhal-sagar.com,Oncology,General Surgery,Yes,Yes,Yes,Yes,Yes,12,Yes,No,No,No,No,No,Yes,2025-05-29,Passed,2027-01-18,Urban,Yes,No,0,45,22,0,1225264.33,4159785.2600000002,22312383.35,2025-08-12,HOSP-0037,452,Private,Yes,0,No,0,2025-07-23,0.657030223390276,2.0,9,36,49,225,136,0.0,0.0,0,2,2,15,14,0,2.0,9,34,44,190,112,0,306293.31,4061162.15,27640514.85,41760659.76,132127923.61,75094976.09,0.0,2.0,9,27,36,171,105,0,0.0,0,9,13,54,31,0,I10,E11.9,E66.9,I25.10,F32.9,N18.9,E78.5,I50.9,R53.83,G47.33,170,153,125,120,109,106,105,102,92,86,127,Network,0,0,0,0,612632.165,462198.36222222226,619788.426388889,555451.0834693877,401082.95457777777,409310.93477941176,0.0,27217103.09,90243664.78,55666287.13,0.0,153146.655,451240.23888888885,767792.0791666667,852258.3624489795,587235.2160444445,552168.9418382354,0.0,11839.76,89259.02333333333,157977.8961111111,172257.91489795918,120711.30635555556,109611.1730882353,0.0,66079.295,106271.19555555556,120250.83944444444,127306.16346938776,107012.9152888889,111085.39213235294,0.0,20232.030000000002,82486.55222222222,133493.13583333336,171838.13877551022,117819.21488888889,117143.79411764706,0.0,27953.29,78017.96888888889,150443.70388888888,149320.62612244897,123222.93746666667,96383.08720588234,0.0,27042.28,95205.49888888889,205626.50388888887,231535.51918367346,118468.84204444445,117945.49529411765,0.0,1108838.79,1108838.79,6980095.82,6980095.82,3585261.66,4428026.48,0.0,182900.49,896803.68,7083394.23,7083394.23,4431901.48,5271602.43,0.0,18629.8,214105.51,1078407.88,1078407.88,1303087.14,1174054.67,0.0,101984.15,323825.07,516082.54,591253.35,1400438.25,1670542.24,0.0,33456.98,150894.73,1195192.81,1442383.05,1154046.59,1523662.64,0.0,35846.41,214574.75,1523906.28,1523906.28,1956332.76,1420488.24,0.0,33013.13,277117.14,2912463.76,2912463.76,1149832.02,2132331.7,0.0,116425.54,0.0,0.0,0.0,0.0,0.0,0.0,123392.82,123392.82,5604.17,5604.17,7368.23,7342.82,0.0,5049.72,5049.72,595.05,595.05,560.91,1107.51,0.0,30174.44,14969.78,53.7,53.7,481.5,101.03,0.0,7007.08,7007.08,364.99,364.99,135.89,110.14,0.0,20060.17,17397.76,2124.44,1924.01,250.91,197.63,0.0,21071.43,21071.43,1675.29,1675.29,18.49,76.92,0.0,4.0,5.666666666666667,6.0,5.653061224489796,5.475555555555555,5.911764705882353,0.0,9,2,0.2222222222222222,1
Shetty Hospital,MHMC-90186,INS-HOSP-9890,TPA-HOSP-890,QAHXW3088C,H.No. 529- Wadhwa Circle,Bassi,Mango,0,Nagpur,Nagpur,Maharashtra,India,407827,21.134237,79.135134,2951004477,vritika45@kashyap-mammen.com,www.majumdar-shenoy.net,Pediatrics,Oncology,No,Yes,Yes,Yes,No,19,Yes,Yes,No,Yes,No,Yes,No,2024-11-27,Passed,2028-04-20,Rural,No,No,0,86,43,0,926417.63,3719937.04,15749750.86,2025-08-12,HOSP-0038,860,Private,Yes,0,No,0,2025-07-30,0.42706964520367935,2.0,9,34,44,222,132,0.0,0.0,1,4,4,16,11,0,2.0,8,28,37,193,110,0,318553.55,3854757.5300000003,19315155.33,29922808.31,158553609.76,89950629.72,0.0,1.0,3,18,24,178,102,0,1.0,6,16,20,44,30,0,E11.9,I10,E66.9,N18.9,I50.9,E78.5,I25.10,F32.9,G47.33,R53.83,181,159,131,106,106,102,100,94,80,77,127,Non-Network,0,0,0,0,463208.815,413326.3377777778,463227.96647058823,564498.1993181818,537688.9606306306,448872.9166666667,0.0,24837920.77,119366949.26,59251225.0,0.0,159276.775,428306.39222222223,568092.8038235294,680063.8252272727,714205.4493693693,681444.1645454546,0.0,29040.33,62260.702222222215,102225.68764705882,133966.4359090909,132156.73067567567,144992.00287878787,0.0,37925.61,96511.27222222222,135814.56705882354,148514.8634090909,138757.67887387387,129773.52977272727,0.0,55702.975000000006,89442.11333333334,111953.35411764706,133755.70045454547,148854.7186036036,136076.73696969697,0.0,28094.05,95436.30222222222,113393.56352941177,141088.67386363636,142967.66612612613,124359.45712121212,0.0,8513.81,84656.00222222222,104705.63147058824,122738.1515909091,151468.6550900901,146242.4378030303,0.0,666866.77,1154030.66,3909542.06,3909542.06,5516445.22,3125689.95,0.0,185508.49,1379723.5,4448207.51,4448207.51,5979464.37,4891661.23,0.0,44326.68,205726.94,683956.37,1070926.31,1720367.69,985832.34,0.0,44889.69,376434.5,1893539.85,1893539.85,2500121.01,1388235.42,0.0,73779.21,227620.22,687032.91,766323.4,1956781.1,849717.29,0.0,39309.68,204916.62,1508119.95,1508119.95,1805508.39,896005.83,0.0,11393.13,365025.22,474257.41,861763.85,2129582.93,1248234.26,0.0,259550.86,0.0,0.0,0.0,0.0,0.0,0.0,133045.06,48958.66,18870.65,18870.65,8463.22,12025.3,0.0,13753.98,1234.86,1234.86,1234.86,604.12,1203.25,0.0,30961.53,14254.0,2120.66,2120.66,504.12,928.18,0.0,37626.74,1527.9,697.42,697.42,1067.01,276.28,0.0,16878.42,12792.2,670.78,670.78,83.92,188.33,0.0,5634.49,5634.49,674.88,674.88,700.49,2194.18,0.0,3.0,4.333333333333333,5.147058823529412,5.136363636363637,5.481981981981982,5.636363636363637,0.0,9,2,0.2222222222222222,1
Ramanathan Medical Center,MHMC-37186,INS-HOSP-4632,TPA-HOSP-577,DFSJT4772A,48 Dhar Road,Konda Chowk,Hajipur,Opposite Park,Kolkata,Kolkata,West Bengal,India,704800,22.585481,88.455226,1105320056,uthkarsh53@grover-bansal.com,www.chandra-vig.com,Obstetrics & Gynecology,Oncology,No,Yes,Yes,Yes,No,13,No,Yes,Yes,Yes,No,No,Yes,2024-12-31,Passed,2026-04-16,Urban,No,No,0,58,29,0,1331781.37,4999889.41,15256255.8,2025-08-12,HOSP-0039,583,Private,Yes,0,No,0,2025-07-17,0.8541392904073587,1.0,11,29,46,192,124,0.0,0.0,2,6,7,10,10,0,1.0,8,22,37,168,109,0,223605.22,6910621.2,20173403.8,28120439.16,140318579.35999998,87497298.03,0.0,1.0,8,22,35,159,96,0,0.0,3,7,11,33,28,0,I10,E11.9,F32.9,E66.9,I25.10,E78.5,I50.9,M54.5,N18.9,G47.33,159,141,105,99,93,88,84,77,75,66,127,Network,0,0,0,0,1331781.37,454535.40090909094,526077.7862068965,472308.0391304348,516124.34375,550831.7939516129,0.0,21726169.8,99095874.0,68303142.45,0.0,223605.22,628238.2909090909,695634.6137931035,611313.8947826087,730825.9341666666,705623.3712096774,0.0,20710.76,120929.10454545454,142307.00137931036,119677.1545652174,164170.07739583333,156133.3541935484,0.0,35092.48,135040.10090909092,144944.66896551725,130567.30086956521,147875.62541666665,124094.10290322581,0.0,52784.04,123044.58727272727,152410.7948275862,129635.7443478261,147407.99807291667,138393.71258064517,0.0,50210.38,134122.48454545456,116241.6851724138,102325.03782608696,133217.10093749998,150307.48403225807,0.0,64807.56,115102.01363636363,139730.46344827587,129108.65717391306,138155.13234375,136694.7175,0.0,1331781.37,1331781.37,2493481.95,2493481.95,4191264.87,3433617.7,0.0,223605.22,1240974.26,3132086.31,3132086.31,6103834.49,3862906.5,0.0,20710.76,307254.33,1148172.68,1148172.68,2186592.89,1220608.76,0.0,35092.48,303778.91,310837.11,449231.11,1695259.89,1064883.78,0.0,52784.04,339184.01,1054889.5,1054889.5,2013450.22,1090110.04,0.0,50210.38,324677.94,631788.83,631788.83,1761180.99,1585284.13,0.0,64807.56,327273.26,717112.51,717112.51,1521434.99,1016140.34,0.0,1331781.37,0.0,0.0,0.0,0.0,0.0,0.0,223605.22,223264.73,141210.76,54548.66,5800.93,26908.22,0.0,20710.76,163.07,163.07,163.07,191.28,1623.95,0.0,35092.48,35092.48,20155.16,11915.64,293.24,143.84,0.0,52784.04,9653.01,9653.01,1915.78,692.74,2347.16,0.0,50210.38,14176.39,8754.15,8754.15,74.84,1726.92,0.0,64807.56,18996.56,1527.19,1527.19,430.9,417.9,0.0,4.0,6.090909090909091,5.413793103448276,5.456521739130435,5.671875,6.193548387096774,0.0,11,1,0.09090909090909091,0
Shroff Care,MHMC-17220,INS-HOSP-2482,TPA-HOSP-103,DUOFE6080L,H.No. 091- Dar Street,Doctor Path,Bidhannagar,Behind Mall,Pune,Pune,Maharashtra,India,424293,18.471348,73.829011,916474067389,psinha@johal-bhavsar.com,www.rajagopalan.com,Obstetrics & Gynecology,0,Yes,Yes,Yes,Yes,Yes,1,No,Yes,No,No,Yes,Yes,Yes,2024-10-01,Passed,2026-07-27,Rural,No,No,0,83,41,0,147260.49,5723884.22,19011841.79,2025-08-12,HOSP-0040,836,Private,Yes,0,No,0,2025-07-13,0.9855453350854139,1.0,5,29,48,249,148,0.0,0.0,0,4,4,16,5,0,1.0,5,24,41,217,133,0,169965.97,5970630.33,23634294.86,37757375.14,158152048.08,90124223.64,0.0,1.0,5,22,36,199,101,0,0.0,0,7,12,50,47,0,I10,E11.9,E66.9,E78.5,F32.9,I50.9,N18.9,I25.10,R53.83,G47.33,210,180,137,120,119,110,102,102,99,97,127,Non-Network,0,0,0,0,147260.49,1144776.844,655580.7513793103,603991.4014583334,465342.81261044176,481358.77033783786,0.0,28991587.27,115870360.34,71241098.01,0.0,169965.97,1194126.066,814975.6848275862,786611.9820833333,635148.7874698796,608947.457027027,0.0,26434.37,314719.31399999995,183811.82413793105,162189.07625,126856.5802811245,124545.31229729729,0.0,12673.48,86725.05,181776.55379310346,172709.98458333334,121570.93598393573,138844.16270270268,0.0,47132.38,132332.722,160687.4372413793,152987.27458333332,131995.96485943775,93918.73108108107,0.0,51095.28,153079.306,105883.63206896553,118605.55333333334,127184.67638554217,124178.76581081082,0.0,32630.46,507269.674,182816.23758620693,180120.09333333335,127540.62995983935,127460.48513513514,0.0,147260.49,4191543.86,5770472.37,5770472.37,3699998.72,5371808.48,0.0,169965.97,4293067.37,6514751.86,6514751.86,6020140.98,5418967.29,0.0,26434.37,1308974.13,1597992.17,1597992.17,1213681.6,1385076.51,0.0,12673.48,288078.34,2396906.72,2396906.72,1470983.85,2304622.8,0.0,47132.38,515489.51,1962922.86,1962922.86,1644490.96,730894.41,0.0,51095.28,559435.35,559435.35,559435.35,2281055.5,909557.01,0.0,32630.46,2292397.43,2292397.43,2292397.43,1201855.91,1116380.58,0.0,147260.49,79354.29,0.0,0.0,0.0,0.0,0.0,169965.97,112830.05,22408.09,22408.09,6211.4,5888.7,0.0,26434.37,24960.95,2421.45,2421.45,649.12,72.74,0.0,12673.48,12673.48,4033.15,4033.15,45.51,19.02,0.0,47132.38,13015.0,733.22,733.22,132.18,657.36,0.0,51095.28,24887.47,2275.55,2275.55,644.83,59.37,0.0,32630.46,23822.91,3001.22,3001.22,44.24,124.12,0.0,9.0,7.0,5.586206896551724,5.3125,5.465863453815261,5.601351351351352,0.0,5,1,0.2,0
Yogi Hospital,MHMC-35853,INS-HOSP-9305,TPA-HOSP-864,TXWHE6511R,H.No. 523- Sandal Circle,Uppal Chowk,Bhatpara,Near Metro Station,Bangalore,Bangalore,Karnataka,India,564646,13.057627,77.695671,7737879369,manikya57@thakur.biz,www.rama-lala.net,Cardiology,Obstetrics & Gynecology,Yes,Yes,No,Yes,Yes,3,No,Yes,No,No,No,Yes,Yes,2024-10-21,Passed,2027-09-11,Rural,Yes,No,0,55,27,0,50256.74,5256607.39,16940812.02,2025-08-12,HOSP-0041,552,Private,No,0,No,0,2025-08-04,0.2628120893561104,2.0,16,43,58,239,113,0.0,1.0,5,9,12,13,8,0,1.0,10,30,39,207,97,0,239763.05,7616398.3,24686534.11,33949654.04,159860190.49,72354468.5,0.0,2.0,12,35,47,180,84,0,0.0,4,8,11,59,29,0,I10,E11.9,E66.9,R53.83,E78.5,I50.9,N18.9,I25.10,F32.9,G47.33,181,162,127,107,105,104,103,96,88,67,127,Non-Network,0,0,0,0,25128.37,328537.961875,393972.3725581395,409369.76862068963,498139.20338912134,485076.9692920354,0.0,23743446.58,119055269.61,54813697.53,0.0,119881.525,476024.89375,574105.4444186046,585338.8627586206,668871.0899163181,640305.0309734513,0.0,25343.86,92793.07625,138019.23209302325,133859.5729310345,131740.97334728032,130204.09672566371,0.0,26747.120000000003,70382.2025,116127.04325581396,117099.01379310344,135075.26732217573,138379.08168141593,0.0,31645.49,100656.55125,93684.8788372093,112020.37706896552,139881.90732217574,143482.76380530975,0.0,4839.505,103096.906875,95938.16139534884,103731.43155172415,140754.61472803348,120046.39398230088,0.0,31305.550000000003,109096.156875,130336.1288372093,118628.46741379311,121418.32719665271,108192.69477876106,0.0,50256.74,997059.69,1404471.27,1754384.16,6017520.09,5239996.28,0.0,157335.3,1256381.83,1572226.26,1803960.98,6350179.43,6981887.32,0.0,26481.03,415460.09,460322.75,571183.74,1845035.68,1660236.43,0.0,36300.62,255391.91,500744.89,597184.82,1794481.23,1825411.11,0.0,39062.4,252925.23,388038.3,836917.14,1547264.15,2215513.99,0.0,6337.74,339356.16,370970.4,543668.99,2404700.44,640605.38,0.0,49153.51,414383.04,485567.34,485567.34,1429101.76,1172257.85,0.0,0.0,0.0,0.0,0.0,0.0,0.0,0.0,82427.75,34125.64,7245.64,7245.64,6469.57,21687.45,0.0,24206.69,5600.88,1153.84,912.6,68.46,1046.52,0.0,17193.62,547.99,547.99,547.99,404.65,141.22,0.0,24228.58,3118.44,143.27,143.27,91.45,712.62,0.0,3341.27,3341.27,808.68,808.68,155.45,104.33,0.0,13457.59,2394.76,832.22,832.22,502.21,329.14,0.0,4.0,5.6875,5.72093023255814,5.482758620689655,5.539748953974895,5.300884955752212,0.0,16,2,0.125,0
Rana Medical Center,MHMC-17463,INS-HOSP-4589,TPA-HOSP-936,PONCY8448B,H.No. 08- Sharaf Ganj,Krishnamurthy Chowk,Nagpur,0,New Delhi,New Delhi,Delhi,India,110070,28.545757,77.282162,919377753260,tripathiindrans@ganesan-rajagopal.com,www.seth.org,General Medicine,General Surgery,Yes,Yes,Yes,Yes,Yes,15,No,No,No,Yes,Yes,No,No,2024-11-03,Passed,2028-03-17,Urban,No,No,0,85,42,0,4471441.84,9961605.27,17119724.9,2025-08-12,HOSP-0042,854,Government,Yes,0,No,0,2025-07-31,0.39421813403416556,3.0,11,33,45,237,110,0.0,0.0,0,1,4,12,5,0,3.0,11,30,38,206,94,0,5119688.850000001,10444492.41,20780897.97,30214118.54,150785233.42,68887551.32,0.0,1.0,8,22,32,179,83,0,2.0,3,11,13,58,27,0,E11.9,I10,N18.9,E66.9,E78.5,I50.9,R53.83,F32.9,I25.10,G47.33,167,156,105,105,99,98,94,93,85,68,127,Network,0,0,0,0,1490480.6133333333,905600.479090909,518779.54242424236,469866.65222222224,464927.90059071727,451229.9372727273,0.0,21143999.35,110187912.44,49635293.1,0.0,1706562.9500000002,949499.31,629724.1809090909,671424.8564444444,636224.6135864978,626250.4665454545,0.0,742116.7866666666,307217.30363636365,164866.19727272727,158455.242,127321.4087763713,120948.0249090909,0.0,69287.06999999999,63310.14727272727,70759.35363636364,106051.80044444444,145397.58443037973,119286.57463636364,0.0,597189.4366666666,256030.63818181818,143509.03666666665,146793.71688888888,120619.6576371308,125378.27227272728,0.0,141893.57666666666,147810.6209090909,109052.8090909091,103556.83244444444,120803.01088607594,139142.82318181818,0.0,156076.08,175130.59999999998,141536.78424242424,156567.26466666668,122082.95185654008,121494.77154545455,0.0,4103138.67,4103138.67,4103138.67,4103138.67,4131513.57,4447717.02,0.0,4841937.2,4841937.2,4841937.2,4841937.2,6249359.65,5416761.86,0.0,2195568.33,2195568.33,2195568.33,2195568.33,1454188.39,1441487.05,0.0,132375.43,272736.37,422266.22,789881.83,3159534.91,1892286.59,0.0,1740323.94,1740323.94,1740323.94,1740323.94,1145908.34,1500346.53,0.0,347144.32,450946.89,522795.53,522795.53,1667769.86,1528241.17,0.0,426525.18,546297.09,611015.94,852558.82,1463933.26,917419.46,0.0,111376.51,12002.29,0.0,0.0,0.0,0.0,0.0,120241.32,14013.22,14013.22,14013.22,5563.71,5526.4,0.0,6242.45,1040.08,1040.08,1040.08,498.95,305.51,0.0,28624.06,574.81,574.81,574.81,12.31,223.97,0.0,538.58,538.58,538.58,538.58,255.8,1085.88,0.0,36608.4,2010.1,1561.09,1561.09,354.31,819.96,0.0,11693.04,3291.97,3291.97,3291.97,53.2,1496.39,0.0,3.6666666666666665,4.090909090909091,4.424242424242424,4.4222222222222225,5.485232067510548,5.663636363636364,0.0,11,3,0.2727272727272727,1
Bhargava Hospital,MHMC-85233,INS-HOSP-2209,TPA-HOSP-520,KMZBU5694T,20/04 Barad Circle,Banik Street,Kharagpur,Opposite Park,Mysore,Mysore,Karnataka,India,574063,12.397162,76.620447,1144113471,lakshit07@buch.info,www.gill.biz,Obstetrics & Gynecology,Pediatrics,Yes,Yes,Yes,Yes,Yes,19,No,Yes,Yes,Yes,No,No,Yes,2025-07-02,Passed,2027-06-21,Rural,Yes,No,0,63,31,0,0.0,6796192.99,22764039.6,2025-08-12,HOSP-0043,634,Private,No,0,No,0,2025-07-14,0.9526938239159001,1.0,10,43,63,248,111,0.0,0.0,0,2,2,24,4,0,0.0,9,34,54,207,97,0,66617.61,7822536.64,29055495.97,43378958.94,149330940.9,85216990.84,0.0,1.0,9,33,47,165,86,0,0.0,1,10,16,83,25,0,I10,E11.9,E66.9,E78.5,I50.9,N18.9,I25.10,F32.9,R53.83,I48.91,184,173,130,123,121,117,113,94,89,80,127,Network,0,0,0,0,0.0,679619.299,529396.2697674419,554235.1180952381,417501.1527016129,585347.3207207207,0.0,34916812.44,103540285.87,64973552.6,0.0,66617.61,782253.664,675709.2086046512,688554.9038095238,602140.8907258065,767720.6381981983,0.0,9322.41,170521.07,143855.3218604651,142354.26206349206,136152.38068548386,151165.42864864864,0.0,7255.25,148819.943,141426.69209302324,136446.03619047618,120686.04427419355,179274.2081081081,0.0,10720.41,201450.608,144593.13395348837,143998.76714285713,115348.68338709678,152545.77603603606,0.0,38245.44,166687.484,128941.17674418604,137558.8584126984,115080.81419354837,142059.85270270272,0.0,1074.1,94774.559,116892.88395348837,128196.98000000001,114872.96818548387,142675.3727027027,0.0,0.0,1440342.92,1668925.22,3317388.43,6265492.71,6439204.46,0.0,66617.61,1514458.0,1927914.96,4017224.4,7090261.45,6881030.39,0.0,9322.41,447485.65,455916.37,659813.07,2043321.5,1402479.2,0.0,7255.25,427049.08,735006.24,735006.24,2107400.99,3901208.44,0.0,10720.41,490480.94,490480.94,687546.17,1578240.74,2057556.49,0.0,38245.44,449717.25,622686.66,1295074.92,1846831.9,991771.54,0.0,1074.1,347891.95,360044.59,965904.7,1268350.78,1375689.44,0.0,0.0,0.0,0.0,0.0,0.0,0.0,0.0,66617.61,66617.61,66617.61,6665.48,5887.78,10243.7,0.0,9322.41,9322.41,3152.85,2747.98,182.45,462.66,0.0,7255.25,1130.63,247.23,5.39,232.1,351.73,0.0,10720.41,1443.05,252.83,252.83,79.35,2473.26,0.0,38245.44,6266.66,6266.66,334.52,60.0,154.12,0.0,1074.1,1074.1,1063.26,865.64,665.0,375.14,0.0,3.0,6.3,5.604651162790698,5.873015873015873,5.403225806451613,5.423423423423423,0.0,10,2,0.2,0
Shroff Medical Center,MHMC-10718,INS-HOSP-7550,TPA-HOSP-559,AFBKE1277I,H.No. 84- Sehgal Circle,Zachariah Chowk,Bhiwani,Near Metro Station,New Delhi,New Delhi,Delhi,India,110059,28.679216,77.148709,591400238,anikamahajan@iyengar.com,www.jain.com,Orthopedics,Obstetrics & Gynecology,Yes,Yes,Yes,Yes,Yes,4,No,Yes,No,No,Yes,Yes,No,2024-11-18,Passed,2026-02-22,Urban,No,No,0,13,6,0,0.0,4228749.83,31139593.2,2025-08-12,HOSP-0044,135,Trust,Yes,0,No,0,2025-07-19,0.7884362680683311,1.0,12,42,61,220,112,0.0,0.0,0,4,5,12,4,0,1.0,11,36,54,194,102,0,127850.71,5694724.26,39794794.33,51560312.3,146153180.06,90439258.9,0.0,0.0,8,32,48,152,85,0,1.0,4,10,13,68,27,0,I10,E11.9,E66.9,R53.83,E78.5,N18.9,F32.9,I50.9,I25.10,F17.210,178,164,116,101,101,99,94,79,78,68,127,Network,0,0,0,0,0.0,352395.81916666665,741418.8857142857,676347.2913114754,480057.04381818185,648440.8740178571,0.0,41257184.77,105612549.64,72625377.89,0.0,127850.71,474560.355,947495.1030952381,845251.0213114753,664332.6366363637,807493.3830357144,0.0,33610.45,86603.8525,158360.08666666667,140247.40983606558,132892.04704545456,179477.4785714286,0.0,33222.13,72494.44249999999,215506.9630952381,185317.34819672132,126818.36400000002,145914.39339285714,0.0,2710.53,142080.65666666665,200052.72785714286,172490.71918032787,143287.83990909092,178876.481875,0.0,23430.22,97427.11583333334,177187.93976190477,167349.97540983607,131063.11490909092,151777.85330357144,0.0,34877.38,75954.28749999999,196387.38571428572,179845.5686885246,130271.27077272728,151447.17589285714,0.0,0.0,979644.08,6000403.76,6000403.76,4630966.17,5601934.99,0.0,127850.71,1747585.42,7462912.62,7462912.62,5662426.13,6358920.12,0.0,33610.45,412055.04,1678931.49,1678931.49,2730024.15,1746740.52,0.0,33222.13,348543.85,2587050.7,2587050.7,1975272.68,953214.26,0.0,2710.53,970045.34,1299329.09,1299329.09,1396920.82,1746155.98,0.0,23430.22,293709.55,1286023.47,1286023.47,1174122.43,1410930.17,0.0,34877.38,212208.98,1856658.92,1856658.92,1158444.55,1176086.55,0.0,0.0,0.0,0.0,0.0,0.0,0.0,0.0,127850.71,97536.37,8628.95,8628.95,7906.12,8040.45,0.0,33610.45,5428.19,3938.75,3045.15,351.23,505.91,0.0,33222.13,1568.85,787.54,787.54,374.27,232.56,0.0,2710.53,2710.53,392.79,291.25,366.14,1877.81,0.0,23430.22,9968.48,438.94,438.94,378.54,577.21,0.0,34877.38,19121.36,1338.95,1338.95,31.0,430.57,0.0,6.0,5.5,5.380952380952381,5.409836065573771,5.509090909090909,5.785714285714286,0.0,12,4,0.3333333333333333,1
Sawhney Hospital,MHMC-19129,INS-HOSP-9500,TPA-HOSP-487,GJNAS4347S,74/84- Rajan Marg,Andra,Madanapalle,Opposite Park,Howrah,Howrah,West Bengal,India,750887,22.584358,88.248408,3300716821,kallaurvi@vala-yadav.com,www.virk-gulati.info,Cardiology,Neurology,Yes,No,No,Yes,No,13,No,No,No,Yes,No,No,Yes,2025-07-06,Passed,2027-10-21,Urban,No,No,0,68,34,0,382663.77,4049113.88,18148784.68,2025-08-12,HOSP-0045,684,Government,No,0,No,0,2025-07-25,0.5913272010512484,2.0,5,32,49,216,139,0.0,1.0,1,2,2,16,6,0,1.0,4,28,43,188,126,0,1150929.73,5883961.12,23977409.09,36277142.25,145200894.56,96886602.78,0.0,2.0,3,22,35,168,102,0,0.0,2,10,14,48,37,0,I10,E11.9,E66.9,E78.5,F32.9,I50.9,I25.10,N18.9,R53.83,G47.33,182,146,124,109,107,103,101,98,97,92,127,Network,0,0,0,0,191331.885,809822.776,567149.52125,575525.3444897959,464097.5419907407,521758.9823021583,0.0,28200741.88,100245069.07,72524498.54,0.0,575464.865,1176792.224,749294.0340625,740349.8418367347,672226.3637037037,697025.9192805756,0.0,165381.4,442962.47000000003,234579.4540625,192980.53040816326,134557.65166666664,129339.68604316546,0.0,135477.17,137990.274,81014.6271875,95627.28081632653,129564.74731481483,144450.36525179856,0.0,52176.785,52622.462,173570.8453125,156343.99510204082,135742.62518518517,136262.90956834532,0.0,120763.14,291451.994,116673.686875,138335.38061224492,129302.25662037038,141628.06338129495,0.0,101666.37,251765.02399999998,143455.420625,157062.65489795918,143059.08291666667,145344.89503597122,0.0,382663.77,3429494.4,4284050.43,5097620.43,5929993.03,4190815.61,0.0,712429.58,4457931.04,5996036.86,5996036.86,7224288.16,5782836.49,0.0,229421.75,1812271.42,2405185.31,2405185.31,1943612.43,1018665.71,0.0,237342.41,354670.7,354670.7,840242.89,2085646.01,1940607.8,0.0,69218.86,120469.18,2753023.0,2753023.0,2148771.99,1238602.39,0.0,173180.19,1145465.64,1145465.64,1256734.84,1438119.29,1679719.38,0.0,142184.62,1025054.1,1025054.1,1584733.75,1760690.97,1699348.15,0.0,0.0,0.0,0.0,0.0,0.0,0.0,0.0,438500.15,28890.63,28890.63,6716.38,12512.77,5849.25,0.0,101341.05,8668.85,464.0,96.91,111.37,1.26,0.0,33611.93,536.41,251.68,99.32,34.19,287.24,0.0,35134.71,8504.32,131.0,131.0,332.62,12.44,0.0,68346.09,5862.61,682.19,682.19,3.44,842.93,0.0,61148.12,5318.44,3678.29,914.24,387.42,1085.63,0.0,1.5,4.0,4.71875,5.26530612244898,5.787037037037037,5.41726618705036,0.0,5,1,0.2,0
Ramaswamy Care,MHMC-42363,INS-HOSP-2347,TPA-HOSP-734,QYKJL7028W,177- Guha Marg,Borra Zila,Rohtak,Near Metro Station,Bangalore,Bangalore,Karnataka,India,573704,13.053698,77.693084,915544016109,iseth@goyal-dyal.com,www.banerjee.com,Orthopedics,Cardiology,Yes,Yes,Yes,Yes,Yes,4,Yes,No,No,No,Yes,Yes,Yes,2024-12-25,Pending,2026-03-19,Urban,No,No,0,57,28,0,22454.76,4344283.14,17559590.2,2025-08-12,HOSP-0046,571,Government,Yes,0,No,0,2025-07-28,0.49277266754270693,1.0,8,25,39,218,136,0.0,0.0,0,1,2,9,9,0,1.0,6,21,32,187,116,0,243017.33,6522306.01,22067463.54,38138660.76,145258747.54,91729824.67,0.0,1.0,8,20,31,171,101,0,0.0,0,5,8,47,35,0,I10,E11.9,E66.9,F32.9,I50.9,I25.10,E78.5,R53.83,N18.9,M54.5,178,164,119,108,103,103,96,96,94,70,127,Network,0,0,0,0,22454.76,543035.3925,702383.608,755095.5284615385,484196.19733944954,488824.68404411763,0.0,29448725.61,105554771.02,66480157.03,0.0,243017.33,815288.25125,882698.5416,977914.3784615385,666324.5299999999,674484.0049264706,0.0,31885.75,236856.0525,172949.8404,219482.30410256409,132926.04298165138,151638.73095588235,0.0,80923.47,129732.975,210092.50600000002,238589.67564102562,140753.6587614679,113524.255,0.0,56556.98,156168.06,167444.4532,187778.42205128205,132970.04279816512,142043.27154411766,0.0,47392.64,171084.0575,181377.4436,176175.85487179487,132270.93747706423,133470.00227941177,0.0,26258.49,121447.10625,150834.29840000003,155888.12179487178,127403.84798165137,133807.74514705883,0.0,22454.76,1629194.6,4206695.33,4806959.19,3238832.02,4557846.72,0.0,243017.33,1810093.23,4472472.11,5871937.04,3939630.17,4686439.02,0.0,31885.75,883870.49,883870.49,1830278.67,825311.85,1432443.64,0.0,80923.47,382443.79,1559149.58,1789736.38,1472692.37,581973.52,0.0,56556.98,392602.16,745378.75,1519782.26,1292048.2,1539724.13,0.0,47392.64,456705.35,871285.86,871285.86,1138840.0,774880.59,0.0,26258.49,264872.82,1149267.86,1149267.86,1793718.17,1685539.6,0.0,22454.76,0.0,0.0,0.0,0.0,0.0,0.0,243017.33,54384.46,36454.79,27624.51,5697.42,12256.5,0.0,31885.75,13381.67,6648.06,6648.06,1360.39,175.01,0.0,80923.47,8022.11,1018.83,1018.83,168.72,339.63,0.0,56556.98,6131.87,203.25,203.25,61.47,316.24,0.0,47392.64,14519.1,2520.62,591.46,571.72,321.11,0.0,26258.49,12329.71,1537.33,1537.33,224.46,67.66,0.0,9.0,6.75,5.52,5.282051282051282,5.3577981651376145,6.1838235294117645,0.0,8,1,0.125,0
Ramanathan Hospital,MHMC-43855,INS-HOSP-2966,TPA-HOSP-851,ADDGD8385O,73/73- Dhawan Circle,Hora Circle,Unnao,Opposite Park,Mysore,Mysore,Karnataka,India,577183,12.210971,76.621569,5964263296,charvibadami@ramesh.com,www.rajagopalan.com,Oncology,Obstetrics & Gynecology,No,No,Yes,Yes,Yes,9,Yes,No,Yes,Yes,No,No,No,2024-10-20,Passed,2026-07-11,Rural,No,No,0,66,33,0,1104779.72,4229800.2,16663353.709999999,2025-08-12,HOSP-0047,662,Private,Yes,0,No,0,2025-07-27,0.5256241787122208,2.0,10,33,56,241,127,0.0,0.0,0,2,4,9,8,0,2.0,9,28,47,211,111,0,363846.56999999995,4562255.94,28488518.830000002,46725051.13,173706150.08,76372087.62,0.0,1.0,8,26,42,177,91,0,1.0,2,7,14,64,36,0,I10,E11.9,E66.9,E78.5,I50.9,N18.9,R53.83,I25.10,F32.9,G47.33,178,173,136,114,112,102,90,89,79,76,127,Network,0,0,0,0,552389.86,422980.02,504950.11242424237,518440.2794642857,530647.3370954357,413199.41488188977,0.0,29032655.65,127886008.24,52476325.69,0.0,181923.28499999997,456225.59400000004,863288.4493939395,834375.9130357143,720772.4069709544,601355.0206299213,0.0,25577.82,85300.273,117328.60696969698,151299.61214285714,150842.72120331952,112463.8242519685,0.0,31786.510000000002,81065.277,137196.00939393937,146338.01642857143,141831.8543153527,123634.04866141731,0.0,51620.845,104807.466,175485.05454545454,166121.95696428572,159983.3199585062,121041.91196850393,0.0,27103.809999999998,53644.713,200923.76242424242,166379.2725,124993.20195020747,116579.2505511811,0.0,45834.3,131407.86500000002,232355.01606060608,204237.055,143121.30954356847,127635.98519685041,0.0,693834.26,1098972.89,2370614.13,2529457.93,4179259.87,1915999.37,0.0,189808.02,1557109.12,6475116.28,6475116.28,5540471.36,2355175.25,0.0,41253.27,429346.95,544108.92,1179187.39,2673267.61,638880.89,0.0,40333.64,269703.22,736546.86,736546.86,1460402.34,786394.37,0.0,71379.47,421593.39,1143761.45,1143761.45,2051850.99,537718.03,0.0,36888.68,182215.19,1893620.24,1893620.24,1323570.79,955518.14,0.0,56564.47,478450.05,2388029.72,2388029.72,1761047.34,1087562.08,0.0,410945.46,0.0,0.0,0.0,0.0,0.0,0.0,174038.55,73473.4,25232.88,22266.4,7839.19,10385.69,0.0,9902.37,2078.79,2078.79,737.33,114.27,20.47,0.0,23239.38,22436.3,2876.02,2876.02,150.6,122.49,0.0,31862.22,3959.31,2991.65,2991.65,51.13,237.28,0.0,17318.94,1258.82,1258.82,1258.82,293.97,1101.84,0.0,35104.13,8831.6,4738.51,1681.83,706.37,271.77,0.0,9.0,6.8,5.666666666666667,5.642857142857143,5.435684647302905,5.228346456692913,0.0,10,2,0.2,0
Rastogi Care,MHMC-19583,INS-HOSP-3175,TPA-HOSP-782,XXWCD9281Q,53 Chawla Road,Rajan,Medininagar,0,Bangalore,Bangalore,Karnataka,India,587800,12.96042,77.545303,912877715405,nehmatkarnik@sandhu-deshmukh.com,www.mane.com,Obstetrics & Gynecology,General Medicine,Yes,Yes,Yes,Yes,Yes,14,Yes,No,No,No,No,Yes,Yes,2024-09-08,Passed,2027-08-13,Urban,No,No,0,93,46,0,308374.68,2432733.95,13006538.88,2025-08-12,HOSP-0048,932,Private,Yes,0,No,0,2025-07-23,0.657030223390276,3.0,10,32,40,236,116,0.0,0.0,0,2,2,20,7,0,3.0,10,28,33,199,102,0,338619.14,2706890.6399999997,15877297.75,24650502.35,160124641.36,83204940.87,0.0,2.0,6,25,31,183,87,0,1.0,4,7,9,53,29,0,I10,E11.9,F32.9,E66.9,E78.5,I25.10,F17.210,N18.9,I50.9,R53.83,165,164,115,108,98,97,91,85,85,84,127,Non-Network,0,0,0,0,102791.56,243273.39500000002,406454.34,377682.96975,452676.1225423729,526473.1938793104,0.0,15107318.79,106831564.92,61070890.49,0.0,112873.04666666668,270689.06399999995,496165.5546875,616262.5587500001,678494.2430508476,717283.9730172415,0.0,25446.903333333335,44242.143,84919.3446875,85889.19175,126221.66004237288,137086.66094827585,0.0,26523.766666666666,53268.752,80840.728125,131637.44675,128229.6659322034,135297.61155172414,0.0,17025.97333333333,60951.482,101428.065,129528.0355,150840.86987288136,138059.40189655175,0.0,24339.703333333335,66586.017,109579.796875,147626.9715,138361.12779661018,164723.22543103446,0.0,19536.7,45640.67,119397.62,121580.91325000001,134840.91940677966,142117.07318965517,0.0,130862.59,594401.07,1879852.17,1879852.17,6497024.73,5409698.45,0.0,128442.31,739503.08,2175187.81,4744099.94,7429989.71,5938586.13,0.0,38171.48,145329.03,606495.97,606495.97,1411966.09,2488358.64,0.0,43368.42,200382.93,383538.36,1560289.05,2258980.25,1540604.97,0.0,25387.12,185136.14,348345.84,1439191.05,3465405.04,1353657.94,0.0,35325.58,221564.56,470131.54,1373554.1,2105282.75,1391737.6,0.0,30007.42,160149.06,835364.45,835364.45,1036514.12,1142664.24,0.0,56588.07,0.0,0.0,0.0,0.0,0.0,0.0,98698.16,22769.84,22769.84,22769.84,6190.39,5979.74,0.0,13098.49,5526.06,468.01,468.01,189.94,524.38,0.0,13095.1,4531.18,923.16,923.16,787.56,229.19,0.0,3401.76,3401.76,3401.76,3333.74,407.31,504.44,0.0,8610.82,5190.79,189.46,189.46,371.87,463.34,0.0,12904.47,2163.77,171.53,171.53,304.01,111.63,0.0,5.333333333333333,6.2,5.84375,5.45,5.580508474576271,6.043103448275862,0.0,10,4,0.4,1
Chokshi Care,MHMC-64073,INS-HOSP-1402,TPA-HOSP-817,BFJCU1729H,560 Banerjee Street,Sastry Circle,Dhanbad,Opposite Park,Coimbatore,Coimbatore,Tamil Nadu,India,664916,11.01055,77.062326,667816296,divit19@karan.net,www.deshpande.org,Neurology,0,No,Yes,Yes,Yes,Yes,2,No,Yes,No,Yes,No,Yes,No,2025-02-03,Passed,2028-07-07,Urban,No,No,0,83,41,0,0.0,2360125.32,19152387.38,2025-08-12,HOSP-0049,830,Private,Yes,0,No,0,2025-07-08,1.149802890932983,0.0,9,31,47,226,125,0.0,0.0,0,1,2,13,8,0,0.0,5,24,39,195,106,0,0.0,4389902.46,27380521.73,43429888.71,154485578.97,71208194.04,0.0,0.0,4,20,29,161,97,0,0.0,5,11,18,65,28,0,I10,E11.9,E78.5,E66.9,N18.9,I50.9,R53.83,I25.10,F32.9,G47.33,177,148,124,122,104,104,100,93,86,78,127,Network,0,0,0,0,0.0,262236.14666666667,617818.9477419355,689026.6806382978,530406.9360619469,400712.70376,0.0,32384253.99,119871967.55,50089087.97,0.0,0.0,487766.94,883242.6364516129,924040.1853191489,683564.5087168141,569665.55232,0.0,0.0,123017.29666666666,193797.63935483873,179730.62936170213,131287.24880530973,115688.77639999999,0.0,0.0,104593.98666666665,177990.21967741934,185177.69085106385,150852.02787610618,109688.04040000001,0.0,0.0,99426.24,175724.25645161292,198567.63702127658,129774.55234513275,98084.0288,0.0,0.0,60063.42444444445,210712.77483870965,176777.0344680851,135073.59951327433,118671.34472,0.0,0.0,100665.99222222221,125017.74612903225,183787.19361702126,136577.08017699115,127533.362,0.0,0.0,799546.98,5143672.18,5143672.18,6294652.33,2957142.45,0.0,0.0,892485.34,5923791.33,5923791.33,7034343.42,4790216.59,0.0,0.0,330951.38,1680237.71,1680237.71,1473407.32,825703.53,0.0,0.0,259172.83,1237956.01,1237956.01,2758538.23,1150859.46,0.0,0.0,307126.75,1486737.09,1650536.82,1265305.82,1909495.18,0.0,0.0,250162.72,1518660.25,1518660.25,1975803.68,605419.59,0.0,0.0,262372.22,717269.36,1995975.52,1527641.48,1047430.3,0.0,0.0,0.0,0.0,0.0,0.0,0.0,0.0,0.0,95863.78,24812.98,24812.98,7081.66,5512.14,0.0,0.0,10773.81,8258.68,8258.68,407.68,1112.01,0.0,0.0,4842.38,2125.81,2125.81,23.77,72.67,0.0,0.0,1241.81,1192.97,40.12,72.11,477.12,0.0,0.0,151.05,151.05,151.05,161.19,5.21,0.0,0.0,15658.67,200.27,200.27,73.0,447.07,0.0,0.0,5.444444444444445,5.225806451612903,5.48936170212766,5.367256637168142,5.488,0.0,9,1,0.1111111111111111,0
Sodhi Care,MHMC-10392,INS-HOSP-8991,TPA-HOSP-185,HIIJM9427O,88/801- Khosla Street,Kata Road,Indore,Behind Mall,New Delhi,New Delhi,Delhi,India,110051,28.591052,77.181704,3702870298,ramaswamydishani@chahal.com,www.luthra.info,Orthopedics,Pediatrics,Yes,Yes,Yes,No,No,12,No,No,No,No,Yes,Yes,Yes,2024-08-19,Passed,2027-10-11,Urban,No,No,0,3,1,0,76527.54,3889265.33,10954685.3,2025-08-12,HOSP-0050,35,Private,Yes,0,No,0,2025-07-14,0.9526938239159001,1.0,11,33,46,253,120,0.0,0.0,1,3,3,18,10,0,1.0,10,27,40,215,98,0,102092.19,4623998.92,15340248.2,27884767.869999997,171347463.7,78705435.39,0.0,0.0,7,21,32,187,85,0,1.0,4,12,14,66,35,0,I10,E11.9,E66.9,N18.9,I50.9,E78.5,R53.83,F32.9,I25.10,I73.9,171,170,112,106,105,102,100,96,93,73,127,Non-Network,0,0,0,0,76527.54,353569.57545454544,331960.16060606064,464692.50826086954,509985.2085375494,474553.2125,0.0,21375855.38,129026257.76,56946385.5,0.0,102092.19,420363.53818181815,464856.00606060604,606190.6058695652,677262.7023715414,655878.62825,0.0,24089.37,48239.09636363637,80545.02424242425,121091.6647826087,121639.57083003953,143417.74916666665,0.0,22014.96,130999.55545454547,116027.66575757577,132276.68260869567,142087.00889328064,130387.69124999999,0.0,22523.02,63158.25363636364,88450.07636363637,116469.38304347826,132299.16114624505,146529.60008333335,0.0,30465.04,85950.43454545455,94358.62151515152,109995.60999999999,133923.83877470356,115743.13825,0.0,2999.8,92016.19818181818,85474.61818181818,126357.2654347826,147313.1227272727,119800.4495,0.0,76527.54,927672.2,1342399.29,2762691.11,5711256.89,4477587.67,0.0,102092.19,951064.66,1787079.92,3109294.32,5949856.6,5251445.45,0.0,24089.37,110453.41,567695.55,987800.54,1593013.37,1505248.94,0.0,22014.96,446831.38,446831.38,471117.78,1235818.33,1572384.52,0.0,22523.02,206265.57,530310.23,1078388.15,1742481.59,1481274.89,0.0,30465.04,201135.75,296185.39,572224.28,1804491.62,652670.68,0.0,2999.8,351809.81,434744.55,986195.98,1649847.85,842875.69,0.0,76527.54,0.0,0.0,0.0,0.0,0.0,0.0,102092.19,40190.5,20093.33,12604.33,5440.33,8739.62,0.0,24089.37,5302.75,1613.2,1613.2,307.04,84.35,0.0,22014.96,6773.92,4554.94,4554.94,637.66,124.35,0.0,22523.02,4132.95,39.18,39.18,157.2,1283.77,0.0,30465.04,7818.23,2254.87,1943.55,242.35,747.33,0.0,2999.8,1200.12,1200.12,5.51,210.07,2318.14,0.0,7.0,6.181818181818182,5.606060606060606,5.913043478260869,5.7312252964426875,5.65,0.0,11,1,0.09090909090909091,0
