Practitioner_ID,prac_name,prac_license_number,prac_NPI_Number,prac_license_expiry_date,prac_date_of_birth,prac_gender,prac_bank_account_number,prac_contact_number,prac_email_address,prac_practice_address_line1,prac_practice_address_line2,prac_practice_city,prac_practice_state,prac_practice_pincode,prac_primary_specialty,prac_secondary_specialty,prac_taxonomy_code,prac_medical_school,prac_graduation_year,prac_primary_hospital_id,prac_is_solo_practice,prac_onboarding_date,prac_practitioner_status,prac_sanction_history_details,CLAIM_CNT_LT_1M,CLAIM_AMT_LT_1M,CASHLESS_CLAIM_CNT_LT_1M,REIMB_CLAIM_CNT_LT_1M,REJECT_CLAIM_CNT_LT_1M,REJECT_CLAIM_AMT_LT_1M,APPROVE_CLAIM_CNT_LT_1M,APPROVE_CLAIM_AMT_LT_1M,UNIQUE_PATIENTS_CNT_LT_1M,UNIQUE_HOSPITALS_CNT_LT_1M,UNIQUE_AGENTS_CNT_LT_1M,AVG_CONSULTING_FEE_LT_1M,AVG_MEDICINE_FEE_LT_1M,REJECT_REIMB_CLAIM_CNT_LT_1M,REJECT_CSHL_CLAIM_CNT_LT_1M,APPROVE_CASHLESS_CLAIM_CNT_LT_1M,APPROVE_REIMB_CLAIM_CNT_LT_1M,CLAIM_CNT_LT_3M,CLAIM_AMT_LT_3M,CASHLESS_CLAIM_CNT_LT_3M,REIMB_CLAIM_CNT_LT_3M,REJECT_CLAIM_CNT_LT_3M,REJECT_CLAIM_AMT_LT_3M,APPROVE_CLAIM_CNT_LT_3M,APPROVE_CLAIM_AMT_LT_3M,UNIQUE_PATIENTS_CNT_LT_3M,UNIQUE_HOSPITALS_CNT_LT_3M,UNIQUE_AGENTS_CNT_LT_3M,AVG_CONSULTING_FEE_LT_3M,AVG_MEDICINE_FEE_LT_3M,REJECT_REIMB_CLAIM_CNT_LT_3M,REJECT_CSHL_CLAIM_CNT_LT_3M,APPROVE_CASHLESS_CLAIM_CNT_LT_3M,APPROVE_REIMB_CLAIM_CNT_LT_3M,CLAIM_CNT_LT_6M,CLAIM_AMT_LT_6M,CASHLESS_CLAIM_CNT_LT_6M,REIMB_CLAIM_CNT_LT_6M,REJECT_CLAIM_CNT_LT_6M,REJECT_CLAIM_AMT_LT_6M,APPROVE_CLAIM_CNT_LT_6M,APPROVE_CLAIM_AMT_LT_6M,UNIQUE_PATIENTS_CNT_LT_6M,UNIQUE_HOSPITALS_CNT_LT_6M,UNIQUE_AGENTS_CNT_LT_6M,AVG_CONSULTING_FEE_LT_6M,AVG_MEDICINE_FEE_LT_6M,REJECT_REIMB_CLAIM_CNT_LT_6M,REJECT_CSHL_CLAIM_CNT_LT_6M,APPROVE_CASHLESS_CLAIM_CNT_LT_6M,APPROVE_REIMB_CLAIM_CNT_LT_6M,CLAIM_CNT_YR_1,CLAIM_AMT_YR_1,CASHLESS_CLAIM_CNT_YR_1,REIMB_CLAIM_CNT_YR_1,REJECT_CLAIM_CNT_YR_1,REJECT_CLAIM_AMT_YR_1,APPROVE_CLAIM_CNT_YR_1,APPROVE_CLAIM_AMT_YR_1,UNIQUE_PATIENTS_CNT_YR_1,UNIQUE_HOSPITALS_CNT_YR_1,UNIQUE_AGENTS_CNT_YR_1,AVG_CONSULTING_FEE_YR_1,AVG_MEDICINE_FEE_YR_1,REJECT_REIMB_CLAIM_CNT_YR_1,REJECT_CSHL_CLAIM_CNT_YR_1,APPROVE_CASHLESS_CLAIM_CNT_YR_1,APPROVE_REIMB_CLAIM_CNT_YR_1,CLAIM_CNT_YR_2,CLAIM_AMT_YR_2,CASHLESS_CLAIM_CNT_YR_2,REIMB_CLAIM_CNT_YR_2,REJECT_CLAIM_CNT_YR_2,REJECT_CLAIM_AMT_YR_2,APPROVE_CLAIM_CNT_YR_2,APPROVE_CLAIM_AMT_YR_2,UNIQUE_PATIENTS_CNT_YR_2,UNIQUE_HOSPITALS_CNT_YR_2,UNIQUE_AGENTS_CNT_YR_2,AVG_CONSULTING_FEE_YR_2,AVG_MEDICINE_FEE_YR_2,REJECT_REIMB_CLAIM_CNT_YR_2,REJECT_CSHL_CLAIM_CNT_YR_2,APPROVE_CASHLESS_CLAIM_CNT_YR_2,APPROVE_REIMB_CLAIM_CNT_YR_2,CLAIM_CNT_YR_3,CLAIM_AMT_YR_3,CASHLESS_CLAIM_CNT_YR_3,REIMB_CLAIM_CNT_YR_3,REJECT_CLAIM_CNT_YR_3,REJECT_CLAIM_AMT_YR_3,APPROVE_CLAIM_CNT_YR_3,APPROVE_CLAIM_AMT_YR_3,UNIQUE_PATIENTS_CNT_YR_3,UNIQUE_HOSPITALS_CNT_YR_3,UNIQUE_AGENTS_CNT_YR_3,AVG_CONSULTING_FEE_YR_3,AVG_MEDICINE_FEE_YR_3,REJECT_REIMB_CLAIM_CNT_YR_3,REJECT_CSHL_CLAIM_CNT_YR_3,APPROVE_CASHLESS_CLAIM_CNT_YR_3,APPROVE_REIMB_CLAIM_CNT_YR_3,AVG_CLAIM_AMT_LT_1M,AVG_APPR_CLAIM_AMT_LT_1M,AVG_CLAIM_AMT_LT_3M,AVG_APPR_CLAIM_AMT_LT_3M,AVG_CLAIM_AMT_LT_6M,AVG_APPR_CLAIM_AMT_LT_6M,AVG_CLAIM_AMT_YR_1,AVG_APPR_CLAIM_AMT_YR_1,AVG_CLAIM_AMT_YR_2,AVG_APPR_CLAIM_AMT_YR_2,AVG_CLAIM_AMT_YR_3,AVG_APPR_CLAIM_AMT_YR_3,MEMBER_BANKMATCH_FLG
PRAC-1000,Saanvi Kade,MCI/MAH/42447,5495166135,2025-11-29,1994-11-21,Other,121373296239,99619143871,saanvi.doc28@clinic.com,H.No. 48 Rana Marg,Sidhu Path,Pune,Maharashtra,456481,Oncology,Pediatrics,207R00000X,Christian Medical College,2022,HOSP-0015,Y,2025-04-26,Active,0,0.0,0.0,0.0,0.0,0.0,0.0,0.0,0.0,0.0,0.0,0.0,0.0,0.0,0.0,0.0,0.0,0.0,3.0,1397994.73,3.0,0.0,0.0,0.0,3.0,1108449.57,3.0,3.0,3.0,96608.09999999999,81365.21333333333,0.0,0.0,3.0,0.0,9,4402095.04,8,1,0,0.0,9,3769153.61,9,9,9,106152.31555555556,82580.24,0.0,0.0,8,1,13,7027369.38,11,2,0,0.0,13,6308165.46,13,12,13,118328.64692307691,93182.25230769231,0.0,0.0,11,2,43,33257801.14,31,12,5,4262860.49,36,23203988.38,43,28,40,219206.8748837209,162580.53767441862,1.0,4.0,25,11,34,19842993.51,21,13,5,3530758.8099999996,27,13499490.86,34,23,31,113461.26823529412,135045.6394117647,2.0,3.0,18,9,0.0,0.0,465998.24333333335,369483.19,489121.6711111111,418794.84555555554,540566.8753846154,485243.4969230769,773437.2358139534,644555.2327777777,583617.4561764706,499981.1429629629,0
PRAC-1001,Jayant Kalita,MCI/DEL/84101,9254683631,2028-04-28,1966-04-30,Other,93310228177,98116314113,jayant.doc69@clinic.com,23 Sundaram Chowk,Kulkarni Chowk,New Delhi,Delhi,110028,Cardiology,Neurology,207R00000X,Maulana Azad Medical College,1990,HOSP-0007,N,1994-09-30,Active,0,1.0,562771.0,1.0,0.0,0.0,0.0,1.0,416577.17,1.0,1.0,1.0,60456.38,160333.3,0.0,0.0,1.0,0.0,2.0,652519.94,2.0,0.0,1.0,89748.94,1.0,416577.17,2.0,2.0,2.0,39994.384999999995,81725.87,0.0,1.0,1.0,0.0,4,1958014.04,2,2,1,89748.94,2,591500.6599999999,4,4,4,99426.14,103749.69499999999,0.0,1.0,1,1,10,3680354.15,5,5,1,89748.94,6,1666334.02,10,9,10,55323.812,81847.96599999999,0.0,1.0,2,4,59,35889586.64,43,16,3,1056427.46,53,28613084.419999998,59,31,52,101268.29288135594,132700.6554237288,0.0,3.0,37,16,21,11125055.42,17,4,2,612423.04,16,6904234.2,21,16,21,109262.6838095238,111006.43666666666,0.0,2.0,13,3,562771.0,416577.17,326259.97,416577.17,489503.51,295750.32999999996,368035.415,277722.33666666667,608298.0786440679,539869.5173584905,529764.5438095238,431514.6375,0
PRAC-1002,Chirag Soni,MCI/DEL/13103,5348715452,2027-07-13,1989-07-27,Other,876825655250,99508759748,chirag.doc80@clinic.com,516- Bava Marg,0,New Delhi,Delhi,110072,Pediatrics,Neurology,208000000X,Christian Medical College,2015,HOSP-0049,N,2022-12-01,Active,0,1.0,404230.16,1.0,0.0,0.0,0.0,1.0,997888.02,1.0,1.0,1.0,140171.87,5147.17,0.0,0.0,1.0,0.0,1.0,404230.16,1.0,0.0,0.0,0.0,1.0,997888.02,1.0,1.0,1.0,140171.87,5147.17,0.0,0.0,1.0,0.0,10,5150060.32,7,3,1,1350892.29,8,3502513.68,10,8,10,115686.719,81950.592,0.0,1.0,6,2,15,7333222.25,11,4,2,1376311.03,11,5190828.62,15,13,15,114931.40533333334,66858.49333333333,0.0,2.0,8,3,56,44231772.41,42,14,3,3146130.59,48,29892990.12,56,36,50,126187.11035714285,176181.43232142858,1.0,2.0,37,11,27,15434080.290000001,18,9,4,1947706.53,21,10850157.36,27,23,26,129816.10888888889,123564.72666666667,2.0,2.0,15,6,404230.16,997888.02,404230.16,997888.02,515006.032,437814.21,488881.48333333334,471893.5109090909,789853.07875,622770.6275000001,571632.6033333334,516674.16,0
PRAC-1003,Bhavin Chaudhry,MCI/MAH/34299,7792408369,2027-04-13,1977-12-27,Male,928039594607,97266210573,bhavin.doc70@clinic.com,22/680 Dara Ganj,Ahluwalia Street,Pune,Maharashtra,479734,Oncology,Pediatrics,207R00000X,JIPMER,2002,HOSP-0025,N,2006-06-03,Active,0,1.0,139756.51,0.0,1.0,0.0,0.0,1.0,149684.68,1.0,1.0,1.0,30203.32,19958.99,0.0,0.0,0.0,1.0,1.0,139756.51,0.0,1.0,0.0,0.0,1.0,149684.68,1.0,1.0,1.0,30203.32,19958.99,0.0,0.0,0.0,1.0,9,5151337.55,7,2,0,0.0,7,3649302.59,9,8,9,145214.08555555556,68922.68,0.0,0.0,5,2,15,7924936.34,11,4,0,0.0,12,5524071.75,15,12,15,130512.92666666667,73324.864,0.0,0.0,8,4,52,34647165.58,42,10,3,1501816.5999999999,46,26722854.73,52,34,45,113538.06596153845,138726.43923076923,1.0,2.0,38,8,37,38922296.99,28,9,2,1550504.91,33,30801992.06,36,23,34,278519.35162162164,170332.35432432435,0.0,2.0,24,9,139756.51,149684.68,139756.51,149684.68,572370.8388888888,521328.9414285714,528329.0893333333,460339.3125,666291.6457692308,580931.6245652174,1051953.9727027027,933393.6987878787,0
PRAC-1004,Taran Viswanathan,MCI/MAH/78944,6495795955,2025-10-30,1973-07-10,Female,301081273313,97820920350,taran.doc51@clinic.com,05/67- Bhargava Path,0,Pune,Maharashtra,450603,General Surgery,Cardiology,208600000X,Kasturba Medical College,1999,HOSP-0004,Y,2012-07-17,Active,0,2.0,645717.59,0.0,2.0,0.0,0.0,2.0,1638825.62,2.0,1.0,1.0,88132.06,39902.15,0.0,0.0,0.0,2.0,6.0,2904680.59,4.0,2.0,0.0,0.0,6.0,3732729.8,6.0,5.0,5.0,89529.62666666666,81544.41333333333,0.0,0.0,4.0,2.0,17,14282855.73,12,5,0,0.0,16,12737148.24,17,14,15,159324.25058823527,114762.6088235294,0.0,0.0,11,5,19,17292462.68,14,5,0,0.0,18,15111574.45,19,16,17,152781.62315789473,150461.7805263158,0.0,0.0,13,5,54,35228385.58,40,14,2,663910.09,49,27695587.48,54,33,45,114573.77722222221,129507.25111111111,1.0,1.0,37,12,28,26642761.73,23,5,0,0.0,23,20606006.98,28,20,23,165398.1875,171985.96607142856,0.0,0.0,19,4,322858.795,819412.81,484113.43166666664,622121.6333333333,840167.984117647,796071.765,910129.6147368421,839531.9138888889,652377.5107407407,565216.0710204082,951527.2046428572,895913.3469565217,0
PRAC-1005,Manjari Jani,MCI/DEL/17624,9736260883,2028-09-13,1991-01-21,Male,379722286040,98182575740,manjari.doc28@clinic.com,17/088 Varghese Zila,Gulati Nagar,New Delhi,Delhi,110075,Pediatrics,Orthopedic Surgery,208000000X,All India Institute of Medical Sciences,2017,HOSP-0013,Y,2025-08-06,Active,0,0.0,0.0,0.0,0.0,0.0,0.0,0.0,0.0,0.0,0.0,0.0,0.0,0.0,0.0,0.0,0.0,0.0,4.0,5618661.33,2.0,2.0,0.0,0.0,4.0,4389170.21,4.0,3.0,4.0,519913.86499999993,64827.5275,0.0,0.0,2.0,2.0,7,6794493.92,4,3,0,0.0,7,5408079.54,7,6,7,362435.27428571426,61270.06857142857,0.0,0.0,4,3,13,13488113.08,9,4,0,0.0,12,7442903.54,13,12,13,262847.12384615385,142983.09999999998,0.0,0.0,8,4,46,33303843.52,39,7,2,1887994.3399999999,41,24802557.53,46,29,42,129183.67847826087,135436.46021739132,1.0,1.0,36,5,36,24031650.95,28,8,2,326064.64,32,19615302.32,36,26,33,135334.02055555556,125361.57583333335,0.0,2.0,24,8,0.0,0.0,1404665.3325,1097292.5525,970641.9885714286,772582.7914285715,1037547.16,620241.9616666667,723996.5982608695,604940.4275609757,667545.8597222222,612978.1975,0
PRAC-1006,Riaan Talwar,MCI/KAR/70593,7242060040,2028-05-09,1969-05-28,Male,335645361977,99805264944,riaan.doc75@clinic.com,79- Bhakta Road,0,Mysore,Karnataka,578583,General Surgery,Pediatrics,208600000X,Kasturba Medical College,1997,HOSP-0047,Y,2008-04-13,Active,0,3.0,1107564.2000000002,1.0,2.0,1.0,530232.14,2.0,602969.29,3.0,2.0,2.0,44047.16,94226.85999999999,0.0,1.0,0.0,2.0,3.0,1107564.2000000002,1.0,2.0,1.0,530232.14,2.0,602969.29,3.0,2.0,2.0,44047.16,94226.85999999999,0.0,1.0,0.0,2.0,10,4240219.27,6,4,1,530232.14,8,3142767.37,10,8,9,99819.024,72584.013,0.0,1.0,4,4,15,8279874.14,10,5,1,530232.14,12,6085046.15,15,11,13,136071.08666666667,107161.09599999999,0.0,1.0,7,5,73,50308024.07,60,13,5,2493133.8899999997,60,35137392.46,73,37,61,166863.15013698628,125526.44287671233,1.0,4.0,50,10,33,17747768.22,25,8,2,1090547.24,28,14075062.379999999,33,26,30,126461.49121212121,110240.6103030303,0.0,2.0,22,6,369188.0666666667,301484.645,369188.0666666667,301484.645,424021.92699999997,392845.92125,551991.6093333333,507087.1791666667,689151.0146575342,585623.2076666667,537811.1581818182,502680.7992857142,0
PRAC-1007,Badal Buch,MCI/TAM/96770,6148760407,2029-11-19,1963-10-04,Other,636769866855,98508943677,badal.doc56@clinic.com,28/675 Ramakrishnan Chowk,Tripathi Nagar,Coimbatore,Tamil Nadu,619253,Oncology,Neurology,207R00000X,Armed Forces Medical College,1991,HOSP-0019,Y,1994-03-14,Active,0,0.0,0.0,0.0,0.0,0.0,0.0,0.0,0.0,0.0,0.0,0.0,0.0,0.0,0.0,0.0,0.0,0.0,0.0,0.0,0.0,0.0,0.0,0.0,0.0,0.0,0.0,0.0,0.0,0.0,0.0,0.0,0.0,0.0,0.0,5,2663016.94,4,1,0,0.0,5,2155990.55,5,5,5,107727.06800000001,102106.26200000002,0.0,0.0,4,1,9,3096047.32,7,2,0,0.0,9,2552123.09,9,9,9,69634.33,65628.23444444445,0.0,0.0,7,2,62,36733702.96,48,14,3,961017.08,52,26900347.490000002,62,36,52,122932.28403225807,125502.7064516129,0.0,3.0,41,11,27,24864655.740000002,22,5,3,2192686.02,21,17450483.7,27,20,26,227398.98407407408,211509.93444444446,1.0,2.0,17,4,0.0,0.0,0.0,0.0,532603.388,431198.11,344005.25777777773,283569.2322222222,592479.08,517314.37480769237,920913.1755555556,830975.4142857143,0
PRAC-1008,Shayak Soman,MCI/MAH/83946,1773096166,2026-05-02,1977-04-13,Male,157783309346,98787526274,shayak.doc25@clinic.com,H.No. 410 Agarwal Zila,Gaba Nagar,Nagpur,Maharashtra,480879,Dermatology,General Practice,207N00000X,Kasturba Medical College,2002,HOSP-0015,Y,2024-11-25,Active,0,1.0,135144.77,1.0,0.0,0.0,0.0,1.0,103892.64,1.0,1.0,1.0,11882.5,49166.57,0.0,0.0,1.0,0.0,4.0,205037.43,4.0,0.0,0.0,0.0,4.0,159798.09,4.0,4.0,4.0,7639.6475,15190.0175,0.0,0.0,4.0,0.0,9,3244485.28,9,0,1,82423.84,7,1761853.1900000002,9,9,9,57569.463333333326,99891.50555555554,0.0,1.0,7,0,12,7108591.0,10,2,1,82423.84,10,5422594.9799999995,12,11,12,127761.35916666668,132460.25749999998,0.0,1.0,8,2,70,38854005.43,55,15,4,1235789.87,64,32574755.62,69,41,62,119417.84271428571,113465.10100000001,1.0,3.0,50,14,34,30455223.009999998,22,12,0,0.0,30,21734102.11,34,27,30,154201.9285294118,186868.29588235295,0.0,0.0,18,12,135144.77,103892.64,51259.3575,39949.5225,360498.3644444444,251693.31285714288,592382.5833333334,542259.4979999999,555057.2204285715,508980.5565625,895741.8532352941,724470.0703333333,0
PRAC-1009,Aayush Ramaswamy,MCI/MAH/10926,24423848,2026-12-17,1964-04-08,Other,941841666102,98082317173,aayush.doc22@clinic.com,H.No. 918- Kar Marg,0,Nagpur,Maharashtra,456776,Pediatrics,General Surgery,208000000X,Kasturba Medical College,1993,HOSP-0010,Y,2005-11-21,Active,0,1.0,398615.35,1.0,0.0,0.0,0.0,1.0,404345.26,1.0,1.0,1.0,35380.18,120389.42,0.0,0.0,1.0,0.0,3.0,628797.6399999999,3.0,0.0,1.0,185205.3,2.0,436688.85000000003,3.0,3.0,3.0,28359.283333333336,49363.37333333333,0.0,1.0,2.0,0.0,6,2244991.41,6,0,1,185205.3,5,1918366.97,6,6,6,37065.958333333336,60567.181666666664,0.0,1.0,5,0,12,8444913.23,12,0,1,185205.3,11,7480604.44,12,12,12,114747.81916666667,78423.17,0.0,1.0,11,0,66,44418423.75,51,15,7,6325376.469999999,55,28861557.89,66,38,56,144671.73712121212,122909.25454545455,2.0,5.0,42,13,30,27402035.89,21,9,1,580218.45,27,19305189.35,30,22,27,141746.19499999998,212529.31166666665,1.0,0.0,20,7,398615.35,404345.26,209599.2133333333,218344.42500000002,374165.23500000004,383673.394,703742.7691666667,680054.9490909091,673006.4204545454,524755.598,913401.1963333334,715007.012962963,0
PRAC-1010,Neysa Suresh,MCI/KAR/39420,747231862,2028-05-04,1960-02-22,Male,161084265014,98400465445,neysa.doc60@clinic.com,47/748 Chakraborty Street,0,Mysore,Karnataka,563320,Dermatology,Oncology,207N00000X,Christian Medical College,1985,HOSP-0017,N,2018-12-21,Active,0,1.0,165282.45,0.0,1.0,0.0,0.0,1.0,147972.74,1.0,1.0,1.0,1839.03,34798.91,0.0,0.0,0.0,1.0,3.0,1292170.28,1.0,2.0,0.0,0.0,3.0,1166532.68,3.0,3.0,3.0,77705.31333333334,61589.57,0.0,0.0,1.0,2.0,11,3924107.0900000003,7,4,1,338781.32,9,2968379.35,11,11,11,80875.89181818183,59091.18818181818,1.0,0.0,6,3,16,8610965.39,11,5,1,338781.32,14,7140435.8100000005,16,14,15,94837.6975,124669.758125,1.0,0.0,10,4,56,36118647.96,45,11,6,3627522.98,46,26414191.09,56,31,48,124506.2644642857,136737.89607142858,1.0,5.0,37,9,29,21365238.22,24,5,3,728749.63,25,18354054.66,29,23,27,158997.51448275862,194593.97379310345,0.0,3.0,20,5,165282.45,147972.74,430723.4266666667,388844.2266666666,356737.00818181824,329819.9277777778,538185.336875,510031.1292857143,644975.8564285714,574221.5454347826,736732.3524137931,734162.1864,0
PRAC-1011,Ira Chad,MCI/WES/84404,1212464972,2030-04-05,1995-04-09,Other,641046390907,98789503644,ira.doc30@clinic.com,H.No. 46- Rajagopalan Ganj,0,Howrah,West Bengal,707945,General Surgery,0,208600000X,All India Institute of Medical Sciences,2023,HOSP-0007,Y,2025-05-03,Active,0,0.0,0.0,0.0,0.0,0.0,0.0,0.0,0.0,0.0,0.0,0.0,0.0,0.0,0.0,0.0,0.0,0.0,1.0,115478.37,1.0,0.0,0.0,0.0,1.0,80856.9,1.0,1.0,1.0,32822.57,1443.05,0.0,0.0,1.0,0.0,5,2270144.89,3,2,1,383615.25,3,1502961.94,5,3,5,50840.402,109332.23000000001,1.0,0.0,3,0,8,3112216.5300000003,5,3,1,383615.25,6,2142080.58,8,6,8,49216.6975,86275.36125,1.0,0.0,5,1,49,33760629.72,35,14,1,310616.41,44,27082370.740000002,49,24,47,163762.0206122449,148803.77122448978,1.0,0.0,33,11,25,20496788.96,16,9,2,3187330.49,22,14911677.27,25,21,23,151089.8628,153381.7316,1.0,1.0,14,8,0.0,0.0,115478.37,80856.9,454028.978,500987.3133333333,389027.06625000003,357013.43,688992.4432653061,615508.4259090909,819871.5584,677803.5122727272,0
PRAC-1012,Hridaan Bal,MCI/MAH/99940,7123712206,2027-04-01,1978-09-12,Female,435062643350,98793300556,hridaan.doc13@clinic.com,H.No. 45- Lalla Chowk,Anne Circle,Pune,Maharashtra,483477,Pediatrics,0,208000000X,Maulana Azad Medical College,2005,HOSP-0010,N,2014-04-24,Active,0,1.0,386481.48,0.0,1.0,0.0,0.0,1.0,484422.06,1.0,1.0,1.0,115913.75,51039.19,0.0,0.0,0.0,1.0,3.0,575165.61,2.0,1.0,1.0,92820.35,1.0,484422.06,3.0,3.0,3.0,49995.51666666666,24126.0,0.0,1.0,0.0,1.0,9,4582191.28,6,3,1,92820.35,7,4007406.53,9,9,9,134780.14444444445,129286.28222222223,0.0,1.0,4,3,12,6181490.9,9,3,1,92820.35,10,5504170.14,12,12,12,133659.33083333334,127623.95333333332,0.0,1.0,7,3,59,34244385.95,38,21,5,3921771.41,52,24098643.34,59,34,51,124077.89728813559,114735.67966101695,2.0,3.0,33,19,36,18716195.66,25,11,3,2398306.75,28,10076826.12,36,25,33,116123.9,91986.08444444445,1.0,2.0,20,8,386481.48,484422.06,191721.87,484422.06,509132.3644444445,572486.6471428571,515124.2416666667,550417.014,580413.3211864408,463435.44884615386,519894.3238888889,359886.64714285714,0
PRAC-1013,Vedika Wable,MCI/MAH/71616,4177829693,2027-06-26,1962-07-03,Other,973319133575,97621839811,vedika.doc18@clinic.com,H.No. 085 Som Marg,Ramachandran Chowk,Mumbai,Maharashtra,465261,Cardiology,General Practice,207R00000X,All India Institute of Medical Sciences,1989,HOSP-0043,Y,1993-07-03,Active,0,1.0,392526.76,0.0,1.0,0.0,0.0,1.0,1142381.85,1.0,1.0,1.0,72153.22,165533.72,0.0,0.0,0.0,1.0,1.0,392526.76,0.0,1.0,0.0,0.0,1.0,1142381.85,1.0,1.0,1.0,72153.22,165533.72,0.0,0.0,0.0,1.0,6,1817883.8900000001,3,3,0,0.0,6,2326861.8200000003,6,6,6,41255.95333333333,63280.25833333333,0.0,0.0,3,3,11,4513833.01,7,4,0,0.0,11,4729154.66,11,11,11,51279.99909090909,67217.38272727272,0.0,0.0,7,4,62,35767234.76,48,14,2,1055880.77,54,27409894.18,62,35,52,102145.99548387097,118070.18403225807,2.0,0.0,44,10,24,14845743.16,19,5,1,29103.04,21,9835034.71,24,20,23,127389.29625,168775.72291666668,0.0,1.0,17,4,392526.76,1142381.85,392526.76,1142381.85,302980.6483333334,387810.3033333334,410348.45545454544,429923.15090909094,576890.8832258064,507590.63296296296,618572.6316666667,468334.9861904762,1
PRAC-1014,Zoya Bhasin,MCI/KAR/80932,7160594004,2027-03-05,1961-06-13,Other,780874036900,99438155609,zoya.doc65@clinic.com,02/784 Anand Marg,Dayal Road,Bangalore,Karnataka,583618,Cardiology,Neurology,207R00000X,Christian Medical College,1989,HOSP-0025,Y,2014-08-05,Under Review,0,0.0,0.0,0.0,0.0,0.0,0.0,0.0,0.0,0.0,0.0,0.0,0.0,0.0,0.0,0.0,0.0,0.0,1.0,215862.98,1.0,0.0,0.0,0.0,1.0,194414.09,1.0,1.0,1.0,10675.93,57976.95,0.0,0.0,1.0,0.0,5,2038933.32,2,3,0,0.0,5,1698424.45,5,5,5,82173.452,78374.162,0.0,0.0,2,3,9,4381008.3100000005,3,6,1,352259.36,8,3483513.45,9,9,8,73162.40999999999,106827.92444444445,1.0,0.0,3,5,60,42852929.14,47,13,1,969976.87,57,34548454.42,59,37,53,124316.00799999999,138307.96533333333,0.0,1.0,44,13,25,10814475.68,19,6,2,765334.7,21,8381908.55,25,19,25,95411.23240000001,97650.2948,1.0,1.0,16,5,0.0,0.0,215862.98,194414.09,407786.664,339684.89,486778.70111111115,435439.18125,714215.4856666666,606113.2354385966,432579.0272,399138.50238095236,0
PRAC-1015,Tejas Ray,MCI/TAM/68716,8695614318,2027-03-31,1975-12-02,Other,640565327922,98228996371,tejas.doc89@clinic.com,330- Dar Street,Behl,Madurai,Tamil Nadu,664055,General Practice,Dermatology,208D00000X,Christian Medical College,2004,HOSP-0017,N,2019-08-18,Active,0,0.0,0.0,0.0,0.0,0.0,0.0,0.0,0.0,0.0,0.0,0.0,0.0,0.0,0.0,0.0,0.0,0.0,2.0,961200.26,1.0,1.0,0.0,0.0,2.0,936468.6499999999,2.0,2.0,2.0,31492.305,104253.77500000001,0.0,0.0,1.0,1.0,8,5832570.0600000005,6,2,0,0.0,7,3994493.38,8,8,8,131535.84625,193561.95875,0.0,0.0,5,2,14,10324323.8,9,5,1,501685.9,12,7721601.97,14,13,13,163824.11142857143,150980.34785714286,1.0,0.0,8,4,52,41801927.51,42,10,2,2096650.26,47,32269245.63,52,30,46,167563.4528846154,157437.50557692308,0.0,2.0,37,10,42,30661655.47,33,9,5,2479449.5,34,23584006.25,41,29,35,170639.11857142855,131796.2588095238,2.0,3.0,27,7,0.0,0.0,480600.13,468234.32499999995,729071.2575000001,570641.9114285714,737451.7000000001,643466.8308333333,803883.2213461538,686579.6942553191,730039.415952381,693647.2426470588,0
PRAC-1016,Saira Thaker,MCI/MAH/80535,5877743967,2026-08-11,1968-12-03,Male,644933329120,99882564562,saira.doc97@clinic.com,H.No. 200 Ghosh Chowk,Cheema,Pune,Maharashtra,447288,Cardiology,Orthopedic Surgery,207R00000X,All India Institute of Medical Sciences,1998,HOSP-0022,N,2006-02-20,Active,0,0.0,0.0,0.0,0.0,0.0,0.0,0.0,0.0,0.0,0.0,0.0,0.0,0.0,0.0,0.0,0.0,0.0,2.0,3538551.47,1.0,1.0,0.0,0.0,2.0,2828639.26,2.0,2.0,2.0,351964.03,587594.8500000001,0.0,0.0,1.0,1.0,7,7636327.75,3,4,0,0.0,6,5720403.95,7,7,7,207184.14857142858,286562.7471428571,0.0,0.0,3,3,11,8508099.21,7,4,0,0.0,9,6391066.35,11,10,11,146718.7409090909,202255.99454545454,0.0,0.0,6,3,62,39930881.51,44,18,4,3171534.9600000004,53,25353028.66,61,40,49,121146.64903225806,118548.92516129033,2.0,2.0,37,16,23,20427108.560000002,19,4,2,1323111.63,21,17152645.07,23,20,23,148952.50695652174,180317.52695652173,0.0,2.0,17,4,0.0,0.0,1769275.735,1414319.63,1090903.9642857143,953400.6583333333,773463.5645454546,710118.4833333333,644046.4759677419,478359.03132075473,888135.1547826088,816792.6223809524,0
PRAC-1017,Keya Tella,MCI/WES/55198,6255767724,2028-05-26,1975-03-08,Female,157838844510,99226503686,keya.doc92@clinic.com,647 Sama Path,Vora Road,Howrah,West Bengal,778110,Orthopedic Surgery,Oncology,207X00000X,Maulana Azad Medical College,2003,HOSP-0031,N,2022-03-23,Active,0,2.0,1034827.9199999999,1.0,1.0,1.0,707505.7,1.0,265421.25,2.0,1.0,2.0,126954.48,118498.875,1.0,0.0,1.0,0.0,4.0,2109982.1799999997,1.0,3.0,1.0,707505.7,3.0,1267589.71,4.0,3.0,4.0,135522.94499999998,120820.61750000001,1.0,0.0,1.0,2.0,9,4394353.529999999,4,5,3,1920155.43,5,1856033.19,9,7,9,123742.25111111111,99434.24888888889,2.0,1.0,2,3,14,6468458.15,7,7,4,2366200.1799999997,8,2935495.99,14,12,13,114839.11071428572,92349.675,3.0,1.0,4,4,43,38055410.12,35,8,4,5567314.869999999,36,27518991.45,42,31,38,186223.24906976745,225539.79674418605,0.0,4.0,29,7,40,27336345.28,27,13,2,1096897.99,36,16611314.96,40,27,36,135989.434,143070.60225,0.0,2.0,24,12,517413.95999999996,265421.25,527495.5449999999,422529.9033333333,488261.50333333324,371206.638,462032.72500000003,366936.99875,885009.5376744185,764416.4291666667,683408.632,461425.4155555556,0
PRAC-1018,Hansh Manne,MCI/MAH/35316,2310776838,2028-12-14,1975-12-30,Female,801493289770,99896980904,hansh.doc28@clinic.com,64/50- Garde Chowk,0,Pune,Maharashtra,462744,General Surgery,Oncology,208600000X,Maulana Azad Medical College,2001,HOSP-0014,N,2017-11-10,Active,0,2.0,771380.34,0.0,2.0,0.0,0.0,2.0,529404.58,2.0,2.0,2.0,124845.29499999998,54786.47,0.0,0.0,0.0,2.0,5.0,2212086.38,2.0,3.0,0.0,0.0,5.0,1727997.42,5.0,5.0,5.0,131250.776,108932.692,0.0,0.0,2.0,3.0,11,8248170.92,8,3,0,0.0,11,7079767.0600000005,11,10,11,196607.36727272728,181609.88272727272,0.0,0.0,8,3,18,11560597.12,13,5,0,0.0,18,9943666.9,18,16,18,156700.83944444443,140426.085,0.0,0.0,13,5,66,33084962.71,51,15,4,1273288.46,57,26012388.87,66,40,55,106538.1806060606,123175.75575757575,2.0,2.0,45,12,30,16067055.88,21,9,0,0.0,28,12792043.92,30,25,27,110733.03199999999,101307.58266666667,0.0,0.0,19,9,385690.17,264702.29,442417.27599999995,345599.484,749833.72,643615.1872727274,642255.3955555555,552425.9388888889,501287.3137878788,456357.69947368425,535568.5293333334,456858.71142857143,0
PRAC-1019,Riaan Chokshi,MCI/MAH/74186,6701338077,2027-12-12,1969-03-29,Male,89647152878,97326386202,riaan.doc36@clinic.com,59/206- Sura Zila,Basu Path,Mumbai,Maharashtra,433233,Dermatology,General Practice,207N00000X,All India Institute of Medical Sciences,1999,HOSP-0034,Y,2023-10-19,Active,0,0.0,0.0,0.0,0.0,0.0,0.0,0.0,0.0,0.0,0.0,0.0,0.0,0.0,0.0,0.0,0.0,0.0,1.0,157263.66,1.0,0.0,0.0,0.0,0.0,0.0,1.0,1.0,1.0,26673.36,11354.98,0.0,0.0,0.0,0.0,6,3696284.18,4,2,1,71067.38,4,2904812.69,6,6,6,124628.72833333333,130384.745,1.0,0.0,3,1,11,7418474.74,9,2,2,1634996.9900000002,8,4885031.52,11,11,11,122194.32,178479.7809090909,1.0,1.0,7,1,61,33601916.34,45,16,8,3693541.45,51,22411492.85,60,32,54,127318.79065573771,116893.28377049179,4.0,4.0,39,12,36,26173475.85,27,9,4,6195024.86,29,14822210.54,36,28,34,142369.40694444446,162300.44805555555,0.0,4.0,21,8,0.0,0.0,157263.66,0.0,616047.3633333334,726203.1725,674406.7945454546,610628.94,550851.0875409837,439441.03627450985,727040.9958333333,511110.70827586204,0
PRAC-1020,Anaya Karnik,MCI/DEL/88512,9370631379,2026-08-21,1990-10-04,Other,11055432641,97261301855,anaya.doc8@clinic.com,85/862 Atwal Marg,Zacharia Marg,New Delhi,Delhi,110087,General Surgery,Cardiology,208600000X,Kasturba Medical College,2015,HOSP-0048,N,2017-01-10,Under Review,0,0.0,0.0,0.0,0.0,0.0,0.0,0.0,0.0,0.0,0.0,0.0,0.0,0.0,0.0,0.0,0.0,0.0,1.0,73475.0,1.0,0.0,0.0,0.0,1.0,64279.3,1.0,1.0,1.0,23878.46,29790.58,0.0,0.0,1.0,0.0,4,2551394.2800000003,4,0,1,1873129.97,3,502215.25999999995,4,4,4,199569.79499999998,111669.80750000001,0.0,1.0,3,0,7,4460687.26,7,0,1,1873129.97,6,2269722.93,7,7,7,204476.86714285714,153743.42857142858,0.0,1.0,6,0,55,42410367.52,41,14,6,12737601.6,46,23438767.46,55,33,50,193372.72363636366,137421.99072727273,1.0,5.0,34,12,31,22425399.46,24,7,3,1709391.8800000001,27,17239433.99,31,23,30,171652.4706451613,120260.27096774193,1.0,2.0,21,6,0.0,0.0,73475.0,64279.3,637848.5700000001,167405.08666666664,637241.0371428571,378287.155,771097.5912727274,509538.4230434783,723399.9825806452,638497.5551851852,0
PRAC-1021,Manjari Korpal,MCI/DEL/22477,3586085962,2030-03-06,1979-01-02,Other,434785343924,97463353538,manjari.doc58@clinic.com,82 Dayal Circle,Maharaj Path,New Delhi,Delhi,110024,Orthopedic Surgery,General Surgery,207X00000X,Christian Medical College,2004,HOSP-0014,Y,2019-07-07,Active,0,0.0,0.0,0.0,0.0,0.0,0.0,0.0,0.0,0.0,0.0,0.0,0.0,0.0,0.0,0.0,0.0,0.0,0.0,0.0,0.0,0.0,0.0,0.0,0.0,0.0,0.0,0.0,0.0,0.0,0.0,0.0,0.0,0.0,0.0,6,4523295.69,5,1,1,141210.76,5,3563808.16,6,6,6,175240.16666666666,73835.53499999999,0.0,1.0,4,1,12,8529989.530000001,10,2,1,141210.76,11,6828307.24,12,11,11,159845.90083333335,67739.10833333334,0.0,1.0,9,2,59,45713117.7,41,18,6,1330611.91,49,31016136.61,59,37,52,135211.44355932204,184944.6818644068,2.0,4.0,35,14,30,20534568.47,15,15,2,803377.7300000001,26,15868483.25,30,23,30,138367.77566666665,114677.18033333332,2.0,0.0,14,12,0.0,0.0,0.0,0.0,753882.6150000001,712761.632,710832.4608333334,620755.2036363636,774798.6050847458,632982.3797959184,684485.6156666667,610326.2788461539,0
PRAC-1022,Pranay Soman,MCI/DEL/99642,3277771793,2026-07-20,1996-07-02,Other,715337898796,97974335145,pranay.doc84@clinic.com,023 Anand Street,0,New Delhi,Delhi,110068,Oncology,Orthopedic Surgery,207R00000X,Kasturba Medical College,2026,HOSP-0049,Y,2028-01-01,Under Review,0,0.0,0.0,0.0,0.0,0.0,0.0,0.0,0.0,0.0,0.0,0.0,0.0,0.0,0.0,0.0,0.0,0.0,2.0,1827084.6400000001,2.0,0.0,0.0,0.0,1.0,1424741.98,2.0,2.0,2.0,150920.895,291193.76,0.0,0.0,1.0,0.0,8,6639692.9399999995,5,3,0,0.0,7,5631132.12,8,7,8,121167.73124999998,183389.35375,0.0,0.0,4,3,11,8368149.0600000005,8,3,0,0.0,10,7031688.029999999,11,10,11,128489.99363636364,159228.91090909092,0.0,0.0,7,3,54,40062920.65,37,17,7,4198915.12,44,28609243.68,54,33,49,153437.80574074073,130610.69074074074,2.0,5.0,30,14,36,24547248.29,27,9,3,2180858.22,27,16173830.37,36,26,35,151198.79305555555,157212.90805555557,1.0,2.0,19,8,0.0,0.0,913542.3200000001,1424741.98,829961.6174999999,804447.4457142857,760740.8236363637,703168.803,741905.9379629629,650210.0836363636,681868.0080555555,599030.7544444444,0
PRAC-1023,Vaibhav Bhatia,MCI/TAM/48276,6117116471,2026-11-04,1969-05-10,Female,395228266244,99231653195,vaibhav.doc69@clinic.com,15- Kaur,0,Chennai,Tamil Nadu,657877,General Practice,Orthopedic Surgery,208D00000X,All India Institute of Medical Sciences,1997,HOSP-0029,N,2017-09-23,Under Review,0,0.0,0.0,0.0,0.0,0.0,0.0,0.0,0.0,0.0,0.0,0.0,0.0,0.0,0.0,0.0,0.0,0.0,2.0,2639911.15,2.0,0.0,0.0,0.0,2.0,2424750.23,2.0,2.0,2.0,237440.935,176378.61000000002,0.0,0.0,2.0,0.0,9,7742668.82,7,2,3,412632.79000000004,6,6579695.38,9,9,9,165169.0588888889,169627.35555555558,1.0,2.0,5,1,16,15326666.41,14,2,3,412632.79000000004,13,13537551.08,16,15,14,234007.26,178885.668125,1.0,2.0,12,1,50,29669709.73,37,13,5,4550116.69,40,16092429.83,50,35,45,121318.55300000001,128149.664,2.0,3.0,29,11,23,13046066.84,14,9,1,120827.06,17,8945553.95,23,19,22,139060.41130434783,97326.48739130434,0.0,1.0,11,6,0.0,0.0,1319955.575,1212375.115,860296.5355555556,1096615.8966666667,957916.650625,1041350.083076923,593394.1946,402310.74575,567220.2973913044,526209.0558823529,0
PRAC-1024,Seher Batta,MCI/TAM/95678,4445770941,2028-11-22,1966-06-27,Other,164128481802,98782691952,seher.doc39@clinic.com,27/724 Sarraf Ganj,Kunda Nagar,Madurai,Tamil Nadu,604301,Oncology,Orthopedic Surgery,207R00000X,Armed Forces Medical College,1991,HOSP-0008,N,2000-11-04,Inactive,0,2.0,198444.16999999998,1.0,1.0,0.0,0.0,2.0,615452.13,2.0,1.0,1.0,29588.43,34726.455,0.0,0.0,1.0,1.0,6.0,3314686.7,4.0,2.0,0.0,0.0,6.0,3100618.54,6.0,5.0,5.0,80945.75666666667,90311.49333333333,0.0,0.0,4.0,2.0,14,6574048.16,8,6,1,109325.47,12,5820775.74,14,12,13,61292.805714285714,111482.39,1.0,0.0,8,4,18,10417367.38,9,9,1,109325.47,15,7539594.96,18,15,17,77026.29833333334,142426.89388888888,1.0,0.0,9,6,61,37692172.39,44,17,1,63910.48,56,30297107.07,61,35,54,135057.0406557377,106820.53655737705,0.0,1.0,40,16,29,21268464.44,21,8,2,1045411.0700000001,25,16415543.09,29,23,28,148513.89931034483,144082.37586206896,0.0,2.0,17,8,99222.08499999999,307726.065,552447.7833333333,516769.75666666665,469574.8685714286,485064.645,578742.6322222223,502639.664,617904.465409836,541019.7691071428,733395.3255172414,656621.7236,0
PRAC-1025,Sana Chander,MCI/TAM/93459,523517739,2026-06-09,1990-11-05,Other,267757094651,99577040271,sana.doc76@clinic.com,H.No. 268- Batra Road,0,Coimbatore,Tamil Nadu,692932,Pediatrics,General Practice,208000000X,Kasturba Medical College,2014,HOSP-0029,Y,2022-10-31,Active,0,2.0,6214638.65,2.0,0.0,1.0,712429.58,1.0,4552362.63,2.0,2.0,2.0,298222.68,687678.355,0.0,1.0,1.0,0.0,3.0,7005040.24,3.0,0.0,1.0,712429.58,2.0,5148544.07,3.0,3.0,3.0,254939.11,487254.9466666667,0.0,1.0,2.0,0.0,10,9749722.05,9,1,1,712429.58,9,7374863.1,10,9,10,130264.26999999999,207838.925,0.0,1.0,8,1,17,13172401.870000001,16,1,1,712429.58,15,9763660.780000001,17,13,17,127670.92529411765,147489.48823529412,0.0,1.0,14,1,37,26267048.57,27,10,2,1392732.45,32,20937460.81,37,29,35,129028.48432432432,119161.27432432433,0.0,2.0,22,10,22,14619879.06,15,7,3,1073380.9,15,9833203.83,22,17,22,168830.8031818182,168649.7318181818,2.0,1.0,10,5,3107319.325,4552362.63,2335013.4133333336,2574272.035,974972.2050000001,819429.2333333333,774847.1688235295,650910.7186666668,709920.2316216216,654295.6503125,664539.9572727273,655546.922,0
PRAC-1026,Advika Bhavsar,MCI/DEL/80961,1259299984,2030-06-23,1983-05-11,Male,201232147095,98056025528,advika.doc59@clinic.com,34- Dara Chowk,0,New Delhi,Delhi,110052,Orthopedic Surgery,Neurology,207X00000X,All India Institute of Medical Sciences,2010,HOSP-0041,N,2023-08-04,Inactive,0,2.0,159730.25,0.0,2.0,0.0,0.0,2.0,1840352.75,2.0,1.0,1.0,17593.695,30495.02,0.0,0.0,0.0,2.0,4.0,798373.63,2.0,2.0,1.0,274673.28,3.0,2143833.5300000003,4.0,3.0,3.0,26004.239999999998,42710.6675,0.0,1.0,1.0,2.0,6,2518965.01,4,2,1,274673.28,5,3752922.58,6,5,5,110554.70166666666,86842.03833333333,0.0,1.0,3,2,11,6638399.46,9,2,1,274673.28,9,6890299.5,11,10,10,151628.87636363637,110588.38818181818,0.0,1.0,7,2,55,30371956.29,38,17,4,2989725.79,48,22154183.47,55,35,49,123515.15454545454,105897.12236363637,0.0,4.0,31,17,36,29147121.99,34,2,2,1392898.27,32,22961761.78,36,24,30,199401.14472222223,150131.03944444444,0.0,2.0,30,2,79865.125,920176.375,199593.4075,714611.1766666668,419827.50166666665,750584.5160000001,603490.86,765588.8333333334,552217.3870909091,461545.4889583333,809642.2775,717555.055625,0
PRAC-1027,Ojas Goyal,MCI/WES/82700,8947070775,2029-01-06,1974-08-28,Male,566693617917,97510780546,ojas.doc50@clinic.com,H.No. 886- Bhatti Street,0,Kolkata,West Bengal,771815,Oncology,General Surgery,207R00000X,Kasturba Medical College,2003,HOSP-0006,N,2015-12-10,Active,0,0.0,0.0,0.0,0.0,0.0,0.0,0.0,0.0,0.0,0.0,0.0,0.0,0.0,0.0,0.0,0.0,0.0,3.0,1951388.48,2.0,1.0,1.0,654108.13,1.0,472770.64,3.0,3.0,3.0,109293.84666666668,103434.16333333333,1.0,0.0,1.0,0.0,11,5296184.180000001,5,6,3,1160155.62,6,2592650.85,11,10,11,110417.83272727272,73516.71636363637,2.0,1.0,3,3,13,6441518.13,6,7,3,1160155.62,8,3459656.06,13,12,13,109714.50384615385,74690.17923076922,2.0,1.0,4,4,66,48495029.06,51,15,0,0.0,58,39777176.95,66,38,54,157205.29363636364,149417.4677272727,0.0,0.0,45,13,44,26305324.61,36,8,1,743438.61,39,18993223.17,44,31,40,118397.49886363637,99277.36431818182,0.0,1.0,31,8,0.0,0.0,650462.8266666667,472770.64,481471.2890909091,432108.47500000003,495501.39461538463,432457.0075,734773.1675757576,685813.3956896552,597848.2865909091,487005.72230769234,0
PRAC-1028,Eva Sastry,MCI/KAR/22509,2864262134,2029-12-09,1965-11-05,Female,664744321010,99445783418,eva.doc44@clinic.com,45/39- Chatterjee Path,0,Mysore,Karnataka,589371,Cardiology,0,207R00000X,JIPMER,1994,HOSP-0022,N,2007-04-08,Active,0,1.0,304449.28,0.0,1.0,0.0,0.0,1.0,30507.28,1.0,1.0,1.0,18014.04,113177.4,0.0,0.0,0.0,1.0,1.0,304449.28,0.0,1.0,0.0,0.0,1.0,30507.28,1.0,1.0,1.0,18014.04,113177.4,0.0,0.0,0.0,1.0,4,7582996.720000001,3,1,0,0.0,4,7162555.970000001,4,4,4,281206.115,332202.47,0.0,0.0,3,1,10,9962511.64,8,2,0,0.0,9,9156047.14,10,9,10,160021.1,197095.98599999998,0.0,0.0,8,1,69,41748957.32,52,17,2,1152907.1199999999,61,30453717.419999998,69,35,59,150749.9475362319,119987.10739130435,0.0,2.0,46,15,33,27380599.84,27,6,2,1337085.03,29,16698495.52,33,25,30,193146.95484848483,140553.46848484848,0.0,2.0,23,6,304449.28,30507.28,304449.28,30507.28,1895749.1800000002,1790638.9925000002,996251.1640000001,1017338.5711111112,605057.3524637681,499241.2691803278,829715.1466666666,575810.1903448276,0
PRAC-1029,Miraya Dhillon,MCI/TAM/41098,4368437263,2026-11-19,1989-01-26,Male,573585998987,98104445357,miraya.doc81@clinic.com,58- Kapur Path,0,Coimbatore,Tamil Nadu,674861,General Practice,Cardiology,208D00000X,Kasturba Medical College,2015,HOSP-0039,Y,2017-08-13,Active,0,0.0,0.0,0.0,0.0,0.0,0.0,0.0,0.0,0.0,0.0,0.0,0.0,0.0,0.0,0.0,0.0,0.0,0.0,0.0,0.0,0.0,0.0,0.0,0.0,0.0,0.0,0.0,0.0,0.0,0.0,0.0,0.0,0.0,0.0,8,5264103.23,6,2,0,0.0,8,4451196.19,8,7,8,109966.55374999999,132340.08250000002,0.0,0.0,6,2,13,12263210.24,9,4,0,0.0,12,6480196.23,13,11,13,161882.2430769231,268624.92307692306,0.0,0.0,9,3,48,26610831.77,33,15,4,1546860.3499999999,42,21234018.17,47,29,42,96490.09729166667,87347.51916666667,1.0,3.0,29,13,31,21478078.56,25,6,2,912812.62,21,12903163.48,31,20,30,98000.25225806453,125292.93806451613,0.0,2.0,16,5,0.0,0.0,0.0,0.0,658012.90375,556399.52375,943323.8646153846,540016.3525,554392.3285416666,505571.8611904762,692841.2438709676,614436.3561904762,0
PRAC-1030,Purab Kadakia,MCI/MAH/95833,1234843284,2028-06-10,1986-12-22,Male,465044329308,97571832022,purab.doc54@clinic.com,28/59- Karpe Circle,0,Nagpur,Maharashtra,499928,Cardiology,Oncology,207R00000X,Maulana Azad Medical College,2014,HOSP-0038,N,2020-12-14,Active,0,0.0,0.0,0.0,0.0,0.0,0.0,0.0,0.0,0.0,0.0,0.0,0.0,0.0,0.0,0.0,0.0,0.0,2.0,789943.23,2.0,0.0,0.0,0.0,2.0,716705.0800000001,2.0,2.0,2.0,191833.44,97026.595,0.0,0.0,2.0,0.0,11,11566564.79,11,0,0,0.0,10,9945734.879999999,11,10,11,209593.3590909091,250285.92909090908,0.0,0.0,10,0,15,16106561.21,15,0,0,0.0,13,12675045.620000001,15,13,14,226992.10666666666,218068.61266666665,0.0,0.0,13,0,54,35534971.27,40,14,2,1867745.2,46,26043998.96,54,33,48,119882.97685185185,157872.42037037035,1.0,1.0,35,11,33,14992843.04,24,9,2,1856304.59,24,9206243.31,33,25,30,88642.48515151515,90777.0987878788,0.0,2.0,18,6,0.0,0.0,394971.615,358352.54000000004,1051505.89,994573.4879999999,1073770.7473333334,975003.5092307694,658055.0235185185,566173.8904347826,454328.57696969697,383593.47125,0
PRAC-1031,Jhanvi Bal,MCI/MAH/83491,685842464,2027-01-17,1962-03-13,Male,447029021185,97056543059,jhanvi.doc67@clinic.com,29/971- Das Street,Chopra Road,Nagpur,Maharashtra,471761,Oncology,Orthopedic Surgery,207R00000X,Kasturba Medical College,1986,HOSP-0013,N,2007-01-25,Active,0,3.0,569984.98,2.0,1.0,0.0,0.0,2.0,966718.1799999999,3.0,2.0,2.0,49356.64000000001,16715.896666666664,0.0,0.0,1.0,1.0,6.0,1426945.3599999999,5.0,1.0,0.0,0.0,4.0,1455695.64,6.0,5.0,5.0,68104.94333333334,28817.431666666667,0.0,0.0,3.0,1.0,13,7906216.71,11,2,1,36794.72,10,6590103.65,13,12,12,188441.25846153844,149702.22076923077,0.0,1.0,8,2,19,11056769.9,14,5,2,372389.31999999995,15,9030620.07,19,17,18,161893.04157894736,120511.75578947368,1.0,1.0,11,4,49,36179291.26,38,11,2,322020.06,43,30664639.72,49,33,44,132567.05530612243,134183.18959183674,0.0,2.0,34,9,38,35286646.75,31,7,4,1929096.7499999995,32,26480941.84,38,27,34,227576.19473684212,171957.86289473684,2.0,2.0,27,5,189994.99333333332,483359.08999999997,237824.22666666665,363923.91,608170.5161538462,659010.365,581935.2578947368,602041.338,738352.8828571428,713131.1562790697,928595.9671052631,827529.4325,0
PRAC-1032,Rhea Vig,MCI/MAH/32021,1817343687,2027-03-15,1964-02-16,Female,543975986235,98334843688,rhea.doc28@clinic.com,13/10- Wason Street,0,Pune,Maharashtra,408927,Orthopedic Surgery,0,207X00000X,JIPMER,1989,HOSP-0047,N,2006-08-07,Active,0,0.0,0.0,0.0,0.0,0.0,0.0,0.0,0.0,0.0,0.0,0.0,0.0,0.0,0.0,0.0,0.0,0.0,1.0,228379.28,1.0,0.0,0.0,0.0,1.0,168173.08,1.0,1.0,1.0,59126.01,31494.07,0.0,0.0,1.0,0.0,5,2545545.2199999997,5,0,1,187879.76,4,1762769.8699999999,5,5,5,76715.15400000001,109788.574,0.0,1.0,4,0,6,7289645.160000001,5,1,1,187879.76,4,1762769.8699999999,6,6,6,93065.54333333333,331355.6533333334,0.0,1.0,4,0,57,37185873.22,45,12,4,2540940.33,45,23043077.91,57,33,51,113685.08596491229,111966.81929824562,0.0,4.0,35,10,23,12026121.85,16,7,2,674006.03,20,9168118.03,23,19,20,95941.82217391305,131314.09739130433,0.0,2.0,14,6,0.0,0.0,228379.28,168173.08,509109.04399999994,440692.46749999997,1214940.86,440692.46749999997,652383.7407017543,512068.398,522874.8630434782,458405.9015,0
PRAC-1033,Dhanush Deshpande,MCI/WES/66690,8527523774,2025-09-07,1969-04-14,Male,364583427249,98849456520,dhanush.doc6@clinic.com,47- Gala Circle,Madan Zila,Howrah,West Bengal,772538,General Surgery,General Practice,208600000X,Armed Forces Medical College,1997,HOSP-0019,Y,2002-01-13,Active,0,0.0,0.0,0.0,0.0,0.0,0.0,0.0,0.0,0.0,0.0,0.0,0.0,0.0,0.0,0.0,0.0,0.0,3.0,1050767.2999999998,3.0,0.0,0.0,0.0,1.0,683348.77,3.0,3.0,3.0,98923.69,57409.14666666667,0.0,0.0,1.0,0.0,8,3223524.17,7,1,0,0.0,6,2636401.71,8,8,8,98719.22875,96834.65000000001,0.0,0.0,5,1,15,7364248.890000001,13,2,0,0.0,13,6041813.87,15,13,15,93597.79666666666,100190.07600000002,0.0,0.0,11,2,54,33735032.96,35,19,5,5202587.61,47,22759849.2,53,34,46,133562.51333333334,115237.02777777778,2.0,3.0,30,17,27,16676773.43,22,5,1,1614455.67,23,11340964.57,27,21,27,118603.44814814815,109973.09296296295,0.0,1.0,19,4,0.0,0.0,350255.7666666666,683348.77,402940.52125,439400.285,490949.92600000004,464754.9130769231,624722.8325925926,484252.11063829786,617658.2751851851,493085.4160869565,0
PRAC-1034,Kashvi Badami,MCI/DEL/46502,3896493414,2030-06-16,1961-12-22,Other,275037872226,99618733652,kashvi.doc21@clinic.com,12/536 Bava Chowk,0,New Delhi,Delhi,110007,Cardiology,Pediatrics,207R00000X,Maulana Azad Medical College,1990,HOSP-0019,N,2003-01-03,Active,0,0.0,0.0,0.0,0.0,0.0,0.0,0.0,0.0,0.0,0.0,0.0,0.0,0.0,0.0,0.0,0.0,0.0,2.0,228850.81,1.0,1.0,1.0,171196.04,1.0,49896.77,2.0,2.0,2.0,27282.364999999998,23842.72,1.0,0.0,1.0,0.0,8,3436149.5,4,4,1,171196.04,7,2584950.09,8,7,8,72318.13375,94612.24500000001,1.0,0.0,4,3,8,3436149.5,4,4,1,171196.04,7,2584950.09,8,7,8,72318.13375,94612.24500000001,1.0,0.0,4,3,58,32600835.18,39,19,2,2934889.46,52,22629218.24,58,34,48,126416.36051724138,117277.89465517241,1.0,1.0,36,16,28,29317744.44,22,6,1,67760.97,25,24415135.44,28,23,28,219890.1292857143,191723.035,0.0,1.0,19,6,0.0,0.0,114425.405,49896.77,429518.6875,369278.58428571426,429518.6875,369278.58428571426,562083.3651724138,435177.2738461538,1047062.3014285715,976605.4176,0
PRAC-1035,Tushar Chanda,MCI/DEL/70518,9593301038,2028-04-12,1962-07-15,Other,969962303689,99399055477,tushar.doc84@clinic.com,49/91- Joshi Street,Shroff Ganj,New Delhi,Delhi,110016,Cardiology,Dermatology,207R00000X,Maulana Azad Medical College,1988,HOSP-0042,N,2011-01-18,Active,0,0.0,0.0,0.0,0.0,0.0,0.0,0.0,0.0,0.0,0.0,0.0,0.0,0.0,0.0,0.0,0.0,0.0,0.0,0.0,0.0,0.0,0.0,0.0,0.0,0.0,0.0,0.0,0.0,0.0,0.0,0.0,0.0,0.0,0.0,4,1882725.09,3,1,0,0.0,4,1447751.8699999999,4,4,4,108076.7225,109538.29,0.0,0.0,3,1,5,2357407.08,4,1,0,0.0,5,1884544.0999999999,5,5,5,105999.71199999998,101186.59,0.0,0.0,4,1,45,35985646.47,35,10,1,58796.6,43,30610800.52,45,30,36,185310.5971111111,182013.98022222222,1.0,0.0,34,9,28,19152399.46,18,10,0,0.0,25,14844639.100000001,28,20,27,151666.58535714285,119442.97785714285,0.0,0.0,15,10,0.0,0.0,0.0,0.0,470681.2725,361937.96749999997,471481.416,376908.81999999995,799681.0326666667,711879.0818604651,684014.2664285714,593785.564,0
PRAC-1036,Vivaan Tiwari,MCI/WES/53695,9889778060,2028-01-14,1969-07-12,Female,38190250366,99325490776,vivaan.doc60@clinic.com,H.No. 040- Ravi Nagar,Kapadia Nagar,Kolkata,West Bengal,758117,Cardiology,General Practice,207R00000X,Kasturba Medical College,1996,HOSP-0014,N,2001-10-08,Active,0,1.0,276606.2,0.0,1.0,0.0,0.0,1.0,60209.14,1.0,1.0,1.0,130341.89,2730.23,0.0,0.0,0.0,1.0,5.0,1881262.04,4.0,1.0,0.0,0.0,4.0,1226653.81,5.0,5.0,5.0,85314.57999999999,55537.31800000001,0.0,0.0,3.0,1.0,9,2869437.7199999997,7,2,1,101132.47,6,1794407.75,9,8,9,84503.71444444444,46545.108888888884,0.0,1.0,5,1,10,3354764.5700000003,7,3,1,101132.47,7,2232864.0,10,9,10,88667.234,47895.017,0.0,1.0,5,2,65,38900613.02,47,18,5,1926432.93,57,29228196.71,64,33,54,136097.258,121168.64615384616,1.0,4.0,41,16,28,21795390.080000002,21,7,2,658753.62,26,18932179.67,28,18,26,125384.85142857142,150345.0410714286,1.0,1.0,20,6,276606.2,60209.14,376252.408,306663.4525,318826.41333333333,299067.9583333333,335476.45700000005,318980.5714285714,598470.9695384615,512775.380877193,778406.7885714286,728160.7565384617,0
PRAC-1037,Krish Zachariah,MCI/WES/46565,9156502938,2027-09-10,1983-11-02,Male,383615953370,99885995424,krish.doc82@clinic.com,81 Bala Nagar,Deo Path,Howrah,West Bengal,705534,Neurology,Pediatrics,2084N0400X,Christian Medical College,2010,HOSP-0003,Y,2024-11-02,Active,0,1.0,419248.4,0.0,1.0,0.0,0.0,1.0,462164.01,1.0,1.0,1.0,100659.97,47694.43,0.0,0.0,0.0,1.0,2.0,472593.39,1.0,1.0,0.0,0.0,2.0,514238.67000000004,2.0,2.0,2.0,56144.82,29720.095,0.0,0.0,1.0,1.0,11,7339885.87,6,5,0,0.0,10,6010571.4399999995,11,11,11,91669.90272727273,135661.24545454548,0.0,0.0,6,4,15,9383415.17,8,7,0,0.0,14,7658085.95,15,14,15,82226.90466666667,158868.574,0.0,0.0,8,6,57,38177570.71,48,9,5,5897043.06,49,26111257.43,57,33,47,141845.03736842106,124741.64175438597,0.0,5.0,40,9,27,20039232.2,20,7,3,3191379.33,21,13011428.98,27,22,26,176548.82185185186,124236.38666666666,0.0,3.0,15,6,419248.4,462164.01,236296.695,257119.33500000002,667262.3518181818,601057.144,625561.0113333333,547006.1392857142,669781.9422807018,532882.8046938776,742193.7851851851,619591.8561904762,0
PRAC-1038,Tejas Cheema,MCI/WES/26384,8524864685,2026-11-26,1970-12-01,Female,292359657440,99736975329,tejas.doc74@clinic.com,H.No. 901- Loke Circle,Reddy,Howrah,West Bengal,768461,Orthopedic Surgery,0,207X00000X,Christian Medical College,2000,HOSP-0040,Y,2010-07-04,Under Review,0,1.0,123392.82,1.0,0.0,0.0,0.0,1.0,116425.54,1.0,1.0,1.0,18629.8,33456.98,0.0,0.0,1.0,0.0,6.0,4068697.5999999996,5.0,1.0,1.0,40190.5,4.0,1919773.46,6.0,6.0,5.0,119412.36499999999,218742.095,1.0,0.0,4.0,0.0,16,13639897.0,14,2,1,40190.5,14,9890704.899999999,16,13,14,149226.385625,210450.52000000002,1.0,0.0,13,1,22,17538941.48,18,4,1,40190.5,20,13061353.42,22,18,20,147216.6459090909,198589.4881818182,1.0,0.0,17,3,71,36292491.71,52,19,6,3000918.4600000004,58,25462934.86,70,33,62,118015.7423943662,97888.41788732394,2.0,4.0,41,17,37,23225583.53,28,9,1,229190.74,35,16695614.02,37,26,33,148704.3451351351,115951.77675675676,1.0,0.0,27,8,123392.82,116425.54,678116.2666666666,479943.365,852493.5625,706478.9214285713,797224.6127272728,653067.671,511161.8550704225,439016.11827586207,627718.4737837838,477017.5434285714,0
PRAC-1039,Yakshit Sheth,MCI/WES/94028,373554916,2028-08-22,1983-12-15,Other,814458408615,97055372306,yakshit.doc90@clinic.com,77/256- Joshi Chowk,Raja Road,Howrah,West Bengal,731354,Oncology,0,207R00000X,JIPMER,2011,HOSP-0046,Y,2015-06-19,Active,0,1.0,1680692.24,1.0,0.0,0.0,0.0,1.0,1478060.85,1.0,1.0,1.0,499408.88,244947.97,0.0,0.0,1.0,0.0,3.0,2663150.16,3.0,0.0,1.0,697255.62,1.0,1478060.85,3.0,3.0,3.0,211253.67333333334,169271.71333333335,0.0,1.0,1.0,0.0,10,10178488.16,7,3,3,4733087.41,6,4370547.38,10,10,10,234070.66,211583.717,2.0,1.0,5,1,17,14450212.469999999,13,4,3,4733087.41,12,7683710.48,17,14,17,191974.2511764706,180244.66294117647,2.0,1.0,11,1,58,36418830.15,48,10,3,4225489.23,51,25681373.8,58,30,49,104320.38344827587,132214.56379310344,0.0,3.0,42,9,38,22240279.96,30,8,1,34539.47,34,16812638.5,38,25,34,129857.51552631578,137448.82421052633,0.0,1.0,26,8,1680692.24,1478060.85,887716.7200000001,1478060.85,1017848.816,728424.5633333334,850012.498235294,640309.2066666667,627910.8646551723,503556.3490196079,585270.5252631579,494489.3676470588,0
PRAC-1040,Anya Walla,MCI/WES/88001,4032727158,2030-02-26,1982-10-13,Male,597836214365,97195321962,anya.doc64@clinic.com,H.No. 19 Andra Chowk,0,Howrah,West Bengal,727215,General Surgery,Neurology,208600000X,Maulana Azad Medical College,2007,HOSP-0031,N,2023-10-09,Active,0,0.0,0.0,0.0,0.0,0.0,0.0,0.0,0.0,0.0,0.0,0.0,0.0,0.0,0.0,0.0,0.0,0.0,1.0,741143.56,1.0,0.0,0.0,0.0,1.0,641042.75,1.0,1.0,1.0,99661.76,187218.39,0.0,0.0,1.0,0.0,10,10861247.4,9,1,0,0.0,9,9517430.92,10,10,10,237980.286,267921.191,0.0,0.0,8,1,12,11776707.44,10,2,0,0.0,11,10274318.17,12,12,11,207503.6083333333,248641.10583333333,0.0,0.0,9,2,61,40205043.29,41,20,6,3012857.9499999997,50,29787134.28,61,37,55,131179.71278688524,151465.14672131147,1.0,5.0,35,15,32,16648673.31,26,6,1,268327.93,29,13120842.45,32,24,29,80336.9946875,125739.489375,0.0,1.0,23,6,0.0,0.0,741143.56,641042.75,1086124.74,1057492.3244444444,981392.2866666666,934028.9245454546,659099.0703278688,595742.6856,520271.0409375,452442.8431034483,0
PRAC-1041,Badal Bandi,MCI/DEL/28311,2888643347,2026-10-24,1995-02-24,Female,606243491914,97145747938,badal.doc48@clinic.com,H.No. 485- Kaur Zila,Dalal Circle,New Delhi,Delhi,110005,General Practice,General Surgery,208D00000X,Armed Forces Medical College,2019,HOSP-0047,Y,2022-01-30,Active,0,0.0,0.0,0.0,0.0,0.0,0.0,0.0,0.0,0.0,0.0,0.0,0.0,0.0,0.0,0.0,0.0,0.0,3.0,1179012.69,3.0,0.0,0.0,0.0,3.0,854320.94,3.0,3.0,3.0,40244.799999999996,77746.90000000001,0.0,0.0,3.0,0.0,8,3802581.79,5,3,0,0.0,7,3006833.1,8,7,8,60356.82,72626.49875,0.0,0.0,5,2,12,11822655.84,9,3,0,0.0,11,10150642.23,12,10,12,125314.22083333333,196713.81999999998,0.0,0.0,9,2,44,26643429.08,31,13,2,1739447.9300000002,38,18189266.13,44,33,38,138536.3215909091,143644.21886363637,1.0,1.0,27,11,29,19017887.56,18,11,1,160537.16,24,15737578.85,29,23,25,88183.20275862068,90530.87137931035,1.0,0.0,16,8,0.0,0.0,393004.23,284773.64666666667,475322.72375,429547.5857142857,985221.32,922785.6572727273,605532.479090909,478664.8981578947,655789.2262068965,655732.4520833333,0
PRAC-1042,Hansh Talwar,MCI/WES/32319,4659738438,2026-07-02,1965-07-30,Male,83455716789,99355607526,hansh.doc28@clinic.com,87 Subramaniam Ganj,0,Howrah,West Bengal,747195,Neurology,0,2084N0400X,JIPMER,1994,HOSP-0008,N,2012-09-20,Active,0,1.0,125110.76,0.0,1.0,0.0,0.0,1.0,187019.16,1.0,1.0,1.0,28964.4,46680.14,0.0,0.0,0.0,1.0,5.0,2856577.35,4.0,1.0,0.0,0.0,5.0,2519409.87,5.0,5.0,5.0,130180.88,103952.706,0.0,0.0,4.0,1.0,11,5568135.4,7,4,0,0.0,10,4573898.47,11,9,11,124864.37636363636,98324.76727272727,0.0,0.0,6,4,16,14029444.69,9,7,1,620840.9,14,10929652.030000001,16,14,16,182339.101875,176351.459375,1.0,0.0,8,6,53,34977230.04,43,10,1,1586381.93,48,27968719.310000002,53,32,50,117452.28452830188,128586.19735849056,0.0,1.0,39,9,20,19843182.47,16,4,1,8288.18,17,16262774.33,20,18,18,140759.18,182264.748,0.0,1.0,14,3,125110.76,187019.16,571315.47,503881.97400000005,506194.1272727273,457389.84699999995,876840.293125,780689.4307142858,659947.7366037735,582681.6522916667,992159.1235,956633.7841176471,0
PRAC-1043,Shamik Devan,MCI/DEL/35271,3810985134,2027-05-29,1990-06-15,Other,847097758643,97287828367,shamik.doc17@clinic.com,71- Trivedi Chowk,0,New Delhi,Delhi,110037,Pediatrics,Orthopedic Surgery,208000000X,Kasturba Medical College,2015,HOSP-0005,Y,2020-11-19,Active,0,1.0,75857.04,1.0,0.0,0.0,0.0,1.0,73838.62,1.0,1.0,1.0,15496.98,16742.93,0.0,0.0,1.0,0.0,3.0,1792196.07,3.0,0.0,0.0,0.0,3.0,1640076.0099999998,3.0,3.0,3.0,22227.33,162839.22999999998,0.0,0.0,3.0,0.0,13,6708789.45,8,5,0,0.0,12,5300634.85,13,11,13,66698.41923076923,120176.55153846153,0.0,0.0,8,4,17,9799665.74,12,5,0,0.0,16,7877852.82,17,13,16,82449.23529411765,125351.13941176471,0.0,0.0,12,4,64,45297478.6,45,19,4,670753.76,54,35436585.79,64,40,55,172958.8384375,111325.93453125,1.0,3.0,39,15,31,15947150.23,25,6,4,2422148.48,25,11260739.16,31,21,30,113351.93516129031,85243.00870967742,3.0,1.0,22,3,75857.04,73838.62,597398.6900000001,546692.0033333333,516060.72692307696,441719.5708333333,576450.925882353,492365.80125,707773.103125,656233.0701851852,514424.20096774196,450429.5664,0
PRAC-1044,Mehul Dora,MCI/KAR/68816,2561320526,2025-10-31,1985-02-10,Other,964781586162,99011707216,mehul.doc4@clinic.com,68 Gour Path,Bali,Mysore,Karnataka,576474,Orthopedic Surgery,Oncology,207X00000X,All India Institute of Medical Sciences,2012,HOSP-0013,N,2016-11-18,Active,0,1.0,442044.57,1.0,0.0,0.0,0.0,1.0,349667.62,1.0,1.0,1.0,2397.03,187222.23,0.0,0.0,1.0,0.0,2.0,877727.6699999999,2.0,0.0,0.0,0.0,2.0,709703.5700000001,2.0,2.0,2.0,4067.21,184263.385,0.0,0.0,2.0,0.0,9,7329853.7,5,4,1,587147.59,8,5650834.92,9,7,9,144109.02666666667,191962.2366666667,0.0,1.0,4,4,13,8574476.870000001,8,5,1,587147.59,11,6427075.4,13,11,11,124261.73,142834.83384615387,0.0,1.0,6,5,55,36731632.85,42,13,7,5337052.35,43,23767387.84,55,32,51,121962.99218181819,155383.72890909092,4.0,3.0,35,8,31,28904881.09,24,7,3,2487161.23,25,21680652.47,31,24,29,210147.24161290322,189413.61387096776,1.0,2.0,20,5,442044.57,349667.62,438863.83499999996,354851.78500000003,814428.1888888889,706354.365,659575.143846154,584279.5818181819,667847.87,552729.9497674418,932415.5190322581,867226.0987999999,0
PRAC-1045,Dharmajan Mander,MCI/MAH/62286,3325175965,2029-08-22,1965-09-13,Male,683440198973,98947564791,dharmajan.doc10@clinic.com,58/70- Barad Path,Sule,Mumbai,Maharashtra,454812,Dermatology,Cardiology,207N00000X,Kasturba Medical College,1994,HOSP-0004,Y,2005-07-21,Sanctioned,Iusto recusandae cumque nesciunt recusandae a vero eligendi.,0.0,0.0,0.0,0.0,0.0,0.0,0.0,0.0,0.0,0.0,0.0,0.0,0.0,0.0,0.0,0.0,0.0,0.0,0.0,0.0,0.0,0.0,0.0,0.0,0.0,0.0,0.0,0.0,0.0,0.0,0.0,0.0,0.0,0.0,5,4944198.75,3,2,0,0.0,5,4031308.02,5,5,5,127748.8,284449.03599999996,0.0,0.0,3,2,10,7600617.06,4,6,0,0.0,9,5355239.99,10,9,10,118698.21599999999,204279.077,0.0,0.0,3,6,78,53138971.19,62,16,6,2632460.03,62,40828402.24,78,40,64,130407.51628205128,151343.65307692307,0.0,6.0,47,15,32,25367578.17,26,6,2,522003.54000000004,27,20425168.56,32,26,27,186815.26375,126260.72687500001,0.0,2.0,21,6,0.0,0.0,0.0,0.0,988839.75,806261.604,760061.706,595026.6655555556,681268.8614102564,658522.6167741936,792736.8178125,756487.7244444444,0
PRAC-1046,Advika Bera,MCI/TAM/53497,3440172665,2029-09-10,1964-12-25,Other,6810152966,97689089627,advika.doc59@clinic.com,34- Raman Nagar,0,Coimbatore,Tamil Nadu,659654,Cardiology,General Surgery,207R00000X,All India Institute of Medical Sciences,1990,HOSP-0003,N,2007-08-16,Active,0,1.0,112757.13,0.0,1.0,0.0,0.0,1.0,373566.84,1.0,1.0,1.0,5814.37,30722.84,0.0,0.0,0.0,1.0,2.0,943515.82,1.0,1.0,0.0,0.0,2.0,988070.3200000001,2.0,2.0,2.0,39422.38,129407.685,0.0,0.0,1.0,1.0,6,3237847.38,5,1,0,0.0,6,2805680.84,6,6,6,73719.83166666667,123429.79333333333,0.0,0.0,5,1,12,5439225.1,9,3,0,0.0,12,4538877.5,12,10,12,93517.8575,79739.29583333334,0.0,0.0,9,3,59,40593988.01,46,13,5,4101542.6900000004,50,30233636.59,59,37,54,115088.9372881356,142168.8240677966,0.0,5.0,37,13,30,20652001.24,27,3,0,0.0,26,15565210.58,30,22,29,124848.69033333333,133296.24366666668,0.0,0.0,23,3,112757.13,373566.84,471757.91,494035.16000000003,539641.23,467613.4733333333,453268.7583333333,378239.7916666667,688033.6950847458,604672.7318,688400.0413333332,598661.9453846153,0
PRAC-1047,Ayesha Date,MCI/TAM/16575,8287511200,2027-05-29,1962-08-06,Male,629832214175,99316333298,ayesha.doc69@clinic.com,H.No. 68- Srinivas Chowk,0,Madurai,Tamil Nadu,643084,General Practice,Cardiology,208D00000X,Kasturba Medical College,1989,HOSP-0007,Y,2003-12-02,Active,0,0.0,0.0,0.0,0.0,0.0,0.0,0.0,0.0,0.0,0.0,0.0,0.0,0.0,0.0,0.0,0.0,0.0,3.0,1771118.43,2.0,1.0,0.0,0.0,2.0,533019.69,3.0,3.0,3.0,202089.69000000003,59040.030000000006,0.0,0.0,1.0,1.0,12,12313792.74,10,2,2,2370447.3899999997,9,7507481.74,12,11,11,164189.93583333332,179858.24750000003,0.0,2.0,7,2,19,18740640.8,14,5,2,2370447.3899999997,16,12965473.07,19,14,17,162442.75684210527,168321.0852631579,0.0,2.0,11,5,55,39897549.81,40,15,2,2322925.03,50,30747856.93,55,33,47,178725.66418181817,166022.60872727275,1.0,1.0,38,12,32,20441253.71,24,8,2,2528540.28,30,15016739.6,31,25,32,109595.8928125,127322.903125,0.0,2.0,22,8,0.0,0.0,590372.8099999999,266509.845,1026149.395,834164.6377777779,986349.5157894738,810342.066875,725409.9965454546,614957.1386,638789.1784375,500557.98666666663,0
PRAC-1048,Saksham Srinivasan,MCI/WES/36987,9889508227,2025-10-12,1994-06-10,Female,44993926051,99321223056,saksham.doc12@clinic.com,60- Kapoor,Varghese Street,Howrah,West Bengal,706165,General Surgery,Dermatology,208600000X,Maulana Azad Medical College,2023,HOSP-0022,Y,2025-01-01,Active,0,0.0,0.0,0.0,0.0,0.0,0.0,0.0,0.0,0.0,0.0,0.0,0.0,0.0,0.0,0.0,0.0,0.0,1.0,512385.82,1.0,0.0,0.0,0.0,1.0,377075.1,1.0,1.0,1.0,145353.14,12736.93,0.0,0.0,1.0,0.0,6,3217770.14,2,4,0,0.0,6,2769185.1799999997,6,6,5,137405.53833333333,122089.87666666666,0.0,0.0,2,4,10,10099814.74,5,5,0,0.0,10,9347742.83,10,10,9,225293.27200000003,152978.584,0.0,0.0,5,5,61,52530553.269999996,44,17,5,4416739.66,51,39787568.82,61,33,58,206009.98770491802,192068.81754098358,0.0,5.0,36,15,21,13683406.89,18,3,1,411158.17,17,10373875.93,21,16,19,157327.06523809524,90801.10523809523,1.0,0.0,16,1,0.0,0.0,512385.82,377075.1,536295.0233333333,461530.8633333333,1009981.474,934774.283,861156.6109836065,780148.4082352942,651590.8042857143,610227.9958823529,0
PRAC-1049,Advika Deshpande,MCI/DEL/29655,6487289425,2029-06-01,1965-04-21,Other,539534509880,97923304899,advika.doc69@clinic.com,39/88- Tiwari Road,Sur Street,New Delhi,Delhi,110017,Pediatrics,Orthopedic Surgery,208000000X,JIPMER,1994,HOSP-0023,Y,2023-02-09,Active,0,1.0,340574.99,0.0,1.0,0.0,0.0,1.0,26096.11,1.0,1.0,1.0,83113.99,29217.6,0.0,0.0,0.0,1.0,1.0,340574.99,0.0,1.0,0.0,0.0,1.0,26096.11,1.0,1.0,1.0,83113.99,29217.6,0.0,0.0,0.0,1.0,12,5215533.12,10,2,0,0.0,11,3441935.16,12,12,12,116993.54833333334,60175.23583333334,0.0,0.0,9,2,19,8649842.21,14,5,1,230316.84,17,6153533.66,19,17,19,109232.36736842105,72107.22578947368,0.0,1.0,12,5,56,36426204.02,44,12,4,2625424.16,46,25283455.81,56,36,47,125486.39696428571,103496.77803571429,0.0,4.0,36,10,36,20194052.82,26,10,6,4004834.16,28,13508555.959999999,36,22,31,112604.65944444443,128166.82583333335,1.0,5.0,19,9,340574.99,26096.11,340574.99,26096.11,434627.76,312903.19636363635,455254.8531578948,361972.56823529414,650467.9289285715,549640.3436956521,560945.9116666666,482448.4271428571,0
PRAC-1050,Yashvi Devan,MCI/MAH/55999,3532616105,2027-12-21,1978-10-29,Male,314020688783,98574494353,yashvi.doc8@clinic.com,51 Datta Path,0,Mumbai,Maharashtra,410655,Oncology,0,207R00000X,All India Institute of Medical Sciences,2007,HOSP-0046,Y,2012-05-22,Inactive,0,1.0,175702.57,1.0,0.0,0.0,0.0,1.0,701765.72,1.0,1.0,1.0,9956.77,43574.84,0.0,0.0,1.0,0.0,1.0,175702.57,1.0,0.0,0.0,0.0,1.0,701765.72,1.0,1.0,1.0,9956.77,43574.84,0.0,0.0,1.0,0.0,7,2865357.88,6,1,1,39414.63,5,2806513.53,7,7,7,36006.87,93212.47714285714,1.0,0.0,5,0,10,4578285.0200000005,8,2,1,39414.63,8,4058401.45,10,10,10,58565.117000000006,98968.186,1.0,0.0,7,1,67,44585288.97,54,13,8,5448814.08,53,30907535.76,67,39,58,144424.93208955225,132285.0543283582,2.0,6.0,44,9,27,13971781.89,23,4,1,191195.23,26,11886056.82,27,23,26,123071.81296296297,96446.15,0.0,1.0,22,4,175702.57,701765.72,175702.57,701765.72,409336.83999999997,561302.706,457828.50200000004,507300.18125,665452.0741791044,583161.0520754717,517473.4033333334,457156.03153846157,0
PRAC-1051,Shamik Mangat,MCI/MAH/98062,2295541368,2028-02-22,1968-04-20,Female,246603939242,99617090799,shamik.doc96@clinic.com,H.No. 553- Sundaram Road,Yadav Circle,Pune,Maharashtra,453235,Dermatology,Neurology,207N00000X,Christian Medical College,1996,HOSP-0026,N,2023-04-24,Active,0,1.0,184471.47,0.0,1.0,0.0,0.0,1.0,864464.84,1.0,1.0,1.0,35480.3,718.17,0.0,0.0,0.0,1.0,3.0,2543960.33,2.0,1.0,0.0,0.0,3.0,2944689.49,3.0,3.0,3.0,261083.53666666665,243509.99,0.0,0.0,2.0,1.0,11,4680830.6,9,2,0,0.0,9,4383043.54,11,10,10,126866.8309090909,100653.07727272726,0.0,0.0,7,2,21,8593545.790000001,19,2,1,66376.81,17,6704036.58,21,16,19,115409.80333333334,80002.02476190476,0.0,1.0,15,2,42,30120530.34,31,11,3,2506351.29,36,22121463.1,42,28,39,188724.7142857143,137856.51428571428,2.0,1.0,30,6,36,24877198.68,28,8,3,605084.68,31,20328187.11,36,25,31,107403.21166666667,121986.33833333332,1.0,2.0,24,7,184471.47,864464.84,847986.7766666667,981563.1633333334,425530.0545454545,487004.8377777778,409216.46619047626,394355.0929411765,717155.4842857143,614485.0861111111,691033.2966666666,655747.9712903226,0
PRAC-1052,Aniruddh Mani,MCI/KAR/33899,4936663836,2027-03-04,1991-05-03,Female,4364209773,99112603609,aniruddh.doc41@clinic.com,H.No. 26- Ramakrishnan Nagar,Kapadia Ganj,Mysore,Karnataka,573617,Cardiology,General Surgery,207R00000X,Kasturba Medical College,2017,HOSP-0003,Y,2019-07-28,Under Review,0,0.0,0.0,0.0,0.0,0.0,0.0,0.0,0.0,0.0,0.0,0.0,0.0,0.0,0.0,0.0,0.0,0.0,2.0,1250984.53,1.0,1.0,0.0,0.0,2.0,1016363.8,2.0,2.0,2.0,15086.225,245509.885,0.0,0.0,1.0,1.0,9,5997661.51,7,2,1,781155.89,8,4608870.649999999,9,8,9,84060.53888888888,184283.0988888889,0.0,1.0,6,2,10,6062702.48,7,3,1,781155.89,9,4658702.949999999,10,9,10,77204.30799999999,166265.439,0.0,1.0,6,3,73,45262618.49,55,18,3,1237713.8199999998,66,35460680.97,73,35,59,123201.66917808219,135707.98452054794,0.0,3.0,48,18,35,23218553.04,30,5,3,1159355.54,30,15635287.95,35,30,32,136335.61285714287,143059.45685714285,0.0,3.0,25,5,0.0,0.0,625492.265,508181.9,666406.8344444444,576108.8312499999,606270.248,517633.66111111105,620035.8697260275,537283.0449999999,663387.2297142857,521176.26499999996,0
PRAC-1053,Miraya Barman,MCI/DEL/59138,4689695956,2025-09-15,1990-12-25,Other,689483515735,98931788959,miraya.doc8@clinic.com,05/765- Johal Nagar,0,New Delhi,Delhi,110053,Neurology,Oncology,2084N0400X,Maulana Azad Medical College,2015,HOSP-0022,N,2023-09-08,Active,0,1.0,260778.16,0.0,1.0,0.0,0.0,1.0,34456.75,1.0,1.0,1.0,44247.41,23221.86,0.0,0.0,0.0,1.0,3.0,1126402.04,1.0,2.0,0.0,0.0,3.0,769035.76,3.0,3.0,3.0,79950.93666666666,62637.340000000004,0.0,0.0,1.0,2.0,8,3609680.1,2,6,2,1255207.5699999998,6,1876896.29,8,8,8,64584.19875,70410.83875,2.0,0.0,2,4,12,5372763.319999999,5,7,4,1909497.57,8,2897672.27,12,12,12,66522.29583333334,75358.10083333333,2.0,2.0,3,5,60,34752448.32,47,13,4,2038149.4900000002,53,25537979.98,60,39,50,125100.91866666666,128781.43933333334,1.0,3.0,42,11,23,11943718.94,18,5,2,1679105.75,17,7377271.53,23,20,23,92295.6104347826,115734.77826086956,0.0,2.0,14,3,260778.16,34456.75,375467.3466666667,256345.25333333333,451210.0125,312816.04833333334,447730.2766666666,362209.03375,579207.472,481848.67886792455,519292.12782608694,433957.1488235294,0
PRAC-1054,Kartik Dara,MCI/KAR/20840,1314451120,2025-09-13,1961-06-10,Female,189027670875,99978112865,kartik.doc80@clinic.com,828- Shroff Zila,0,Bangalore,Karnataka,580066,Neurology,Dermatology,2084N0400X,Maulana Azad Medical College,1988,HOSP-0039,Y,2012-01-11,Inactive,0,1.0,195113.68,0.0,1.0,0.0,0.0,1.0,679187.78,1.0,1.0,1.0,76082.59,66493.65,0.0,0.0,0.0,1.0,2.0,614733.5,0.0,2.0,0.0,0.0,2.0,1041843.8400000001,2.0,2.0,2.0,89958.195,95082.2,0.0,0.0,0.0,2.0,6,4146002.4800000004,1,5,0,0.0,6,4031941.8200000003,6,6,5,126552.15166666667,133854.405,0.0,0.0,1,5,9,5897376.260000001,4,5,1,279792.56,8,5460377.74,9,8,8,105320.43,179660.1822222222,0.0,1.0,3,5,73,43028129.18,56,17,7,6012917.039999999,60,29821630.68,72,39,64,111366.97575342466,120384.92657534247,0.0,7.0,44,16,29,27161142.64,19,10,1,207604.35,27,21955032.58,29,23,25,207518.73344827586,163831.4348275862,0.0,1.0,18,9,195113.68,679187.78,307366.75,520921.92000000004,691000.4133333334,671990.3033333333,655264.028888889,682547.2175,589426.4271232877,497027.178,936591.1255172414,813149.3548148148,0
PRAC-1055,Zara Ghose,MCI/KAR/69936,8058478295,2026-06-24,1992-06-03,Male,273951964072,98179694364,zara.doc88@clinic.com,49/178- Kale Road,0,Mysore,Karnataka,570223,Cardiology,Orthopedic Surgery,207R00000X,Maulana Azad Medical College,2021,HOSP-0014,N,2025-01-23,Active,0,0.0,0.0,0.0,0.0,0.0,0.0,0.0,0.0,0.0,0.0,0.0,0.0,0.0,0.0,0.0,0.0,0.0,0.0,0.0,0.0,0.0,0.0,0.0,0.0,0.0,0.0,0.0,0.0,0.0,0.0,0.0,0.0,0.0,0.0,4,1788649.42,3,1,0,0.0,4,1540140.99,4,4,4,98740.625,119681.3725,0.0,0.0,3,1,9,2059463.3199999998,7,2,0,0.0,9,1767946.3399999999,9,9,9,47187.551111111105,58873.25,0.0,0.0,7,2,63,38654922.02,52,11,2,463718.75,57,29091450.29,63,35,54,150031.5187301587,121641.04253968253,0.0,2.0,47,10,32,23350361.95,26,6,1,49507.44,25,14880092.23,32,24,30,147486.009375,117865.873125,0.0,1.0,19,6,0.0,0.0,0.0,0.0,447162.355,385035.2475,228829.25777777776,196438.4822222222,613570.1907936508,510376.32087719295,729698.8109375,595203.6892,0
PRAC-1056,Ivan Loke,MCI/WES/89905,5925171628,2026-10-30,1969-07-04,Male,525685575858,97669864894,ivan.doc10@clinic.com,H.No. 40- Sarin,0,Kolkata,West Bengal,703344,General Surgery,General Practice,208600000X,Armed Forces Medical College,1996,HOSP-0012,Y,2011-06-02,Inactive,0,0.0,0.0,0.0,0.0,0.0,0.0,0.0,0.0,0.0,0.0,0.0,0.0,0.0,0.0,0.0,0.0,0.0,3.0,737900.99,2.0,1.0,0.0,0.0,3.0,649680.31,3.0,3.0,3.0,24731.01,60893.55666666667,0.0,0.0,2.0,1.0,9,3322399.13,7,2,0,0.0,8,2538353.92,9,8,9,42896.41777777778,113812.64888888889,0.0,0.0,6,2,15,13828611.57,10,5,0,0.0,13,10836769.129999999,15,13,15,122767.73066666667,244615.87000000002,0.0,0.0,8,5,60,33613669.84,43,17,7,2064647.9500000002,48,25783109.25,60,38,52,105425.52116666666,112232.63316666667,1.0,6.0,35,13,34,21073429.53,26,8,1,370440.57,30,15502299.5,34,22,32,111201.22735294118,109668.03088235293,0.0,1.0,23,7,0.0,0.0,245966.99666666667,216560.10333333336,369155.4588888889,317294.24,921907.438,833597.6253846153,560227.8306666667,537148.109375,619806.7508823529,516743.31666666665,0
PRAC-1057,Mamooty Kamdar,MCI/MAH/28278,7544066750,2026-07-18,1969-09-16,Male,53730705637,99382290253,mamooty.doc85@clinic.com,083 Ramanathan Zila,Balasubramanian Road,Mumbai,Maharashtra,457085,Cardiology,Neurology,207R00000X,Christian Medical College,1997,HOSP-0036,Y,2012-03-30,Active,0,1.0,110872.76,0.0,1.0,0.0,0.0,1.0,474856.14,1.0,1.0,1.0,16468.83,19159.85,0.0,0.0,0.0,1.0,3.0,729521.73,1.0,2.0,0.0,0.0,3.0,1076563.04,3.0,3.0,3.0,64661.83666666667,44367.19333333333,0.0,0.0,1.0,2.0,11,7653339.63,5,6,0,0.0,10,6014305.4799999995,11,10,11,212484.73272727273,116732.81272727273,0.0,0.0,5,5,13,8266689.79,7,6,0,0.0,11,6192581.83,13,10,13,191240.33846153846,104467.58230769231,0.0,0.0,6,5,66,45279897.97,45,21,8,4350561.2299999995,54,30984067.66,66,41,59,140822.46666666667,124638.51621212122,5.0,3.0,40,14,33,22027609.14,26,7,4,316062.3,28,17619069.4,33,23,29,107409.94181818182,151139.22636363635,1.0,3.0,22,6,110872.76,474856.14,243173.91,358854.3466666667,695758.1481818182,601430.548,635899.2146153846,562961.9845454545,686059.0601515152,573779.0307407407,667503.3072727273,629252.4785714286,0
PRAC-1058,Alia Saini,MCI/WES/14415,9741098173,2027-02-10,1977-06-08,Male,101987825781,99579195429,alia.doc17@clinic.com,40/751- Jain Street,0,Howrah,West Bengal,781503,Oncology,Pediatrics,207R00000X,JIPMER,2001,HOSP-0018,Y,2004-08-10,Active,0,2.0,649689.26,2.0,0.0,0.0,0.0,2.0,607385.45,2.0,2.0,2.0,102406.715,28341.72,0.0,0.0,2.0,0.0,4.0,2236270.43,4.0,0.0,0.0,0.0,4.0,1982800.46,4.0,4.0,4.0,120627.8575,59603.354999999996,0.0,0.0,4.0,0.0,9,5883054.6899999995,9,0,0,0.0,9,5241403.05,9,8,8,126846.1788888889,67080.19444444444,0.0,0.0,9,0,11,8105156.6899999995,11,0,0,0.0,11,7163635.890000001,11,9,10,133773.0090909091,79030.12090909091,0.0,0.0,11,0,64,46908707.92,51,13,6,7084534.62,53,33505818.88,64,34,55,135430.69453125,166674.30578125,1.0,5.0,43,10,36,28671338.33,28,8,3,1533551.45,29,22762222.99,36,26,33,133255.60305555555,148497.5588888889,1.0,2.0,24,5,324844.63,303692.725,559067.6075,495700.115,653672.7433333333,582378.1166666667,736832.4263636363,651239.6263636365,732948.56125,632185.2618867925,796426.0647222222,784904.2410344827,0
PRAC-1059,Hrishita Sunder,MCI/TAM/58805,6061429865,2030-06-16,1984-10-01,Other,875781666256,97020630579,hrishita.doc97@clinic.com,H.No. 13- Master Zila,Samra,Chennai,Tamil Nadu,610242,Pediatrics,Oncology,208000000X,Christian Medical College,2009,HOSP-0034,N,2013-11-19,Active,0,2.0,163439.28999999998,2.0,0.0,0.0,0.0,1.0,74253.73,2.0,2.0,2.0,7526.4349999999995,13587.78,0.0,0.0,1.0,0.0,4.0,2253626.95,3.0,1.0,0.0,0.0,2.0,690773.6,4.0,4.0,4.0,41357.9525,146217.825,0.0,0.0,1.0,1.0,9,5245209.32,6,3,2,1329176.21,5,1921099.81,9,8,9,76366.44777777778,134245.55555555556,0.0,2.0,2,3,9,5245209.32,6,3,2,1329176.21,5,1921099.81,9,8,9,76366.44777777778,134245.55555555556,0.0,2.0,2,3,56,42965439.04,45,11,5,2275625.04,47,29835312.73,56,36,49,149692.63482142857,160729.26785714287,1.0,4.0,38,9,30,17553714.7,19,11,3,1740809.46,25,13126847.219999999,30,23,30,141642.44100000002,120718.639,1.0,2.0,15,10,81719.64499999999,74253.73,563406.7375,345386.8,582801.0355555556,384219.962,582801.0355555556,384219.962,767239.9828571428,634793.8878723404,585123.8233333334,525073.8888,0
PRAC-1060,Shlok Kibe,MCI/KAR/61490,9909790093,2029-11-02,1988-02-15,Male,858938868471,97630739664,shlok.doc32@clinic.com,24/894 Suresh Street,0,Bangalore,Karnataka,574468,Neurology,General Practice,2084N0400X,All India Institute of Medical Sciences,2013,HOSP-0013,N,2017-11-18,Active,0,4.0,675824.05,3.0,1.0,0.0,0.0,4.0,1905446.48,4.0,2.0,2.0,31819.755,38800.63,0.0,0.0,3.0,1.0,6.0,3277107.72,5.0,1.0,0.0,0.0,6.0,4064949.0300000003,6.0,4.0,4.0,115576.29833333334,124530.34333333334,0.0,0.0,5.0,1.0,10,5330191.67,6,4,0,0.0,9,5702465.61,10,8,8,112839.751,102961.937,0.0,0.0,6,3,15,11513812.67,11,4,0,0.0,14,10933319.36,15,9,12,149431.00666666668,161523.46333333335,0.0,0.0,11,3,61,31358804.42,49,12,1,1244846.28,55,22543696.19,60,35,50,123223.13393442622,100607.36704918034,0.0,1.0,44,11,34,21751831.86,22,12,3,1263902.72,28,16613812.43,34,24,33,144423.98470588238,110505.39147058823,1.0,2.0,18,10,168956.0125,476361.62,546184.62,677491.505,533019.167,633607.29,767587.5113333333,780951.3828571428,514078.76098360657,409885.3852727273,639759.7605882352,593350.4439285714,0
PRAC-1061,Rati Som,MCI/DEL/53606,7592058041,2030-05-08,1985-02-08,Male,925420148045,99263351022,rati.doc74@clinic.com,00 Boase Path,0,New Delhi,Delhi,110053,Neurology,General Surgery,2084N0400X,Christian Medical College,2013,HOSP-0029,Y,2017-03-10,Active,0,3.0,1170947.57,3.0,0.0,0.0,0.0,3.0,1074441.9,3.0,3.0,3.0,76305.65333333334,55121.85,0.0,0.0,3.0,0.0,4.0,1773964.01,4.0,0.0,0.0,0.0,4.0,1570798.35,4.0,4.0,4.0,91781.9475,73398.315,0.0,0.0,4.0,0.0,8,4203482.66,7,1,0,0.0,6,2268384.21,8,8,8,106724.67874999999,51865.50375,0.0,0.0,5,1,11,5096917.14,9,2,1,455959.68,8,2651337.71,11,10,11,92568.17909090909,54361.615454545456,0.0,1.0,6,2,60,31252648.0,45,15,3,2398433.0300000003,55,24348256.68,60,37,53,117421.2945,86143.99883333333,1.0,2.0,41,14,30,17214744.2,24,6,3,826663.91,24,7499440.6899999995,30,23,26,84824.91533333334,120513.87766666667,0.0,3.0,19,5,390315.8566666667,358147.3,443491.0025,392699.5875,525435.3325,378064.035,463356.1036363636,331417.21375,520877.4666666667,442695.576,573824.8066666666,312476.6954166666,0
PRAC-1062,Jhanvi Basu,MCI/WES/41769,2365665708,2029-11-21,1989-12-29,Female,172759598415,97902234109,jhanvi.doc46@clinic.com,27/261 Rau Ganj,Iyer Circle,Howrah,West Bengal,798494,Dermatology,Oncology,207N00000X,Armed Forces Medical College,2014,HOSP-0019,Y,2016-08-01,Active,0,2.0,624951.1900000001,1.0,1.0,0.0,0.0,2.0,377701.58,2.0,2.0,2.0,47167.369999999995,61241.675,0.0,0.0,1.0,1.0,5.0,3116033.8400000003,2.0,3.0,0.0,0.0,4.0,1602118.8499999999,5.0,4.0,5.0,91993.85,88303.886,0.0,0.0,2.0,2.0,9,6398841.96,5,4,0,0.0,7,4005512.96,9,8,9,147676.3311111111,145133.0688888889,0.0,0.0,4,3,12,12438305.280000001,6,6,0,0.0,9,8878500.53,12,11,12,232549.2975,195150.2825,0.0,0.0,5,4,53,31265076.76,46,7,2,920710.33,49,25692219.55,52,33,46,122821.94943396228,126658.04377358491,0.0,2.0,43,6,18,8021911.83,15,3,0,0.0,15,5422001.01,18,14,18,60184.53722222222,81401.36888888889,0.0,0.0,13,2,312475.59500000003,188850.79,623206.768,400529.71249999997,710982.44,572216.1371428572,1036525.4400000001,986500.0588888888,589907.1086792453,524331.0112244898,445661.7683333333,361466.734,0
PRAC-1063,Kiaan Arora,MCI/TAM/81652,556856283,2028-08-21,1979-08-25,Male,601627168455,97976461445,kiaan.doc67@clinic.com,90- Bassi Path,0,Coimbatore,Tamil Nadu,671787,Oncology,0,207R00000X,Kasturba Medical College,2004,HOSP-0018,Y,2009-04-20,Sanctioned,Laborum alias praesentium praesentium facere dolor et excepturi porro vitae exercitationem.,0.0,0.0,0.0,0.0,0.0,0.0,0.0,0.0,0.0,0.0,0.0,0.0,0.0,0.0,0.0,0.0,0.0,3.0,2857048.49,2.0,1.0,1.0,1147123.61,2.0,1331667.26,3.0,3.0,3.0,171252.59,162561.41666666666,0.0,1.0,1.0,1.0,8,5632282.78,6,2,1,1147123.61,7,3780772.64,8,8,7,109851.70875,139284.04625,0.0,1.0,5,2,10,6403983.28,7,3,1,1147123.61,9,4381055.39,10,10,9,102192.26000000001,120448.11800000002,0.0,1.0,6,3,51,29427790.18,44,7,1,64437.47,48,23700123.04,51,27,43,118626.59392156862,99081.80235294117,0.0,1.0,41,7,17,8523578.88,9,8,6,2674383.2,10,4886171.430000001,17,15,16,104901.24176470589,95409.25411764707,2.0,4.0,4,6,0.0,0.0,952349.4966666667,665833.63,704035.3475,540110.3771428572,640398.328,486783.9322222222,577015.4937254902,493752.5633333333,501386.9929411765,488617.14300000004,0
PRAC-1064,Nishith Swaminathan,MCI/KAR/49662,6790985375,2027-09-01,1974-05-31,Other,674062867434,97142981046,nishith.doc11@clinic.com,58/822 Chand Road,0,Mysore,Karnataka,579673,General Surgery,General Practice,208600000X,Armed Forces Medical College,1999,HOSP-0005,N,2025-04-27,Active,0,2.0,732725.47,2.0,0.0,0.0,0.0,2.0,2858401.75,2.0,2.0,2.0,99993.675,98264.77500000001,0.0,0.0,2.0,0.0,4.0,2072750.6099999999,2.0,2.0,1.0,624864.34,3.0,3393965.89,4.0,4.0,4.0,170174.205,94822.47750000001,1.0,0.0,2.0,1.0,7,3208033.45,4,3,1,624864.34,6,4433507.71,7,6,7,126914.95857142856,105420.51428571428,1.0,0.0,4,2,10,4778959.91,6,4,1,624864.34,9,5775291.300000001,10,8,10,115997.70300000001,117228.271,1.0,0.0,6,3,56,28747116.009999998,39,17,1,677966.95,45,20042031.28,56,33,48,119720.15732142857,101237.48839285714,0.0,1.0,32,13,28,15355522.52,23,5,0,0.0,27,11976089.73,27,22,25,136332.32535714286,138489.17750000002,0.0,0.0,22,5,366362.735,1429200.875,518187.65249999997,1131321.9633333334,458290.4928571429,738917.9516666667,477895.99100000004,641699.0333333334,513341.35732142854,445378.4728888889,548411.5185714286,443558.8788888889,0
PRAC-1065,Sana Bal,MCI/TAM/56351,3210072970,2028-06-09,1997-02-07,Female,276165386746,97167617793,sana.doc34@clinic.com,H.No. 96- Chaudry Circle,0,Coimbatore,Tamil Nadu,685738,Oncology,Dermatology,207R00000X,Armed Forces Medical College,2023,HOSP-0013,Y,2025-04-06,Active,0,1.0,315209.22,0.0,1.0,0.0,0.0,1.0,91182.47,1.0,1.0,1.0,64217.98,52436.31,0.0,0.0,0.0,1.0,3.0,2457407.99,2.0,1.0,0.0,0.0,2.0,965754.13,3.0,3.0,3.0,139919.09333333335,247832.49333333332,0.0,0.0,1.0,1.0,7,3235805.98,5,2,0,0.0,5,1565151.4000000001,7,7,7,87627.04714285715,141169.08714285714,0.0,0.0,4,1,18,17333725.22,14,4,1,376982.08,15,13196340.03,18,16,18,248880.91611111106,200604.46777777778,0.0,1.0,12,3,56,33675289.39,47,9,4,3327197.8,48,23829036.82,56,39,45,126812.59624999999,121543.3425,0.0,4.0,40,8,24,13266105.459999999,15,9,3,2632293.39,17,7474529.14,24,17,23,85978.01041666667,89028.72791666667,0.0,3.0,9,8,315209.22,91182.47,819135.9966666667,482877.065,462257.9971428571,313030.28,962984.7344444444,879756.002,601344.4533928571,496438.26708333334,552754.3941666667,439678.18470588233,0
PRAC-1066,Divyansh Bedi,MCI/DEL/44807,4270842618,2029-10-07,1990-04-24,Other,35612515314,97455525883,divyansh.doc86@clinic.com,88/323 Khosla Path,0,New Delhi,Delhi,110080,General Practice,Pediatrics,208D00000X,All India Institute of Medical Sciences,2015,HOSP-0018,Y,2022-03-06,Active,0,3.0,954206.8200000001,2.0,1.0,0.0,0.0,3.0,932131.84,3.0,3.0,3.0,53797.16333333333,61674.58666666667,0.0,0.0,2.0,1.0,5.0,2876528.85,4.0,1.0,1.0,1059122.34,4.0,1609218.3,5.0,5.0,5.0,133732.56,104872.18600000002,0.0,1.0,3.0,1.0,12,6882339.1,9,3,1,1059122.34,10,3928132.92,12,10,12,114107.59749999999,124892.65333333332,0.0,1.0,8,2,15,13484988.02,11,4,1,1059122.34,13,9444628.049999999,15,12,15,198235.622,182178.738,0.0,1.0,10,3,70,52504509.59,51,19,4,2000754.33,60,35329854.37,69,41,57,179614.26414285714,157495.88328571428,1.0,3.0,44,16,27,15338642.98,21,6,3,1336795.9500000002,21,10412789.62,27,21,27,112038.02444444445,127920.0362962963,1.0,2.0,17,4,318068.94,310710.61333333334,575305.77,402304.575,573528.2583333333,392813.292,898999.2013333333,726509.8499999999,750064.4227142858,588830.9061666667,568097.8881481482,495847.1247619047,0
PRAC-1067,Shayak Raja,MCI/DEL/57672,5936262066,2030-04-05,1962-06-27,Other,656946415781,99989751240,shayak.doc68@clinic.com,117- Tella Ganj,0,New Delhi,Delhi,110045,Dermatology,General Surgery,207N00000X,Armed Forces Medical College,1989,HOSP-0041,N,2006-08-08,Active,0,2.0,239086.86,0.0,2.0,0.0,0.0,2.0,479674.23,2.0,1.0,1.0,29773.905000000002,27801.805,0.0,0.0,0.0,2.0,5.0,4981622.100000001,2.0,3.0,0.0,0.0,4.0,689842.39,5.0,3.0,4.0,279621.286,110919.69399999999,0.0,0.0,2.0,2.0,11,7950083.750000001,5,6,0,0.0,9,2657796.19,11,9,10,155762.2481818182,113581.01636363636,0.0,0.0,5,4,14,10168983.23,7,7,1,1149425.99,11,3586993.6,14,12,13,164541.915,112184.57642857144,0.0,1.0,6,5,50,43250284.120000005,34,16,3,856063.65,42,33028062.36,50,31,45,183292.9538,158929.6052,0.0,3.0,27,15,32,25535401.740000002,21,11,2,2259922.23,29,19257810.02,31,22,28,155832.73,152038.138125,1.0,1.0,19,10,119543.43,239837.115,996324.4200000002,172460.5975,722734.8863636365,295310.6877777778,726355.9450000001,326090.32727272727,865005.6824,786382.4371428571,797981.3043750001,664062.4144827586,0
PRAC-1068,Priyansh Lal,MCI/MAH/62453,3850405144,2029-12-07,1989-01-04,Male,687306313292,98167754274,priyansh.doc41@clinic.com,06/238 Banerjee Circle,0,Pune,Maharashtra,413967,Neurology,General Surgery,2084N0400X,Kasturba Medical College,2017,HOSP-0005,Y,2025-03-31,Active,0,0.0,0.0,0.0,0.0,0.0,0.0,0.0,0.0,0.0,0.0,0.0,0.0,0.0,0.0,0.0,0.0,0.0,2.0,324012.74,1.0,1.0,0.0,0.0,2.0,248271.84,2.0,2.0,2.0,61846.27,27180.245,0.0,0.0,1.0,1.0,6,4045415.41,4,2,1,709061.73,4,2935010.88,6,6,6,123403.19166666667,83458.535,0.0,1.0,2,2,12,7814562.69,8,4,1,709061.73,10,5933929.16,12,12,11,121568.20583333333,85881.545,0.0,1.0,6,4,62,40179762.89,39,23,3,2900268.75,52,26193830.19,62,34,56,104822.76112903227,146291.27,0.0,3.0,30,22,18,14553999.44,12,6,1,228533.43,17,13274564.97,18,17,17,177930.6888888889,170233.185,0.0,1.0,11,6,0.0,0.0,162006.37,124135.92,674235.9016666667,733752.72,651213.5575,593392.916,648060.6917741935,503727.50365384616,808555.5244444445,780856.7629411765,0
PRAC-1069,Anay Yohannan,MCI/DEL/13101,7249720061,2027-02-19,1968-05-19,Other,208964777183,99615364748,anay.doc66@clinic.com,H.No. 427- Lad Marg,0,New Delhi,Delhi,110055,General Practice,Dermatology,208D00000X,Kasturba Medical College,1996,HOSP-0019,N,2003-12-27,Active,0,1.0,257528.88,0.0,1.0,0.0,0.0,1.0,0.0,1.0,1.0,1.0,81024.25,10045.7,0.0,0.0,0.0,1.0,1.0,257528.88,0.0,1.0,0.0,0.0,1.0,0.0,1.0,1.0,1.0,81024.25,10045.7,0.0,0.0,0.0,1.0,7,5035307.29,4,3,0,0.0,7,4288595.16,7,6,7,104238.04142857144,156137.67857142858,0.0,0.0,4,3,10,6677534.36,7,3,0,0.0,10,5724352.81,10,9,10,99314.629,141206.63700000002,0.0,0.0,7,3,43,32433636.32,35,8,3,1204851.92,38,25118917.46,43,28,40,157244.0434883721,134967.11860465116,0.0,3.0,30,8,32,22881933.080000002,25,7,3,1581357.0899999999,25,14765464.19,32,22,28,105992.81,158231.2171875,2.0,1.0,20,5,257528.88,0.0,257528.88,0.0,719329.6128571428,612656.4514285715,667753.436,572435.281,754270.6120930233,661024.1436842106,715060.4087500001,590618.5676,0
PRAC-1070,Yuvraj  Singh,MCI/TAM/48731,4863498221,2028-04-01,1972-09-06,Male,556633985268,97082946397,yuvraj.doc10@clinic.com,78- Srinivas Chowk,0,Madurai,Tamil Nadu,663295,Cardiology,Pediatrics,207R00000X,All India Institute of Medical Sciences,2001,HOSP-0035,N,2014-12-26,Under Review,0,1.0,123001.25,0.0,1.0,1.0,123001.25,0.0,0.0,1.0,1.0,1.0,15446.08,32048.73,1.0,0.0,0.0,0.0,5.0,2386079.8600000003,2.0,3.0,1.0,123001.25,4.0,2047681.6600000001,5.0,5.0,5.0,103615.01200000002,72170.264,1.0,0.0,2.0,2.0,7,3757688.68,2,5,1,123001.25,6,3123221.74,7,7,7,96291.74571428572,117730.33428571429,1.0,0.0,2,4,11,5894318.44,4,7,1,123001.25,9,4325477.34,11,11,10,101883.4109090909,97664.91454545455,1.0,0.0,3,6,64,62323287.72,51,13,8,5586242.199999999,48,40297550.75,64,36,53,210535.06265625,199866.5653125,4.0,4.0,39,9,29,22736959.009999998,19,10,1,811205.25,25,17571252.05,29,24,25,131798.5731034483,114198.1748275862,1.0,0.0,16,9,123001.25,0.0,477215.97200000007,511920.41500000004,536812.6685714286,520536.9566666667,535847.130909091,480608.5933333333,973801.370625,839532.3072916666,784033.0693103448,702850.082,0
PRAC-1071,Dharmajan Dhawan,MCI/MAH/21950,2007123820,2027-10-01,1989-11-19,Other,370645045190,98377069232,dharmajan.doc14@clinic.com,H.No. 937 Jha Marg,0,Pune,Maharashtra,464796,Neurology,General Practice,2084N0400X,Kasturba Medical College,2014,HOSP-0025,N,2023-10-04,Active,0,1.0,339283.2,1.0,0.0,0.0,0.0,1.0,191498.03,1.0,1.0,1.0,5557.09,160117.38,0.0,0.0,1.0,0.0,2.0,735741.47,2.0,0.0,0.0,0.0,2.0,471255.07999999996,2.0,2.0,2.0,53353.369999999995,123323.595,0.0,0.0,2.0,0.0,10,7099535.33,8,2,1,121425.08,9,6298020.46,10,9,10,179770.35,118508.33700000001,0.0,1.0,7,2,15,8728406.72,13,2,1,121425.08,14,7607718.84,15,14,15,142962.49599999998,106711.586,0.0,1.0,12,2,59,45146468.45,46,13,6,5469047.57,49,30356433.990000002,59,28,51,164497.46711864407,126871.52118644067,0.0,6.0,38,11,26,19936542.0,18,8,0,0.0,23,13070048.52,26,21,25,166758.80230769233,146627.98346153845,0.0,0.0,16,7,339283.2,191498.03,367870.735,235627.53999999998,709953.533,699780.0511111111,581893.7813333333,543408.4885714286,765194.3805084747,619519.0610204082,766790.0769230769,568262.9791304348,0
PRAC-1072,Samiha Andra,MCI/DEL/90881,9272414240,2027-11-08,1989-03-17,Male,375305682821,98767690542,samiha.doc14@clinic.com,H.No. 898 Tandon Circle,Aggarwal Path,New Delhi,Delhi,110011,General Surgery,0,208600000X,Kasturba Medical College,2014,HOSP-0049,Y,2025-03-31,Active,0,2.0,678405.73,1.0,1.0,0.0,0.0,2.0,1487163.1600000001,2.0,1.0,1.0,68518.48,17547.004999999997,0.0,0.0,1.0,1.0,3.0,1495218.04,2.0,1.0,0.0,0.0,3.0,2076016.78,3.0,2.0,2.0,119025.48666666668,54215.64666666667,0.0,0.0,2.0,1.0,8,4811054.359999999,6,2,2,2687625.98,6,2591532.1,8,7,7,121291.90625,120437.82625,0.0,2.0,4,2,9,4827995.53,7,2,2,2687625.98,7,2605753.4400000004,9,8,8,108343.25777777779,107462.01333333334,0.0,2.0,5,2,70,37527243.65,54,16,1,446836.27,60,26136340.330000002,70,39,60,97792.37542857144,109241.38728571429,0.0,1.0,46,14,32,20330988.01,20,12,4,5758776.0,24,10595805.8,32,28,31,154339.01625,89890.499375,2.0,2.0,15,9,339202.865,743581.5800000001,498406.01333333337,692005.5933333334,601381.7949999999,431922.01666666666,536443.9477777778,372250.49142857146,536103.4807142857,435605.6721666667,635343.3753125,441491.9083333334,0
PRAC-1073,Shanaya Bakshi,MCI/TAM/51764,9309099913,2026-07-28,1970-05-17,Other,871308113557,99736970476,shanaya.doc81@clinic.com,00- Wason Path,0,Madurai,Tamil Nadu,684626,Pediatrics,Oncology,208000000X,JIPMER,1996,HOSP-0015,N,2022-12-21,Active,0,0.0,0.0,0.0,0.0,0.0,0.0,0.0,0.0,0.0,0.0,0.0,0.0,0.0,0.0,0.0,0.0,0.0,3.0,845050.38,2.0,1.0,0.0,0.0,3.0,658500.94,3.0,3.0,3.0,38246.50666666666,79519.49333333333,0.0,0.0,2.0,1.0,12,6204896.69,9,3,1,366407.48,10,4901673.72,12,11,12,115991.17333333334,80145.55,0.0,1.0,7,3,13,7172322.6,9,4,1,366407.48,11,5680457.35,13,11,13,126473.3423076923,90927.19538461539,0.0,1.0,7,4,65,38474104.93,50,15,6,3898631.5300000003,53,27143935.02,65,33,51,130929.59892307692,103646.20584615384,2.0,4.0,42,11,33,24902261.81,27,6,3,3451206.6,29,17321247.79,33,25,31,147001.1415151515,150220.18545454546,1.0,2.0,24,5,0.0,0.0,281683.46,219500.31333333332,517074.7241666667,490167.372,551717.1230769231,516405.2136363636,591909.3066153846,512149.71735849057,754613.9942424241,597284.4065517241,0
PRAC-1074,Tiya Goel,MCI/MAH/54719,2203981819,2027-04-15,1973-11-05,Male,951998889425,99283735572,tiya.doc84@clinic.com,12/66 Ray Marg,Bhandari Circle,Nagpur,Maharashtra,479970,Orthopedic Surgery,Pediatrics,207X00000X,Maulana Azad Medical College,2002,HOSP-0044,Y,2013-09-10,Active,0,0.0,0.0,0.0,0.0,0.0,0.0,0.0,0.0,0.0,0.0,0.0,0.0,0.0,0.0,0.0,0.0,0.0,0.0,0.0,0.0,0.0,0.0,0.0,0.0,0.0,0.0,0.0,0.0,0.0,0.0,0.0,0.0,0.0,0.0,12,7901255.65,7,5,0,0.0,12,6438227.94,12,11,12,138340.30583333332,110143.53666666667,0.0,0.0,7,5,17,11344615.12,12,5,0,0.0,16,8359889.88,17,16,17,149426.99176470586,139420.59529411767,0.0,0.0,11,5,56,42186789.28,48,8,4,2670362.25,49,31426578.28,56,35,50,160463.54642857143,156154.71607142856,1.0,3.0,43,6,32,22759415.07,25,7,0,0.0,28,13780341.37,32,23,29,120260.5484375,150894.055625,0.0,0.0,21,7,0.0,0.0,0.0,0.0,658437.9708333333,536518.995,667330.3011764706,522493.1175,753335.5228571428,641358.7404081633,711231.7209375,492155.0489285714,0
PRAC-1075,Raghav Gill,MCI/KAR/28662,4849146697,2027-02-08,1990-10-22,Female,291044357210,97037319701,raghav.doc63@clinic.com,69/149- Khurana Circle,Rege Nagar,Mysore,Karnataka,572254,Pediatrics,General Surgery,208000000X,Armed Forces Medical College,2020,HOSP-0023,Y,2022-03-08,Sanctioned,Officiis esse tempore provident tempore natus ducimus delectus alias.,0.0,0.0,0.0,0.0,0.0,0.0,0.0,0.0,0.0,0.0,0.0,0.0,0.0,0.0,0.0,0.0,0.0,1.0,636865.95,1.0,0.0,0.0,0.0,1.0,582630.37,1.0,1.0,1.0,102745.6,227547.08,0.0,0.0,1.0,0.0,9,5695619.62,8,1,0,0.0,8,4477859.58,9,6,9,74584.71666666667,148317.72555555555,0.0,0.0,7,1,13,6569341.4,12,1,0,0.0,12,5203924.7299999995,13,10,13,58540.55,113318.04384615386,0.0,0.0,11,1,45,27332461.24,38,7,5,3331654.08,39,19668784.419999998,45,29,42,116528.862,137615.88088888887,0.0,5.0,32,7,30,27095709.71,20,10,4,9932515.8,25,14099607.95,30,21,29,182465.57033333334,117666.49766666668,1.0,3.0,17,8,0.0,0.0,636865.95,582630.37,632846.6244444444,559732.4475,505333.95384615386,433660.3941666666,607388.0275555556,504327.8056410256,903190.3236666668,563984.318,0
PRAC-1076,Mahika Sethi,MCI/WES/36708,837242913,2030-02-02,1979-05-21,Other,865583084923,99501530937,mahika.doc34@clinic.com,51/89- Bora Street,0,Howrah,West Bengal,748680,General Surgery,Oncology,208600000X,Armed Forces Medical College,2004,HOSP-0050,Y,2023-07-28,Active,0,1.0,395715.03,0.0,1.0,0.0,0.0,1.0,0.0,1.0,1.0,1.0,102362.73,67099.94,0.0,0.0,0.0,1.0,3.0,1301439.68,2.0,1.0,0.0,0.0,3.0,809374.97,3.0,3.0,3.0,95972.72666666667,68978.19,0.0,0.0,2.0,1.0,10,5203039.0600000005,8,2,0,0.0,10,4167116.5700000003,10,9,10,115208.854,122888.146,0.0,0.0,8,2,13,10907556.9,10,3,0,0.0,11,7732788.08,13,12,13,189453.98769230768,204756.61000000002,0.0,0.0,8,3,58,33575816.62,44,14,2,347459.99,46,24428244.42,58,32,51,117659.42672413793,102951.70844827587,0.0,2.0,36,10,34,23435274.85,21,13,2,740917.23,30,17639169.03,34,24,32,188956.6988235294,121720.28029411763,1.0,1.0,20,10,395715.03,0.0,433813.2266666666,269791.6566666667,520303.9060000001,416711.657,839042.8384615385,702980.7345454545,578893.3899999999,531048.7917391305,689272.7897058824,587972.3010000001,0
PRAC-1077,Dhanush Bhat,MCI/DEL/13121,6677736632,2027-03-29,1988-03-02,Female,742121871200,99762018350,dhanush.doc98@clinic.com,08/203 Chakrabarti Street,0,New Delhi,Delhi,110026,Oncology,Cardiology,207R00000X,JIPMER,2015,HOSP-0013,N,2018-11-06,Active,0,0.0,0.0,0.0,0.0,0.0,0.0,0.0,0.0,0.0,0.0,0.0,0.0,0.0,0.0,0.0,0.0,0.0,1.0,1679837.58,0.0,1.0,0.0,0.0,1.0,1629281.65,1.0,1.0,1.0,224290.59,419921.5,0.0,0.0,0.0,1.0,5,5046460.78,2,3,0,0.0,5,4613586.43,5,5,5,184086.874,197967.968,0.0,0.0,2,3,13,10606920.14,8,5,3,1940153.78,9,6520947.68,13,12,13,144994.3476923077,157644.67538461537,0.0,3.0,4,5,54,34434120.769999996,42,12,3,1184202.17,48,28413167.69,54,33,50,100694.76148148149,141465.85037037038,1.0,2.0,38,10,42,32078803.09,30,12,4,1397434.8199999998,33,20148720.45,42,25,40,175394.58357142858,192948.9,1.0,3.0,26,7,0.0,0.0,1679837.58,1629281.65,1009292.1560000001,922717.286,815916.9338461539,724549.7422222222,637668.9031481481,591940.9935416667,763781.025952381,610567.2863636364,0
PRAC-1078,Dhanuk Yogi,MCI/KAR/48708,3973566754,2027-01-17,1994-09-06,Female,418059971203,97480177015,dhanuk.doc83@clinic.com,605- Deep Street,Vig,Mysore,Karnataka,587902,General Surgery,Pediatrics,208600000X,All India Institute of Medical Sciences,2018,HOSP-0050,N,2023-11-01,Active,0,0.0,0.0,0.0,0.0,0.0,0.0,0.0,0.0,0.0,0.0,0.0,0.0,0.0,0.0,0.0,0.0,0.0,0.0,0.0,0.0,0.0,0.0,0.0,0.0,0.0,0.0,0.0,0.0,0.0,0.0,0.0,0.0,0.0,0.0,4,1854961.3900000001,2,2,1,409871.59,3,1306564.33,4,4,4,127127.92749999999,114894.155,0.0,1.0,1,2,9,4650313.81,7,2,1,409871.59,8,3906268.6,9,7,9,88497.28888888888,78438.15555555555,0.0,1.0,6,2,57,30103395.2,42,15,7,4920823.390000001,47,19457363.03,57,35,46,96278.81263157896,107775.27894736842,2.0,5.0,34,13,27,13642528.620000001,23,4,0,0.0,25,11046993.59,27,19,25,129041.99185185187,131921.2722222222,0.0,0.0,23,2,0.0,0.0,0.0,0.0,463740.34750000003,435521.44333333336,516701.5344444444,488283.575,528129.7403508772,413986.4474468085,505278.8377777778,441879.7436,0
PRAC-1079,Prerak Singhal,MCI/DEL/40289,4375068853,2025-09-25,1981-03-04,Other,970114880025,99421857248,prerak.doc65@clinic.com,11 Arya Nagar,0,New Delhi,Delhi,110017,Cardiology,Pediatrics,207R00000X,Maulana Azad Medical College,2006,HOSP-0023,N,2013-12-27,Active,0,1.0,627121.0,1.0,0.0,0.0,0.0,1.0,598944.32,1.0,1.0,1.0,112718.2,33592.46,0.0,0.0,1.0,0.0,1.0,627121.0,1.0,0.0,0.0,0.0,1.0,598944.32,1.0,1.0,1.0,112718.2,33592.46,0.0,0.0,1.0,0.0,6,2615437.08,6,0,1,548969.97,5,1747539.46,6,6,6,75833.12166666666,80098.26833333333,0.0,1.0,5,0,10,10614468.91,10,0,2,7472855.16,8,2688444.59,10,10,10,398536.888,190443.568,0.0,2.0,8,0,48,31458863.51,42,6,2,434678.16,43,23835026.43,48,31,43,161991.97979166664,148853.65041666667,0.0,2.0,37,6,30,18781567.61,15,15,2,1373333.51,25,12745088.33,30,22,27,112947.546,132181.72833333333,0.0,2.0,12,13,627121.0,598944.32,627121.0,598944.32,435906.18,349507.892,1061446.891,336055.57375,655392.9897916667,554302.9402325582,626052.2536666667,509803.5332,0
PRAC-1080,Vanya Saini,MCI/TAM/73689,572016137,2026-12-04,1987-05-17,Female,849843332294,98214124067,vanya.doc66@clinic.com,H.No. 881 Sahni Path,0,Chennai,Tamil Nadu,657754,General Surgery,Oncology,208600000X,Armed Forces Medical College,2015,HOSP-0018,Y,2024-09-27,Active,0,1.0,109201.03,0.0,1.0,0.0,0.0,1.0,803676.59,1.0,1.0,1.0,28536.52,6880.08,0.0,0.0,0.0,1.0,3.0,875229.74,2.0,1.0,0.0,0.0,2.0,1328682.5699999998,3.0,3.0,3.0,76258.17666666667,11800.913333333332,0.0,0.0,1.0,1.0,6,2012450.89,3,3,0,0.0,5,2338568.61,6,6,5,55673.87666666667,62788.003333333334,0.0,0.0,2,3,11,5848646.99,6,5,0,0.0,10,5760674.44,11,10,10,68251.42272727273,107158.7390909091,0.0,0.0,5,5,66,57378382.05,49,17,3,2175464.61,57,41922206.76,66,36,57,186090.24166666667,131584.98106060605,0.0,3.0,40,17,25,22385196.810000002,19,6,2,1794609.7000000002,22,16796677.94,25,21,24,224902.8352,193320.84,1.0,1.0,17,5,109201.03,803676.59,291743.24666666664,664341.2849999999,335408.48166666663,467713.72199999995,531695.1809090909,576067.444,869369.4249999999,735477.3115789474,895407.8724000001,763485.360909091,0
PRAC-1081,Jhanvi Tandon,MCI/DEL/75394,4798551473,2029-08-22,1977-03-01,Male,214254851878,97112844904,jhanvi.doc19@clinic.com,45/17- Issac Ganj,Jaggi Ganj,New Delhi,Delhi,110068,General Surgery,Oncology,208600000X,Kasturba Medical College,2001,HOSP-0003,N,2004-08-20,Active,0,0.0,0.0,0.0,0.0,0.0,0.0,0.0,0.0,0.0,0.0,0.0,0.0,0.0,0.0,0.0,0.0,0.0,3.0,1259824.68,2.0,1.0,0.0,0.0,3.0,1018221.76,3.0,3.0,3.0,86295.59999999999,75617.95666666667,0.0,0.0,2.0,1.0,6,2951959.3099999996,5,1,1,1304084.63,5,1377621.59,6,6,6,120564.35499999998,67564.06166666666,0.0,1.0,4,1,9,3321018.68,7,2,1,1304084.63,8,1684044.27,9,9,9,88519.25,51707.683333333334,0.0,1.0,6,2,51,44535861.8,33,18,2,407093.59,45,34843153.84,51,35,44,160116.61823529413,185573.19274509803,1.0,1.0,30,15,26,15047378.77,18,8,2,888162.9600000001,21,11096905.98,26,18,24,95010.84384615385,126889.96615384615,1.0,1.0,14,7,0.0,0.0,419941.56,339407.25333333336,491993.21833333327,275524.318,369002.0755555556,210505.53375,873252.1921568627,774292.3075555556,578745.3373076923,528424.0942857143,0
PRAC-1082,Manjari Sur,MCI/DEL/46009,9752246443,2029-06-01,1979-10-23,Other,703537332750,97667868838,manjari.doc11@clinic.com,01/362- Venkataraman Street,0,New Delhi,Delhi,110040,General Surgery,Cardiology,208600000X,Maulana Azad Medical College,2007,HOSP-0032,Y,2012-02-26,Active,0,0.0,0.0,0.0,0.0,0.0,0.0,0.0,0.0,0.0,0.0,0.0,0.0,0.0,0.0,0.0,0.0,0.0,0.0,0.0,0.0,0.0,0.0,0.0,0.0,0.0,0.0,0.0,0.0,0.0,0.0,0.0,0.0,0.0,0.0,7,4701518.64,6,1,1,1627372.72,6,2533305.02,7,7,7,167684.13714285713,103012.1142857143,1.0,0.0,6,0,12,11042723.42,11,1,1,1627372.72,11,8002028.28,12,12,12,162612.62583333332,138353.6425,1.0,0.0,11,0,63,61291580.46,53,10,6,4102286.6700000004,53,47878108.05,63,35,52,206791.4557142857,211046.14,1.0,5.0,44,9,22,19393972.75,17,5,0,0.0,21,16006709.57,22,18,22,138322.43,221400.445,0.0,0.0,17,4,0.0,0.0,0.0,0.0,671645.5199999999,422217.50333333336,920226.9516666667,727457.1163636363,972882.2295238095,903360.529245283,881544.2159090909,762224.2652380953,0
PRAC-1083,Rania Kala,MCI/DEL/74401,4392430709,2029-01-09,1963-02-23,Female,568598593679,97518732448,rania.doc15@clinic.com,H.No. 775 Sachar Chowk,0,New Delhi,Delhi,110056,General Practice,Pediatrics,208D00000X,Armed Forces Medical College,1992,HOSP-0002,N,2016-01-08,Active,0,1.0,345343.24,0.0,1.0,0.0,0.0,1.0,255769.84,1.0,1.0,1.0,50666.09,71158.35,0.0,0.0,0.0,1.0,3.0,1217412.08,0.0,3.0,0.0,0.0,3.0,939151.29,3.0,3.0,3.0,52807.956666666665,78934.47333333333,0.0,0.0,0.0,3.0,15,15092552.58,11,4,3,8326110.54,10,4288570.83,15,13,15,200694.91466666668,127999.99733333333,0.0,3.0,7,3,19,17425836.01,14,5,3,8326110.54,14,6462762.4,19,15,19,176722.0994736842,118697.40526315791,0.0,3.0,10,4,44,25989720.39,35,9,5,1606095.94,36,16959901.02,44,29,43,132340.7990909091,101123.2165909091,4.0,1.0,31,5,25,13622938.07,18,7,1,14950.05,23,10624351.48,25,17,25,118490.4148,111135.5772,1.0,0.0,18,5,345343.24,255769.84,405804.0266666667,313050.43,1006170.172,428857.083,917149.2636842106,461625.8857142857,590675.4634090909,471108.36166666663,544917.5228,461928.3252173913,0
PRAC-1084,Kartik Sem,MCI/KAR/95370,9308843765,2028-04-16,1968-12-13,Male,107057033812,97192155374,kartik.doc88@clinic.com,848 Sanghvi Road,Sen Path,Mysore,Karnataka,563057,Oncology,0,207R00000X,JIPMER,1994,HOSP-0027,Y,2020-11-09,Sanctioned,Consectetur totam iure quisquam rerum totam tenetur.,0.0,0.0,0.0,0.0,0.0,0.0,0.0,0.0,0.0,0.0,0.0,0.0,0.0,0.0,0.0,0.0,0.0,1.0,1869013.87,1.0,0.0,0.0,0.0,1.0,1689289.9,1.0,1.0,1.0,360136.07,408456.69,0.0,0.0,1.0,0.0,5,4293961.46,4,1,0,0.0,5,3699988.63,5,5,5,147816.028,226013.19199999998,0.0,0.0,4,1,7,5077453.66,6,1,0,0.0,7,4354616.4,7,7,7,107727.94571428573,187834.06428571427,0.0,0.0,6,1,61,43207168.65,48,13,3,3230630.7600000002,52,28921711.65,61,33,54,131073.51934426228,132081.01655737704,0.0,3.0,40,12,42,25651736.36,35,7,2,553078.21,36,18650866.47,42,29,38,106367.4507142857,135533.91452380954,0.0,2.0,29,7,0.0,0.0,1869013.87,1689289.9,858792.292,739997.726,725350.5228571428,622088.0571428572,708314.2401639344,556186.7625,610755.6276190476,518079.62416666665,0
PRAC-1085,Gatik Buch,MCI/TAM/16689,5940176551,2029-01-11,1981-05-05,Female,528104078483,98162113701,gatik.doc88@clinic.com,096- Bhatt Path,0,Madurai,Tamil Nadu,641089,Oncology,Orthopedic Surgery,207R00000X,Maulana Azad Medical College,2009,HOSP-0020,N,2024-01-16,Active,0,0.0,0.0,0.0,0.0,0.0,0.0,0.0,0.0,0.0,0.0,0.0,0.0,0.0,0.0,0.0,0.0,0.0,1.0,350977.7,0.0,1.0,0.0,0.0,1.0,252243.07,1.0,1.0,1.0,98323.5,99110.19,0.0,0.0,0.0,1.0,8,3860155.93,5,3,0,0.0,8,3027640.6,8,8,8,108511.41500000001,71719.01375,0.0,0.0,5,3,10,5185837.3,7,3,0,0.0,10,4080214.2800000003,10,9,10,130713.521,70512.992,0.0,0.0,7,3,55,35333000.85,40,15,4,1382938.58,50,28573789.93,55,33,50,132542.8329090909,122948.12763636363,1.0,3.0,36,14,30,24000377.5,23,7,3,7770434.66,24,12450019.29,30,25,27,201547.398,161099.356,1.0,2.0,19,5,0.0,0.0,350977.7,252243.07,482519.49125,378455.075,518583.73,408021.428,642418.1972727273,571475.7986,800012.5833333334,518750.80374999996,0
PRAC-1086,Nirvaan Shan,MCI/MAH/46329,777049622,2026-04-16,1974-02-28,Other,739065833575,97170874504,nirvaan.doc35@clinic.com,945 Anand Nagar,0,Pune,Maharashtra,402091,Dermatology,General Practice,207N00000X,Armed Forces Medical College,2002,HOSP-0017,Y,2023-01-24,Active,0,0.0,0.0,0.0,0.0,0.0,0.0,0.0,0.0,0.0,0.0,0.0,0.0,0.0,0.0,0.0,0.0,0.0,2.0,802362.79,1.0,1.0,0.0,0.0,2.0,695977.4,2.0,2.0,2.0,56815.555,104207.03,0.0,0.0,1.0,1.0,10,4016168.03,8,2,1,7245.64,8,2967442.45,10,8,10,92779.37,85846.841,0.0,1.0,6,2,13,5203400.15,9,4,1,7245.64,10,3897682.41,13,10,12,88286.75846153847,83724.06846153847,0.0,1.0,7,3,52,43936369.24,41,11,3,4474640.46,47,31041761.3,52,31,46,166305.85923076922,161711.925,1.0,2.0,37,10,30,23977652.41,21,9,4,3897842.32,23,17114098.25,30,22,27,138608.26833333334,144500.69,1.0,3.0,16,7,0.0,0.0,401181.395,347988.7,401616.80299999996,370930.30625,400261.55000000005,389768.24100000004,844930.1776923077,660463.0063829788,799255.0803333333,744091.2282608695,0
PRAC-1087,Keya Bali,MCI/WES/36892,7366573204,2025-11-06,1964-01-12,Female,898816432894,99266378781,keya.doc90@clinic.com,H.No. 54 Kadakia Road,0,Kolkata,West Bengal,737837,Neurology,General Surgery,2084N0400X,Kasturba Medical College,1992,HOSP-0036,N,1998-02-23,Under Review,0,6.0,550430.4400000001,4.0,2.0,0.0,0.0,6.0,1824599.81,6.0,2.0,6.0,15965.985,25293.741666666665,0.0,0.0,4.0,2.0,8.0,2341863.63,5.0,3.0,0.0,0.0,8.0,3204946.0100000002,8.0,4.0,8.0,45096.3425,97887.1375,0.0,0.0,5.0,3.0,13,4844639.89,9,4,1,342302.39,11,4996618.94,13,8,13,50075.656153846154,84361.98846153847,0.0,1.0,7,4,15,6013697.5200000005,10,5,2,1179330.9500000002,12,5309297.71,15,10,15,59405.09733333333,89787.06333333332,1.0,1.0,8,4,62,39258618.53,44,18,5,3043096.42,52,28163247.47,61,36,55,118789.81016129033,135264.9572580645,0.0,5.0,34,18,20,14232583.850000001,14,6,1,1008194.7,18,10944342.9,20,16,20,118519.008,99298.6535,0.0,1.0,12,6,91738.40666666668,304099.9683333333,292732.95375,400618.25125000003,372664.6069230769,454238.0854545455,400913.168,442441.47583333333,633203.5246774193,541600.9128846154,711629.1925000001,608019.05,0
PRAC-1088,Kiaan Mammen,MCI/MAH/37675,6916630917,2025-10-23,1996-08-31,Male,610401852043,98166227554,kiaan.doc1@clinic.com,H.No. 86 Boase Zila,Tripathi Nagar,Mumbai,Maharashtra,489427,Orthopedic Surgery,General Practice,207X00000X,All India Institute of Medical Sciences,2024,HOSP-0020,N,2026-01-01,Active,0,1.0,322518.52,1.0,0.0,0.0,0.0,1.0,227612.73,1.0,1.0,1.0,22165.63,15179.94,0.0,0.0,1.0,0.0,3.0,1512722.78,3.0,0.0,0.0,0.0,3.0,1333905.75,3.0,3.0,3.0,98435.82,77305.04666666668,0.0,0.0,3.0,0.0,9,5260437.53,7,2,1,1037897.89,7,3741804.43,9,9,9,154258.84555555554,141468.91555555555,1.0,0.0,6,1,14,6487521.64,11,3,1,1037897.89,11,4138307.57,14,14,14,126055.73642857141,100655.14571428571,1.0,0.0,9,2,63,49600414.9,51,12,2,492458.34,57,39898065.05,63,36,51,167598.6973015873,138239.88936507935,0.0,2.0,45,12,23,10740995.68,17,6,1,36021.3,19,7223063.36,23,19,23,50839.48565217391,104848.35739130434,0.0,1.0,13,6,322518.52,227612.73,504240.9266666667,444635.25,584493.0588888889,534543.49,463394.40285714285,376209.77909090905,787308.173015873,699966.0535087719,466999.81217391306,380161.2294736842,0
PRAC-1089,Jivin Ben,MCI/WES/93130,9084225524,2026-06-15,1967-05-15,Other,836335571118,97922055264,jivin.doc95@clinic.com,035- Lalla,0,Kolkata,West Bengal,749846,General Surgery,Pediatrics,208600000X,All India Institute of Medical Sciences,1996,HOSP-0026,N,2021-04-23,Active,0,0.0,0.0,0.0,0.0,0.0,0.0,0.0,0.0,0.0,0.0,0.0,0.0,0.0,0.0,0.0,0.0,0.0,1.0,23246.66,1.0,0.0,1.0,23246.66,0.0,0.0,1.0,1.0,1.0,779.26,5123.0,0.0,1.0,0.0,0.0,9,4126294.97,8,1,1,23246.66,8,3188278.7399999998,9,9,8,94263.50666666667,93608.90333333334,0.0,1.0,7,1,16,7231452.25,13,3,1,23246.66,14,4977672.13,16,16,14,71791.190625,79085.123125,0.0,1.0,11,3,66,52198525.4,46,20,2,808817.97,61,41406255.269999996,66,35,56,178199.18848484848,177628.28606060607,0.0,2.0,41,20,27,18002969.35,21,6,2,1700672.81,20,9781038.66,27,22,23,153363.20962962962,147032.57703703703,1.0,1.0,15,5,0.0,0.0,23246.66,0.0,458477.2188888889,398534.84249999997,451965.765625,355548.0092857143,790886.7484848484,678791.07,666776.6425925926,489051.933,0
PRAC-1090,Eshani Varty,MCI/KAR/15186,5306932780,2027-05-04,1975-12-02,Male,347797522231,99498873340,eshani.doc74@clinic.com,24- Ahuja Ganj,Kothari Ganj,Bangalore,Karnataka,571584,Dermatology,Orthopedic Surgery,207N00000X,Maulana Azad Medical College,2000,HOSP-0050,N,2012-07-16,Active,0,0.0,0.0,0.0,0.0,0.0,0.0,0.0,0.0,0.0,0.0,0.0,0.0,0.0,0.0,0.0,0.0,0.0,2.0,1854828.9,2.0,0.0,0.0,0.0,1.0,434370.73,2.0,2.0,2.0,557365.13,92535.735,0.0,0.0,1.0,0.0,12,7387787.37,10,2,0,0.0,10,4936983.42,12,12,12,123007.86083333334,118287.165,0.0,0.0,8,2,16,10458387.78,13,3,0,0.0,14,7618484.83,16,16,16,149514.218125,109263.75,0.0,0.0,11,3,55,45648692.13,46,9,5,2086752.61,47,33031531.01,55,29,49,170648.58000000002,206340.72745454544,0.0,5.0,39,8,21,14014662.22,15,6,0,0.0,20,11781232.34,21,18,21,137711.46476190476,106866.99095238096,0.0,0.0,14,6,0.0,0.0,927414.45,434370.73,615648.9475,493698.342,653649.23625,544177.4878571428,829976.2205454546,702798.5321276597,667364.8676190476,589061.617,0
PRAC-1091,Elakshi Anne,MCI/DEL/74198,6722955976,2028-09-24,1979-05-13,Male,198392469524,97568558983,elakshi.doc47@clinic.com,65 Bhandari Marg,0,New Delhi,Delhi,110074,Pediatrics,General Surgery,208000000X,Christian Medical College,2007,HOSP-0033,N,2016-03-13,Sanctioned,Distinctio minus ullam ipsam voluptatum neque dolore consectetur.,0.0,0.0,0.0,0.0,0.0,0.0,0.0,0.0,0.0,0.0,0.0,0.0,0.0,0.0,0.0,0.0,0.0,1.0,339056.72,0.0,1.0,0.0,0.0,1.0,317417.58,1.0,1.0,1.0,50363.99,29618.58,0.0,0.0,0.0,1.0,15,13912843.97,11,4,1,92438.08,12,9689152.74,15,13,15,257187.40333333335,246026.58133333334,0.0,1.0,8,4,21,21591676.83,15,6,1,92438.08,18,16415545.75,21,17,19,272852.07714285713,232258.25047619047,0.0,1.0,12,6,49,32435754.220000003,33,16,3,1896494.44,41,24370809.25,49,35,45,155722.0544897959,132243.32734693878,1.0,2.0,27,14,34,23708342.89,23,11,2,3594355.43,30,16255987.56,34,25,32,170994.36088235292,156444.11000000002,0.0,2.0,19,11,0.0,0.0,339056.72,317417.58,927522.9313333334,807429.395,1028175.087142857,911974.7638888889,661954.167755102,594409.981707317,697304.2026470589,541866.252,0
PRAC-1092,Saira Srinivasan,MCI/KAR/97683,7326552411,2025-08-12,1971-07-11,Male,200977263431,98152047322,saira.doc5@clinic.com,60/605 Bedi Marg,Singh Circle,Bangalore,Karnataka,572539,Neurology,0,2084N0400X,Armed Forces Medical College,1996,HOSP-0028,Y,2005-01-27,Active,0,0.0,0.0,0.0,0.0,0.0,0.0,0.0,0.0,0.0,0.0,0.0,0.0,0.0,0.0,0.0,0.0,0.0,5.0,1203252.78,3.0,2.0,0.0,0.0,5.0,1082752.31,5.0,4.0,5.0,64141.848,44676.638,0.0,0.0,3.0,2.0,10,2885863.2800000003,8,2,0,0.0,9,2379319.48,10,7,10,43712.08,71739.54299999999,0.0,0.0,7,2,13,3791953.3,11,2,0,0.0,12,3133495.48,13,10,11,37427.85615384615,71323.28923076924,0.0,0.0,10,2,63,37891852.589999996,47,16,4,2633665.52,54,28696526.3,63,36,52,97479.25825396825,135758.34507936507,0.0,4.0,40,14,21,14600081.79,12,9,2,683099.15,19,11942151.54,21,16,20,134099.6461904762,119400.1057142857,1.0,1.0,11,8,0.0,0.0,240650.556,216550.462,288586.32800000004,264368.8311111111,291688.71538461535,261124.62333333332,601457.9776190475,531417.1537037037,695241.99,628534.2915789473,0
PRAC-1093,Aarush Yohannan,MCI/DEL/59830,6365401726,2028-05-17,1986-12-24,Other,137595937024,97732854884,aarush.doc59@clinic.com,H.No. 68- Saha Circle,Loke Zila,New Delhi,Delhi,110098,Dermatology,Cardiology,207N00000X,Maulana Azad Medical College,2013,HOSP-0003,Y,2022-02-23,Active,0,1.0,1311529.26,1.0,0.0,0.0,0.0,1.0,1187022.99,1.0,1.0,1.0,93232.26,22415.11,0.0,0.0,1.0,0.0,2.0,2203336.4699999997,2.0,0.0,0.0,0.0,2.0,1910424.05,2.0,2.0,2.0,110696.555,84961.85999999999,0.0,0.0,2.0,0.0,10,7751920.4,9,1,0,0.0,8,5862474.51,10,10,10,107356.769,145811.86200000002,0.0,0.0,8,0,14,9516465.79,11,3,0,0.0,12,7310698.6,14,13,14,101568.81571428571,135862.48357142857,0.0,0.0,10,2,67,43442435.02,45,22,4,3356463.0300000003,58,31799787.25,67,42,58,135839.73835820897,148707.18940298507,2.0,2.0,39,19,30,37485466.46,20,10,1,1142423.36,24,25314464.54,30,21,28,202226.36166666666,262046.4,0.0,1.0,16,8,1311529.26,1187022.99,1101668.2349999999,955212.025,775192.04,732809.31375,679747.5564285713,609224.8833333333,648394.5525373134,548272.1939655172,1249515.5486666667,1054769.3558333332,0
PRAC-1094,Dharmajan Kapoor,MCI/TAM/16104,350004844,2026-07-26,1984-05-13,Female,10189949016,99405604440,dharmajan.doc53@clinic.com,H.No. 85 Chokshi Circle,0,Coimbatore,Tamil Nadu,689215,Orthopedic Surgery,Pediatrics,207X00000X,All India Institute of Medical Sciences,2014,HOSP-0025,N,2016-07-01,Active,0,0.0,0.0,0.0,0.0,0.0,0.0,0.0,0.0,0.0,0.0,0.0,0.0,0.0,0.0,0.0,0.0,0.0,3.0,6063128.16,3.0,0.0,0.0,0.0,3.0,4388966.17,3.0,3.0,3.0,335387.7733333334,191084.70000000004,0.0,0.0,3.0,0.0,10,15107062.19,10,0,0,0.0,10,12190421.21,10,9,10,210326.597,178025.854,0.0,0.0,10,0,12,16125516.870000001,11,1,0,0.0,12,13119067.370000001,12,11,12,187668.00083333332,162940.18916666668,0.0,0.0,11,1,51,40743820.9,41,10,9,5977261.62,40,31505861.49,51,30,45,178457.82333333333,144530.4917647059,4.0,5.0,34,6,38,27877906.45,33,5,6,8131455.18,30,16082770.83,38,29,35,113006.59210526316,162478.14921052632,2.0,4.0,27,3,0.0,0.0,2021042.72,1462988.7233333334,1510706.219,1219042.121,1343793.0725,1093255.6141666668,798898.4490196079,787646.5372499999,733629.1171052632,536092.361,0
PRAC-1095,Samarth Dhaliwal,MCI/WES/88499,6872760361,2029-08-02,1995-04-02,Male,944204988166,97391792567,samarth.doc15@clinic.com,92/72- Khatri Nagar,Karpe Path,Kolkata,West Bengal,741770,Cardiology,Orthopedic Surgery,207R00000X,Maulana Azad Medical College,2020,HOSP-0036,N,2023-01-08,Active,0,2.0,584510.36,1.0,1.0,0.0,0.0,2.0,297324.71,2.0,2.0,2.0,61269.399999999994,65309.175,0.0,0.0,1.0,1.0,2.0,584510.36,1.0,1.0,0.0,0.0,2.0,297324.71,2.0,2.0,2.0,61269.399999999994,65309.175,0.0,0.0,1.0,1.0,9,5640710.17,7,2,1,48550.15,8,4933862.33,9,8,9,176409.5,176792.45777777777,0.0,1.0,6,2,12,7455485.26,10,2,1,48550.15,11,6497863.220000001,12,11,11,157519.56083333332,176294.615,0.0,1.0,9,2,71,49407373.92,54,17,4,3387985.98,63,36234647.66,71,38,61,139337.21732394365,138869.98112676057,2.0,2.0,49,14,29,17973910.14,21,8,2,1467159.32,23,13212078.41,29,21,27,125803.16172413793,115412.01034482758,0.0,2.0,15,8,292255.18,148662.355,292255.18,148662.355,626745.5744444444,616732.79125,621290.4383333334,590714.8381818183,695878.505915493,575153.1374603173,619790.0048275862,574438.1917391304,0
PRAC-1096,Dharmajan Bhat,MCI/WES/58048,5475788912,2026-12-05,1964-02-18,Male,329916017286,98376120874,dharmajan.doc32@clinic.com,00/25 Sankar Ganj,Boase Nagar,Kolkata,West Bengal,749747,Neurology,General Practice,2084N0400X,JIPMER,1993,HOSP-0023,Y,1996-11-28,Active,0,0.0,0.0,0.0,0.0,0.0,0.0,0.0,0.0,0.0,0.0,0.0,0.0,0.0,0.0,0.0,0.0,0.0,0.0,0.0,0.0,0.0,0.0,0.0,0.0,0.0,0.0,0.0,0.0,0.0,0.0,0.0,0.0,0.0,0.0,5,3269245.6100000003,3,2,0,0.0,4,1643151.33,5,5,5,149309.802,124410.452,0.0,0.0,3,1,5,3269245.6100000003,3,2,0,0.0,4,1643151.33,5,5,5,149309.802,124410.452,0.0,0.0,3,1,56,39850442.93,41,15,2,826727.58,51,31351754.98,56,31,52,150158.05017857143,109577.59678571428,1.0,1.0,40,11,36,17961926.96,25,11,2,1410658.8900000001,31,12890415.28,36,26,35,92353.43333333333,93865.12722222222,0.0,2.0,21,10,0.0,0.0,0.0,0.0,653849.1220000001,410787.8325,653849.1220000001,410787.8325,711615.0523214285,614740.2937254902,498942.4155555556,415819.84774193546,0
PRAC-1097,Romil Vaidya,MCI/MAH/84603,8891059233,2027-12-23,1981-11-18,Other,75425694202,98317272057,romil.doc13@clinic.com,88/184- Bahl Circle,Reddy,Pune,Maharashtra,472432,Orthopedic Surgery,Oncology,207X00000X,Maulana Azad Medical College,2006,HOSP-0047,Y,2014-10-23,Active,0,0.0,0.0,0.0,0.0,0.0,0.0,0.0,0.0,0.0,0.0,0.0,0.0,0.0,0.0,0.0,0.0,0.0,3.0,752015.6699999999,2.0,1.0,0.0,0.0,3.0,631736.87,3.0,3.0,3.0,74206.29666666668,34038.62333333333,0.0,0.0,2.0,1.0,6,2068453.69,4,2,0,0.0,6,1795615.66,6,6,6,78165.85166666667,57992.47333333333,0.0,0.0,4,2,9,7203595.96,7,2,1,790867.43,8,5370069.11,9,9,9,156548.12444444443,147241.5488888889,0.0,1.0,6,2,51,31902458.47,35,16,4,618455.25,39,22299911.74,51,33,43,103287.22196078431,140093.1888235294,0.0,4.0,24,15,23,15693237.620000001,20,3,1,1016094.3,20,11069316.02,23,18,20,130349.2995652174,204893.38260869565,0.0,1.0,18,2,0.0,0.0,250671.88999999998,210578.95666666667,344742.2816666667,299269.2766666667,800399.5511111111,671258.63875,625538.401372549,571792.6087179487,682314.6791304349,553465.801,0
PRAC-1098,Arnav Gaba,MCI/WES/16561,3953798427,2028-08-17,1978-04-30,Other,888880538272,99807798755,arnav.doc19@clinic.com,H.No. 78 Khatri Zila,0,Kolkata,West Bengal,758171,Dermatology,0,207N00000X,All India Institute of Medical Sciences,2006,HOSP-0030,N,2021-07-18,Active,0,0.0,0.0,0.0,0.0,0.0,0.0,0.0,0.0,0.0,0.0,0.0,0.0,0.0,0.0,0.0,0.0,0.0,2.0,4027344.93,0.0,2.0,0.0,0.0,2.0,3168549.17,2.0,2.0,2.0,493152.54000000004,518520.655,0.0,0.0,0.0,2.0,7,5698718.08,4,3,0,0.0,6,3949715.9200000004,7,7,7,207546.16999999998,209405.9957142857,0.0,0.0,3,3,9,7034283.74,5,4,0,0.0,8,5164077.83,9,9,9,196520.98,188203.58666666667,0.0,0.0,4,4,60,41374672.66,42,18,1,200402.79,57,33575602.67,60,36,52,133964.9395,137536.28433333334,0.0,1.0,40,17,40,29493915.490000002,28,12,2,99869.15,35,21687862.12,40,29,36,145530.8075,150570.57450000002,1.0,1.0,25,10,0.0,0.0,2013672.465,1584274.585,814102.5828571429,658285.9866666667,781587.0822222222,645509.72875,689577.8776666666,589045.660877193,737347.88725,619653.2034285715,0
PRAC-1099,Vritika Hegde,MCI/WES/16033,8878505975,2030-04-09,1984-05-06,Male,673321288630,97653738135,vritika.doc58@clinic.com,43/968 Sur Street,0,Howrah,West Bengal,789510,Cardiology,Dermatology,207R00000X,Kasturba Medical College,2008,HOSP-0010,N,2010-02-21,Inactive,0,2.0,924383.3600000001,1.0,1.0,0.0,0.0,2.0,762506.68,2.0,2.0,2.0,133617.20500000002,126462.35500000001,0.0,0.0,1.0,1.0,2.0,924383.3600000001,1.0,1.0,0.0,0.0,2.0,762506.68,2.0,2.0,2.0,133617.20500000002,126462.35500000001,0.0,0.0,1.0,1.0,7,3132935.7399999998,5,2,0,0.0,7,2634328.07,7,7,7,87556.75857142858,107975.77857142857,0.0,0.0,5,2,12,5847945.01,10,2,0,0.0,12,5106969.949999999,12,12,12,105816.95,106162.67416666668,0.0,0.0,10,2,54,38939037.44,43,11,3,1097571.21,49,29029641.46,54,38,46,145861.33574074073,140968.60685185183,0.0,3.0,38,11,29,11778689.24,22,7,4,1840321.79,23,7122717.74,29,20,27,70745.82689655172,89159.15896551724,0.0,4.0,16,7,462191.68000000005,381253.34,462191.68000000005,381253.34,447562.2485714285,376332.58142857143,487328.7508333333,425580.8291666666,721093.2859259258,592441.6624489796,406161.6979310345,309683.38,0
PRAC-1100,Abram Sunder,MCI/DEL/75233,1356305798,2026-09-01,1966-10-05,Male,505068174773,99702750338,abram.doc9@clinic.com,25/13- Lanka Road,0,New Delhi,Delhi,110065,Cardiology,Dermatology,207R00000X,Christian Medical College,1994,HOSP-0010,N,2024-10-15,Active,0,0.0,0.0,0.0,0.0,0.0,0.0,0.0,0.0,0.0,0.0,0.0,0.0,0.0,0.0,0.0,0.0,0.0,4.0,2441531.27,2.0,2.0,0.0,0.0,3.0,1235132.22,4.0,3.0,4.0,105080.7075,129050.5975,0.0,0.0,2.0,1.0,9,10227193.04,4,5,0,0.0,7,4803819.609999999,9,7,9,165322.47222222222,300039.4711111111,0.0,0.0,4,3,13,11484490.25,8,5,0,0.0,10,5772168.37,13,10,13,144140.2953846154,217668.56846153844,0.0,0.0,7,3,64,47858746.55,53,11,3,3027697.21,53,30154459.14,64,36,55,160218.74546875,156141.4303125,0.0,3.0,43,10,30,24191042.01,21,9,0,0.0,29,18666201.42,30,23,28,180859.199,173640.38366666666,0.0,0.0,21,8,0.0,0.0,610382.8175,411710.74,1136354.782222222,686259.9442857142,883422.3269230769,577216.837,747792.91484375,568952.059245283,806368.067,643662.1179310345,0
PRAC-1101,Ayesha Bhagat,MCI/WES/78635,8081274169,2028-04-07,1995-09-15,Female,458330566843,98317247033,ayesha.doc52@clinic.com,03/678- Banerjee Path,0,Kolkata,West Bengal,758971,General Surgery,Oncology,208600000X,Armed Forces Medical College,2021,HOSP-0029,Y,2025-03-20,Active,0,1.0,186059.85,0.0,1.0,0.0,0.0,1.0,33675.34,1.0,1.0,1.0,33268.72,12041.41,0.0,0.0,0.0,1.0,3.0,1611951.82,2.0,1.0,0.0,0.0,3.0,1146177.34,3.0,3.0,3.0,60128.67333333334,21551.493333333332,0.0,0.0,2.0,1.0,12,14247091.64,8,4,1,271164.17,11,10671299.42,12,10,11,218223.275,227077.17666666667,0.0,1.0,7,4,16,19317158.68,10,6,1,271164.17,15,14935229.93,16,14,15,259499.76,230565.1975,0.0,1.0,9,6,55,31452778.73,42,13,8,5206241.9399999995,45,20785387.75,55,33,46,129239.30818181818,111879.84181818181,3.0,5.0,35,10,28,16510524.05,24,4,1,38418.93,21,10998044.82,28,20,28,137687.79214285716,92461.95214285715,0.0,1.0,17,4,186059.85,33675.34,537317.2733333333,382059.11333333334,1187257.6366666667,970118.129090909,1207322.4175,995681.9953333333,571868.7041818182,461897.5055555556,589661.5732142858,523716.42000000004,0
PRAC-1102,Rasha Mallick,MCI/MAH/50274,7682212050,2026-11-20,1967-06-14,Female,373683718906,98043350033,rasha.doc32@clinic.com,H.No. 634- Balan Path,0,Mumbai,Maharashtra,420220,Orthopedic Surgery,Oncology,207X00000X,Kasturba Medical College,1996,HOSP-0027,N,2008-11-26,Active,0,1.0,1003650.29,1.0,0.0,0.0,0.0,1.0,992650.7,1.0,1.0,1.0,333814.01,328069.18,0.0,0.0,1.0,0.0,2.0,1821712.28,2.0,0.0,0.0,0.0,2.0,1602073.21,2.0,2.0,2.0,185702.66,318542.05,0.0,0.0,2.0,0.0,4,4263134.51,4,0,0,0.0,4,3839121.23,4,4,4,320649.165,202321.57249999998,0.0,0.0,4,0,8,5885040.140000001,6,2,0,0.0,8,5201587.95,8,7,8,196667.71,153948.33625,0.0,0.0,6,2,63,44807710.56,46,17,5,1421864.11,50,33194326.29,63,34,53,145245.78253968255,111645.38206349207,1.0,4.0,36,14,32,29731254.98,27,5,2,5461223.83,29,18902560.86,32,25,32,187679.8878125,231531.17906249998,0.0,2.0,24,5,1003650.29,992650.7,910856.14,801036.605,1065783.6275,959780.3075,735630.0175000001,650198.49375,711233.500952381,663886.5258,929101.718125,651812.4434482758,0
PRAC-1103,Shayak Singh,MCI/DEL/48217,2196892536,2027-04-13,1962-02-18,Other,458958819618,98335372818,shayak.doc15@clinic.com,16- Borde Zila,0,New Delhi,Delhi,110000,Cardiology,Dermatology,207R00000X,Armed Forces Medical College,1987,HOSP-0030,Y,2008-08-24,Active,0,0.0,0.0,0.0,0.0,0.0,0.0,0.0,0.0,0.0,0.0,0.0,0.0,0.0,0.0,0.0,0.0,0.0,3.0,979581.73,1.0,2.0,0.0,0.0,3.0,870067.46,3.0,3.0,3.0,47627.22,109484.47999999998,0.0,0.0,1.0,2.0,7,4771833.850000001,4,3,0,0.0,7,3869408.9699999997,7,7,7,84343.46714285715,94368.09999999999,0.0,0.0,4,3,12,7686301.98,8,4,0,0.0,12,6654926.72,12,12,12,98183.7725,86764.78583333333,0.0,0.0,8,4,58,40801981.0,38,20,3,778810.5599999999,50,31907389.48,58,34,50,142343.6503448276,132438.96465517243,1.0,2.0,33,17,38,21290909.18,30,8,4,821020.48,27,13205607.51,38,26,35,99960.38157894737,95525.61368421052,0.0,4.0,21,6,0.0,0.0,326527.24333333335,290022.48666666663,681690.55,552772.71,640525.165,554577.2266666667,703482.4310344828,638147.7896,560287.0836842105,489096.57444444444,0
PRAC-1104,Alia Gole,MCI/KAR/33558,5319937406,2028-04-17,1987-05-20,Other,477097816653,98329322328,alia.doc15@clinic.com,42/11 Ghosh Path,Chatterjee Zila,Mysore,Karnataka,579943,Orthopedic Surgery,General Practice,207X00000X,All India Institute of Medical Sciences,2016,HOSP-0038,N,2019-05-13,Active,0,0.0,0.0,0.0,0.0,0.0,0.0,0.0,0.0,0.0,0.0,0.0,0.0,0.0,0.0,0.0,0.0,0.0,3.0,782296.36,2.0,1.0,0.0,0.0,3.0,683826.14,3.0,3.0,3.0,32680.073333333334,71461.32333333333,0.0,0.0,2.0,1.0,11,5797331.23,9,2,0,0.0,9,3110688.66,11,11,11,47453.74909090909,138877.24909090908,0.0,0.0,7,2,18,8774441.24,11,7,1,31071.69,15,5753086.88,18,15,17,66799.10055555556,120689.04388888889,1.0,0.0,9,6,58,34590969.49,50,8,6,4650466.109999999,50,22174678.12,58,30,51,116552.2948275862,120390.91431034483,2.0,4.0,44,6,32,14331467.22,24,8,2,909274.97,29,10415391.700000001,32,23,28,71355.0040625,83303.110625,1.0,1.0,22,7,0.0,0.0,260765.45333333334,227942.04666666666,527030.1118181818,345632.07333333336,487468.9577777778,383539.12533333333,596396.0256896552,443493.5624,447858.350625,359151.43793103454,0
PRAC-1105,Eva Bhasin,MCI/MAH/27704,7016129140,2025-12-18,1964-11-26,Other,104734986331,99385897699,eva.doc33@clinic.com,H.No. 915 Contractor Zila,0,Mumbai,Maharashtra,439243,Pediatrics,General Surgery,208000000X,All India Institute of Medical Sciences,1990,HOSP-0037,Y,2002-08-08,Active,0,0.0,0.0,0.0,0.0,0.0,0.0,0.0,0.0,0.0,0.0,0.0,0.0,0.0,0.0,0.0,0.0,0.0,1.0,310109.32,0.0,1.0,0.0,0.0,1.0,256717.87,1.0,1.0,1.0,63902.32,165749.71,0.0,0.0,0.0,1.0,7,11429473.98,4,3,0,0.0,7,9280243.9,7,7,7,264542.0714285714,348208.33285714284,0.0,0.0,4,3,9,12435554.15,5,4,0,0.0,9,10072426.33,9,8,9,226751.37111111113,301503.2533333333,0.0,0.0,5,4,60,36375271.0,45,15,4,4393801.42,53,25831073.189999998,60,34,51,137285.86066666667,109658.85,0.0,4.0,40,13,22,15235953.67,17,5,4,2669965.0,17,10835835.75,22,16,20,172876.55772727274,101260.76454545454,2.0,2.0,14,3,0.0,0.0,310109.32,256717.87,1632781.9971428572,1325749.1285714286,1381728.2388888889,1119158.4811111111,606254.5166666667,487378.7394339622,692543.3486363636,637402.1029411765,0
PRAC-1106,Ryan Kanda,MCI/MAH/15037,3962426842,2025-11-14,1995-06-23,Female,429319876458,98442579625,ryan.doc5@clinic.com,H.No. 584- Acharya Nagar,0,Pune,Maharashtra,411473,General Practice,Dermatology,208D00000X,Kasturba Medical College,2023,HOSP-0020,Y,2025-01-13,Active,0,1.0,4871333.53,1.0,0.0,0.0,0.0,1.0,3599218.63,1.0,1.0,1.0,1895473.05,1356499.97,0.0,0.0,1.0,0.0,3.0,5230684.8100000005,3.0,0.0,0.0,0.0,2.0,3782887.83,3.0,3.0,3.0,638546.0033333333,470626.47,0.0,0.0,2.0,0.0,8,8568873.35,7,1,0,0.0,5,5113444.45,8,7,8,364111.0725,252844.4375,0.0,0.0,5,0,13,12737156.610000001,11,2,0,0.0,10,8727338.38,13,12,12,322070.44692307693,219446.02923076923,0.0,0.0,9,1,50,27473339.18,40,10,2,33628.75,41,19611008.24,50,34,47,120744.4154,119309.9662,1.0,1.0,33,8,35,23065021.419999998,23,12,3,2058217.94,30,18191947.87,35,25,33,135459.20914285714,117979.292,0.0,3.0,18,12,4871333.53,3599218.63,1743561.6033333335,1891443.915,1071109.16875,1022688.89,979781.2776923078,872733.8380000001,549466.7836,478317.2741463414,659000.612,606398.2623333334,0
PRAC-1107,Fateh Kohli,MCI/MAH/44816,9324016553,2027-11-21,1978-04-03,Male,898004026800,99806902783,fateh.doc8@clinic.com,33/211- Sood Circle,Rattan Street,Pune,Maharashtra,421555,Oncology,General Practice,207R00000X,Christian Medical College,2006,HOSP-0036,Y,2009-09-05,Active,0,1.0,651854.69,1.0,0.0,0.0,0.0,1.0,458063.95,1.0,1.0,1.0,209761.46,1257.29,0.0,0.0,1.0,0.0,3.0,1870729.8199999998,3.0,0.0,0.0,0.0,3.0,1452410.43,3.0,3.0,3.0,172480.3,61874.57666666667,0.0,0.0,3.0,0.0,9,6208072.94,9,0,0,0.0,9,5238834.26,9,9,9,155370.97666666668,140789.32444444444,0.0,0.0,9,0,11,11258822.469999999,11,0,0,0.0,11,8931381.42,11,11,11,136826.98636363636,280662.8572727273,0.0,0.0,11,0,60,42284450.27,49,11,1,33739.35,54,35466974.69,60,34,56,133078.98383333333,145501.14516666668,0.0,1.0,43,11,31,28708164.21,23,8,1,163038.98,28,23440974.529999997,31,23,28,205677.29612903224,190934.56129032257,0.0,1.0,20,8,651854.69,458063.95,623576.6066666666,484136.81,689785.8822222223,582092.6955555555,1023529.3154545453,811943.7654545455,704740.8378333334,656795.8275925926,926069.8132258065,837177.6617857142,0
PRAC-1108,Aaryahi Lal,MCI/WES/66245,3897337460,2028-11-16,1962-12-23,Female,796929611496,99875968730,aaryahi.doc50@clinic.com,493 Kashyap Zila,Jhaveri Circle,Kolkata,West Bengal,733943,Cardiology,Pediatrics,207R00000X,Christian Medical College,1988,HOSP-0015,N,2021-06-02,Active,0,3.0,674257.56,0.0,3.0,0.0,0.0,3.0,1680003.31,3.0,1.0,1.0,35153.02,67451.18666666666,0.0,0.0,0.0,3.0,4.0,2484350.79,1.0,3.0,0.0,0.0,4.0,3309197.91,4.0,2.0,2.0,141718.635,148738.93,0.0,0.0,1.0,3.0,5,2556977.08,2,3,0,0.0,4,3309197.91,5,3,3,114575.05999999998,122723.74799999999,0.0,0.0,1,3,9,4141624.59,3,6,0,0.0,7,4313070.390000001,9,6,7,87790.51555555555,104929.50333333334,0.0,0.0,1,6,49,26708426.62,34,15,1,388537.57,47,22426120.12,49,31,47,88219.03571428571,136133.83775510202,0.0,1.0,32,15,35,21111848.36,27,8,2,1101527.16,31,16716543.08,35,26,32,143012.57571428572,79318.412,0.0,2.0,23,8,224752.52000000002,560001.1033333334,621087.6975,827299.4775,511395.416,827299.4775,460180.51,616152.912857143,545069.9310204082,477151.4919148936,603195.6674285714,539243.3251612904,0
PRAC-1109,Mahika Bandi,MCI/MAH/79898,9612653817,2030-07-04,1969-04-06,Other,875536798305,97412909005,mahika.doc14@clinic.com,10 Rout Zila,Biswas Street,Mumbai,Maharashtra,472258,Neurology,0,2084N0400X,JIPMER,1996,HOSP-0001,Y,2015-05-06,Active,0,1.0,4841937.2,0.0,1.0,0.0,0.0,1.0,4103138.67,1.0,1.0,1.0,2195568.33,1740323.94,0.0,0.0,0.0,1.0,3.0,7920440.17,2.0,1.0,0.0,0.0,3.0,6736876.83,3.0,3.0,3.0,888769.3233333332,742997.5833333334,0.0,0.0,2.0,1.0,8,11806089.86,4,4,0,0.0,8,9940173.68,8,6,8,422042.18375,361021.94499999995,0.0,0.0,4,4,14,19296641.54,10,4,1,698870.64,11,14465424.809999999,14,11,13,370828.7728571429,308909.41571428574,0.0,1.0,7,4,71,40953882.91,49,22,11,7621029.200000001,58,26669871.36,68,36,63,125516.26436619718,120320.84267605635,5.0,6.0,41,17,32,20638692.73,26,6,2,1004841.9199999999,30,16605723.709999999,32,26,29,146091.9128125,141853.07749999998,0.0,2.0,24,6,4841937.2,4103138.67,2640146.723333333,2245625.61,1475761.2325,1242521.71,1378331.5385714285,1315038.619090909,576815.2522535211,459825.36827586207,644959.1478125,553524.1236666667,0
PRAC-1110,Renee Keer,MCI/WES/88226,3934967357,2027-11-25,1989-03-09,Female,255369089544,99205748694,renee.doc31@clinic.com,084 Chowdhury Chowk,0,Kolkata,West Bengal,799767,Oncology,Orthopedic Surgery,207R00000X,Christian Medical College,2014,HOSP-0029,Y,2022-07-16,Active,0,0.0,0.0,0.0,0.0,0.0,0.0,0.0,0.0,0.0,0.0,0.0,0.0,0.0,0.0,0.0,0.0,0.0,4.0,2703148.02,1.0,3.0,1.0,1267057.47,3.0,1219428.75,4.0,4.0,4.0,137084.06,161986.02,0.0,1.0,0.0,3.0,11,7411056.3100000005,7,4,1,1267057.47,10,5231341.03,11,11,11,98960.82636363637,170213.92727272728,0.0,1.0,6,4,14,9634159.81,10,4,1,1267057.47,13,6974413.0,14,13,13,127995.79214285714,169909.2714285714,0.0,1.0,9,4,49,34582039.88,34,15,2,570746.5900000001,41,19984000.27,49,32,44,152630.47653061224,132949.55918367347,0.0,2.0,28,13,32,20249417.62,26,6,3,429935.37,28,16201750.97,32,22,29,123678.8371875,137460.14781249998,1.0,2.0,24,4,0.0,0.0,675787.005,406476.25,673732.3918181818,523134.103,688154.2721428572,536493.3076923077,705755.9159183674,487414.64073170733,632794.300625,578633.9632142858,0
PRAC-1111,Hansh Chopra,MCI/KAR/94015,6054758251,2029-05-29,1960-09-23,Female,310698195944,99631868839,hansh.doc11@clinic.com,H.No. 01- Bhatt Path,Batta Circle,Mysore,Karnataka,577795,General Surgery,0,208600000X,Kasturba Medical College,1988,HOSP-0020,Y,1997-08-11,Active,0,0.0,0.0,0.0,0.0,0.0,0.0,0.0,0.0,0.0,0.0,0.0,0.0,0.0,0.0,0.0,0.0,0.0,3.0,2039417.11,3.0,0.0,0.0,0.0,2.0,1037293.6299999999,3.0,3.0,3.0,158224.29666666666,200106.51,0.0,0.0,2.0,0.0,15,13118988.44,14,1,1,4619069.41,12,6145763.09,15,13,15,98093.03133333333,163691.53399999999,0.0,1.0,11,1,16,13904464.59,15,1,1,4619069.41,12,6145763.09,16,13,16,94206.75875,182248.06375,0.0,1.0,11,1,56,40807499.27,42,14,4,3520709.4699999997,48,28145651.44,54,34,48,127978.91535714285,170159.44160714286,1.0,3.0,36,12,30,13335156.36,27,3,1,1095335.3,27,9499141.54,30,22,26,80116.20166666666,94509.084,0.0,1.0,24,3,0.0,0.0,679805.7033333334,518646.81499999994,874599.2293333333,512146.92416666663,869029.036875,512146.92416666663,728705.3441071429,586367.7383333334,444505.212,351820.057037037,0
PRAC-1112,Drishya Choudhury,MCI/MAH/52538,3960444397,2027-12-05,1963-10-04,Male,930378377425,99952715624,drishya.doc47@clinic.com,466- Loke Chowk,0,Pune,Maharashtra,472295,General Practice,General Surgery,208D00000X,Maulana Azad Medical College,1991,HOSP-0021,N,2023-10-30,Active,0,2.0,412319.73,2.0,0.0,0.0,0.0,2.0,88619.2,2.0,2.0,2.0,54694.985,43798.84,0.0,0.0,2.0,0.0,3.0,758310.44,3.0,0.0,0.0,0.0,3.0,385012.2,3.0,3.0,3.0,46779.22666666666,70909.14,0.0,0.0,3.0,0.0,5,1584762.57,4,1,0,0.0,5,981982.23,5,5,5,63705.68000000001,99578.61000000002,0.0,0.0,4,1,8,1743867.42,7,1,1,54840.7,7,1065833.53,8,8,8,41274.4525,65860.32250000001,0.0,1.0,6,1,58,37404303.47,42,16,4,1532213.0299999998,47,27858785.11,58,33,51,119614.63603448277,128574.48948275862,1.0,3.0,34,13,23,20789534.69,17,6,3,1163620.65,18,15610242.09,23,19,22,201291.67608695652,121929.33652173913,1.0,2.0,13,5,206159.865,44309.6,252770.14666666664,128337.40000000001,316952.514,196396.446,217983.4275,152261.93285714285,644901.7839655172,592740.1087234042,903892.8126086957,867235.6716666666,0
PRAC-1113,Jhanvi Sha,MCI/WES/79775,5907555453,2026-09-14,1969-10-26,Male,202421195278,98191349124,jhanvi.doc27@clinic.com,674- Goyal Nagar,0,Howrah,West Bengal,722434,Oncology,Pediatrics,207R00000X,JIPMER,1998,HOSP-0035,Y,2008-07-10,Active,0,1.0,223037.9,0.0,1.0,0.0,0.0,1.0,332243.73,1.0,1.0,1.0,47712.16,10012.36,0.0,0.0,0.0,1.0,4.0,5803280.74,2.0,2.0,1.0,404881.09,3.0,5114748.76,4.0,4.0,4.0,351260.3975,358089.31749999995,0.0,1.0,1.0,2.0,10,6741753.86,7,3,2,479305.34,6,5716782.79,10,10,10,168341.152,160160.906,0.0,2.0,3,3,12,6844809.73,8,4,3,495610.84,7,5789771.66,12,11,12,140719.75,135189.6525,0.0,3.0,3,4,48,36862739.49,42,6,6,2388398.44,37,26527003.04,48,29,39,160290.74041666667,163153.51645833332,0.0,6.0,32,5,25,11541199.68,20,5,1,493640.13,24,9405849.21,25,16,24,87562.9224,103882.09240000001,0.0,1.0,19,5,223037.9,332243.73,1450820.185,1704916.2533333332,674175.386,952797.1316666667,570400.8108333334,827110.2371428572,767973.739375,716946.0281081081,461647.9872,391910.38375000004,0
PRAC-1114,Oorja Som,MCI/WES/19430,7191862639,2029-06-14,1990-07-28,Other,606568520111,99057945041,oorja.doc34@clinic.com,620- Deo Circle,0,Howrah,West Bengal,751281,Dermatology,General Practice,207N00000X,Armed Forces Medical College,2016,HOSP-0009,N,2023-12-30,Under Review,0,0.0,0.0,0.0,0.0,0.0,0.0,0.0,0.0,0.0,0.0,0.0,0.0,0.0,0.0,0.0,0.0,0.0,1.0,823238.19,1.0,0.0,0.0,0.0,1.0,617224.17,1.0,1.0,1.0,183610.35,220014.6,0.0,0.0,1.0,0.0,9,5891547.2299999995,6,3,0,0.0,9,5096626.13,9,8,9,54415.10555555556,139118.36666666667,0.0,0.0,6,3,11,6812347.01,7,4,0,0.0,11,5926895.1,11,10,11,68262.09727272727,130369.32818181817,0.0,0.0,7,4,53,36189611.96,43,10,2,312926.72,44,28336576.61,53,32,44,143672.26283018867,129252.87867924529,0.0,2.0,34,10,24,16337391.620000001,18,6,2,771637.44,20,12008527.11,24,19,24,112096.86499999999,135373.82458333333,1.0,1.0,16,4,0.0,0.0,823238.19,617224.17,654616.3588888888,566291.7922222222,619304.2736363636,538808.6454545454,682822.8671698114,644013.1047727272,680724.6508333334,600426.3555,0
PRAC-1115,Yuvraj  Sathe,MCI/DEL/23739,2395005168,2026-07-06,1968-06-25,Male,321960813265,97846522007,yuvraj.doc31@clinic.com,86/62 Johal Street,Divan Marg,New Delhi,Delhi,110000,Dermatology,Orthopedic Surgery,207N00000X,JIPMER,1993,HOSP-0044,N,2021-09-03,Active,0,0.0,0.0,0.0,0.0,0.0,0.0,0.0,0.0,0.0,0.0,0.0,0.0,0.0,0.0,0.0,0.0,0.0,1.0,153848.72,1.0,0.0,0.0,0.0,0.0,0.0,1.0,1.0,1.0,59471.86,8262.59,0.0,0.0,0.0,0.0,6,1748032.36,6,0,1,885085.29,3,465741.77,6,6,6,107307.83833333333,32695.245,0.0,1.0,3,0,8,2115889.74,6,2,1,885085.29,5,751854.24,8,8,8,87224.86374999999,38388.978749999995,0.0,1.0,3,2,56,33262003.19,47,9,0,0.0,52,23432152.73,56,34,50,102349.83160714286,156867.86732142858,0.0,0.0,43,9,24,20342456.48,16,8,1,190361.19,21,15703110.57,24,22,21,197931.89375000002,164816.75041666665,0.0,1.0,13,8,0.0,0.0,153848.72,0.0,291338.7266666667,155247.25666666668,264486.2175,150370.848,593964.3426785715,450618.32173076924,847602.3533333334,747767.17,0
PRAC-1116,Riaan Chad,MCI/DEL/99652,8996594469,2026-03-28,1962-08-01,Other,500282307700,99611451539,riaan.doc17@clinic.com,H.No. 10- Kala Circle,Lad Circle,New Delhi,Delhi,110052,General Surgery,Pediatrics,208600000X,All India Institute of Medical Sciences,1987,HOSP-0044,N,2013-08-13,Active,0,1.0,438500.15,1.0,0.0,0.0,0.0,1.0,382663.77,1.0,1.0,1.0,101341.05,69218.86,0.0,0.0,1.0,0.0,3.0,1849177.17,3.0,0.0,0.0,0.0,3.0,1675118.5100000002,3.0,3.0,3.0,139025.30333333332,150579.45666666667,0.0,0.0,3.0,0.0,10,6809973.53,9,1,1,603871.71,8,4787716.53,10,9,10,154396.752,158184.826,1.0,0.0,8,0,15,9956043.24,11,4,2,896906.73,12,7346103.16,15,14,15,143221.87333333335,145075.644,1.0,1.0,9,3,66,35787402.09,44,22,9,4213465.600000001,52,25538260.07,66,37,53,118454.68636363636,88137.48424242424,3.0,6.0,35,17,33,18404997.47,20,13,1,162460.27,30,14786431.870000001,33,23,29,135556.7384848485,100718.71212121213,0.0,1.0,19,11,438500.15,382663.77,616392.39,558372.8366666668,680997.353,598464.56625,663736.216,612175.2633333333,542233.3650000001,491120.3859615385,557727.196060606,492881.06233333336,0
PRAC-1117,Priyansh Handa,MCI/KAR/85983,9728967343,2030-05-12,1974-11-29,Other,650622506947,99283832355,priyansh.doc80@clinic.com,79/10 Malhotra Zila,0,Mysore,Karnataka,568242,Neurology,General Practice,2084N0400X,Christian Medical College,1999,HOSP-0004,Y,2008-09-30,Inactive,0,2.0,257229.99,1.0,1.0,0.0,0.0,2.0,0.0,2.0,1.0,1.0,28056.71,20931.575,0.0,0.0,1.0,1.0,2.0,257229.99,1.0,1.0,0.0,0.0,2.0,0.0,2.0,1.0,1.0,28056.71,20931.575,0.0,0.0,1.0,1.0,8,2633336.8,4,4,0,0.0,8,2031459.8699999999,8,7,7,60339.011249999996,26797.829999999998,0.0,0.0,4,4,11,4791161.71,6,5,0,0.0,11,3841041.54,11,9,10,95651.61454545455,45825.553636363635,0.0,0.0,6,5,51,47380299.61,39,12,5,3370054.87,46,38226201.88,51,31,43,184497.6739215686,192845.01784313726,2.0,3.0,36,10,18,10408313.44,14,4,4,1691908.0699999998,12,6321228.08,18,17,17,120832.95722222222,68952.76277777778,1.0,3.0,9,3,128614.995,0.0,128614.995,0.0,329167.1,253932.48374999998,435560.15545454546,349185.59454545454,929025.4825490196,831004.3886956522,578239.6355555556,526769.0066666667,0
PRAC-1118,Nishith Raja,MCI/TAM/83782,4776859920,2026-10-21,1991-11-05,Other,807834513644,99966635327,nishith.doc8@clinic.com,00/581 Devi Zila,0,Chennai,Tamil Nadu,643879,Dermatology,Orthopedic Surgery,207N00000X,JIPMER,2020,HOSP-0012,Y,2023-10-28,Active,0,0.0,0.0,0.0,0.0,0.0,0.0,0.0,0.0,0.0,0.0,0.0,0.0,0.0,0.0,0.0,0.0,0.0,2.0,2644716.44,1.0,1.0,1.0,1305613.78,0.0,0.0,2.0,2.0,2.0,24612.28,247884.05,1.0,0.0,0.0,0.0,8,6287956.19,3,5,1,1305613.78,6,2896353.41,8,8,8,63287.65125,183291.5875,1.0,0.0,2,4,10,6711874.92,5,5,1,1305613.78,8,3274073.83,10,10,10,65345.83400000001,151648.788,1.0,0.0,4,4,54,39162913.22,42,12,6,6066012.649999999,43,24161162.24,54,32,49,148550.6985185185,156269.81703703702,2.0,4.0,33,10,32,15270888.4,22,10,3,1994406.27,28,11443521.75,32,26,27,78246.6640625,92596.910625,0.0,3.0,19,9,0.0,0.0,1322358.22,0.0,785994.52375,482725.56833333336,671187.492,409259.22875,725239.1337037036,561887.4939534883,477215.2625,408697.20535714284,0
PRAC-1119,Ahana  Agarwal,MCI/WES/32290,9933955955,2029-06-06,1975-04-17,Female,826650370775,99013158142,ahana.doc58@clinic.com,651- Vaidya Chowk,Rajan Zila,Kolkata,West Bengal,794383,Orthopedic Surgery,Neurology,207X00000X,Armed Forces Medical College,2000,HOSP-0002,Y,2016-12-15,Active,0,1.0,142752.73,0.0,1.0,0.0,0.0,1.0,0.0,1.0,1.0,1.0,25660.91,26226.95,0.0,0.0,0.0,1.0,4.0,6889929.19,2.0,2.0,0.0,0.0,4.0,5288655.279999999,4.0,4.0,4.0,179500.0525,185617.5975,0.0,0.0,2.0,2.0,10,10504004.790000001,7,3,1,901001.0,8,7481427.6,10,9,10,136112.546,158707.731,0.0,1.0,5,3,14,11489877.67,9,5,1,901001.0,12,8207052.18,14,12,14,111815.7607142857,135603.57785714287,0.0,1.0,7,5,56,42379358.52,44,12,4,4111204.01,48,31471524.62,56,33,51,170762.29214285713,122991.08714285714,1.0,3.0,38,10,31,26527659.14,27,4,5,6331416.59,23,13019602.86,31,23,27,164025.36483870968,114034.49838709677,0.0,5.0,19,4,142752.73,0.0,1722482.2975,1322163.8199999998,1050400.479,935178.45,820705.5478571429,683921.015,756774.2592857144,655656.7629166667,855730.9400000001,566069.6895652174,0
PRAC-1120,Miraya Dube,MCI/WES/59446,6123743256,2027-10-08,1986-03-24,Other,710997114926,99265098773,miraya.doc39@clinic.com,H.No. 739- Khare Path,0,Kolkata,West Bengal,766363,Orthopedic Surgery,General Surgery,207X00000X,JIPMER,2014,HOSP-0009,Y,2022-06-25,Active,0,0.0,0.0,0.0,0.0,0.0,0.0,0.0,0.0,0.0,0.0,0.0,0.0,0.0,0.0,0.0,0.0,0.0,3.0,2125217.01,2.0,1.0,0.0,0.0,2.0,1463362.26,3.0,3.0,3.0,190691.90666666665,59442.80666666667,0.0,0.0,1.0,1.0,11,5624112.21,7,4,2,477600.82,8,3957388.46,11,9,11,120003.30272727273,65003.299090909095,1.0,1.0,5,3,16,8079795.109999999,11,5,2,477600.82,12,4979949.26,16,14,15,106065.36125,73339.281875,1.0,1.0,9,3,50,32383097.5,36,14,2,1949060.06,44,23034411.4,50,33,43,171923.69879999998,117173.45019999999,0.0,2.0,31,13,24,15432955.459999999,19,5,3,1714566.67,18,11506574.370000001,24,20,23,184800.61833333332,103875.42916666665,0.0,3.0,14,4,0.0,0.0,708405.6699999999,731681.13,511282.92818181816,494673.5575,504987.19437499996,414995.77166666667,647661.95,523509.35,643039.8108333333,639254.1316666667,0
PRAC-1121,Renee Lad,MCI/KAR/39774,2445352044,2030-05-25,1968-06-17,Female,676008759836,99316051027,renee.doc66@clinic.com,H.No. 830- Bora Nagar,0,Bangalore,Karnataka,567391,General Practice,0,208D00000X,All India Institute of Medical Sciences,1995,HOSP-0012,N,1999-10-09,Active,0,0.0,0.0,0.0,0.0,0.0,0.0,0.0,0.0,0.0,0.0,0.0,0.0,0.0,0.0,0.0,0.0,0.0,2.0,1013176.6,2.0,0.0,0.0,0.0,2.0,783778.3300000001,2.0,2.0,2.0,107461.06,103526.405,0.0,0.0,2.0,0.0,10,6995797.79,7,3,0,0.0,9,5225361.71,10,8,10,113514.28899999999,154373.36599999998,0.0,0.0,6,3,14,10725243.26,10,4,0,0.0,13,8125258.93,14,11,14,175637.33357142858,121371.37,0.0,0.0,9,4,67,36367106.68,45,22,6,2211790.7399999998,55,26679335.64,67,34,53,105407.31134328358,94381.05671641791,2.0,4.0,36,19,32,21715854.76,23,9,1,1790006.61,30,15243907.64,32,23,30,158905.65875,143451.33406249998,0.0,1.0,21,9,0.0,0.0,506588.3,391889.16500000004,699579.779,580595.7455555556,766088.8042857143,625019.9176923076,542792.6370149254,485078.8298181818,678620.46125,508130.2546666667,0
PRAC-1122,Ahana  Keer,MCI/TAM/71991,1842205283,2030-05-30,1974-05-30,Male,674925033749,97636346899,ahana.doc85@clinic.com,63/49- Divan Marg,Date Circle,Coimbatore,Tamil Nadu,656547,Pediatrics,Neurology,208000000X,Armed Forces Medical College,2000,HOSP-0035,N,2003-02-03,Active,0,1.0,169355.36,1.0,0.0,0.0,0.0,1.0,139849.68,1.0,1.0,1.0,39232.04,14375.27,0.0,0.0,1.0,0.0,2.0,683165.88,2.0,0.0,0.0,0.0,2.0,620580.39,2.0,2.0,2.0,67954.995,62039.655,0.0,0.0,2.0,0.0,6,3376009.5300000003,5,1,0,0.0,5,2798343.51,6,6,6,147109.05666666667,84953.57166666667,0.0,0.0,4,1,10,5478820.1,8,2,0,0.0,8,3625983.46,10,9,10,108459.58,94361.534,0.0,0.0,7,1,54,47031751.32,41,13,3,1540193.7000000002,47,37196002.21,54,37,46,195525.63703703706,182654.81814814813,1.0,2.0,37,10,28,20945179.04,25,3,2,1611818.2,24,15976053.149999999,28,24,27,187699.2507142857,140951.45892857143,0.0,2.0,21,3,169355.36,139849.68,341582.94,310290.195,562668.255,559668.7019999999,547882.01,453247.9325,870958.3577777778,791404.3023404256,748042.1085714286,665668.88125,0
PRAC-1123,Aarav D’Alia,MCI/KAR/42565,1694752369,2029-08-25,1988-03-31,Female,38416113150,99356236009,aarav.doc65@clinic.com,66/807 Kashyap Ganj,0,Mysore,Karnataka,560817,Dermatology,General Surgery,207N00000X,Armed Forces Medical College,2016,HOSP-0012,N,2018-09-28,Active,0,1.0,351669.51,0.0,1.0,0.0,0.0,1.0,318628.46,1.0,1.0,1.0,31514.59,143762.82,0.0,0.0,0.0,1.0,2.0,3700055.0599999996,1.0,1.0,0.0,0.0,2.0,3148455.71,2.0,2.0,2.0,19651.67,798191.685,0.0,0.0,1.0,1.0,8,7217390.41,6,2,1,263179.12,7,5848191.01,8,8,6,81123.6125,322851.74875,0.0,1.0,5,2,11,9644514.34,9,2,1,263179.12,9,7439635.62,11,10,9,105299.64909090911,263560.4109090909,0.0,1.0,7,2,71,54119112.78,50,21,5,8330580.96,61,37983340.11,67,34,59,134604.6109859155,110166.8695774648,2.0,3.0,42,19,37,18716473.76,30,7,3,1933780.7999999998,29,11234822.57,37,25,32,105633.9172972973,98655.72837837838,0.0,3.0,23,6,351669.51,318628.46,1850027.5299999998,1574227.855,902173.80125,835455.8585714286,876774.0309090909,826626.18,762241.0250704226,622677.7067213114,505850.6421621622,387407.6748275862,0
PRAC-1124,Aarna Acharya,MCI/MAH/33982,8895742206,2026-01-06,1962-04-21,Other,132605335713,97812076195,aarna.doc87@clinic.com,280- Dani Path,Singh Street,Nagpur,Maharashtra,406925,Oncology,Orthopedic Surgery,207R00000X,Kasturba Medical College,1990,HOSP-0032,N,2017-02-17,Active,0,0.0,0.0,0.0,0.0,0.0,0.0,0.0,0.0,0.0,0.0,0.0,0.0,0.0,0.0,0.0,0.0,0.0,2.0,799573.86,1.0,1.0,0.0,0.0,1.0,272026.27,2.0,2.0,2.0,87964.48999999999,55618.810000000005,0.0,0.0,1.0,0.0,9,2117704.01,8,1,0,0.0,8,1469150.58,9,8,8,39204.09888888888,49972.433333333334,0.0,0.0,8,0,17,10258870.28,13,4,0,0.0,16,8539960.81,17,14,16,78441.31176470587,130776.18647058823,0.0,0.0,13,3,44,48412524.51,33,11,1,551810.75,41,37654423.65,44,32,39,218610.62386363634,239157.7377272727,0.0,1.0,30,11,24,16839063.57,20,4,2,1929936.3199999998,21,12177729.120000001,24,21,24,140131.54333333333,153440.13541666666,0.0,2.0,18,3,0.0,0.0,399786.93,272026.27,235300.44555555552,183643.8225,603462.9576470588,533747.550625,1100284.6479545454,918400.5768292682,701627.64875,579891.8628571429,0
PRAC-1125,Aniruddh Sidhu,MCI/TAM/13539,9387827965,2028-05-03,1993-04-11,Female,897385326997,99788433326,aniruddh.doc40@clinic.com,90- Rau Chowk,0,Coimbatore,Tamil Nadu,657303,General Surgery,Dermatology,208600000X,Christian Medical College,2021,HOSP-0036,N,2023-03-27,Active,0,0.0,0.0,0.0,0.0,0.0,0.0,0.0,0.0,0.0,0.0,0.0,0.0,0.0,0.0,0.0,0.0,0.0,2.0,4029732.46,1.0,1.0,1.0,3405165.17,1.0,595947.88,2.0,2.0,2.0,167016.35,179178.02500000002,1.0,0.0,1.0,0.0,7,6494902.33,5,2,1,3405165.17,6,2941654.36,7,7,7,127114.75285714286,104949.59714285714,1.0,0.0,5,1,8,8196436.39,6,2,1,3405165.17,7,4594635.96,8,8,8,215782.3625,92575.535,1.0,0.0,6,1,57,37901911.75,41,16,6,1999643.7600000002,49,28542980.46,57,36,50,161543.86368421055,107402.2703508772,1.0,5.0,34,15,28,19080884.47,22,6,1,61574.85,26,15930073.27,28,21,26,142547.605,163400.10392857142,1.0,0.0,21,5,0.0,0.0,2014866.23,595947.88,927843.1900000001,490275.7266666666,1024554.54875,656376.5657142857,664945.8201754387,582509.8053061225,681460.1596428572,612695.1257692308,0
PRAC-1126,Taimur Lanka,MCI/MAH/43080,4422672105,2028-02-08,1963-05-19,Other,831122587943,97354083646,taimur.doc80@clinic.com,H.No. 61- Rajan,Buch,Nagpur,Maharashtra,478912,General Surgery,Cardiology,208600000X,JIPMER,1989,HOSP-0029,N,2015-07-21,Active,0,1.0,65581.45,0.0,1.0,0.0,0.0,1.0,0.0,1.0,1.0,1.0,7715.11,25099.8,0.0,0.0,0.0,1.0,4.0,745763.24,3.0,1.0,0.0,0.0,4.0,516643.8,4.0,4.0,4.0,57701.1575,34492.3625,0.0,0.0,3.0,1.0,7,2460037.11,6,1,0,0.0,7,2080170.05,7,7,7,76933.72,48979.032857142854,0.0,0.0,6,1,10,3780629.66,9,1,0,0.0,10,3368576.25,10,10,10,69277.896,94414.941,0.0,0.0,9,1,55,27915306.66,40,15,5,5129931.029999999,46,15246435.13,55,36,44,113186.45381818182,124251.55472727273,3.0,2.0,34,12,39,29859549.94,30,9,2,3046828.28,35,21145509.37,39,30,38,160677.68692307692,163962.66897435897,0.0,2.0,26,9,65581.45,0.0,186440.81,129160.95,351433.8728571428,297167.15,378062.966,336857.625,507551.0301818182,331444.24195652176,765629.4856410257,604157.4105714286,0
PRAC-1127,Mishti Mahal,MCI/TAM/69620,3309404918,2030-03-03,1980-02-08,Male,466556047974,99790636187,mishti.doc53@clinic.com,49 Keer Nagar,Swamy Marg,Chennai,Tamil Nadu,649259,Dermatology,Oncology,207N00000X,JIPMER,2004,HOSP-0043,Y,2012-06-07,Active,0,0.0,0.0,0.0,0.0,0.0,0.0,0.0,0.0,0.0,0.0,0.0,0.0,0.0,0.0,0.0,0.0,0.0,1.0,859396.75,1.0,0.0,0.0,0.0,1.0,644125.68,1.0,1.0,1.0,320967.09,261463.48,0.0,0.0,1.0,0.0,7,5255024.83,5,2,0,0.0,7,4576388.83,7,7,7,120428.49285714285,257805.3057142857,0.0,0.0,5,2,9,5956778.82,6,3,0,0.0,9,5269279.01,9,9,9,106976.48777777777,217721.80444444445,0.0,0.0,6,3,63,54443171.03,48,15,9,2823665.3299999996,50,38899371.07,63,35,56,145335.12206349205,149285.69793650796,3.0,6.0,40,10,36,31075711.45,26,10,4,2906933.91,30,23252237.05,36,25,34,174801.66722222223,138463.45583333334,0.0,4.0,20,10,0.0,0.0,859396.75,644125.68,750717.8328571429,653769.8328571429,661864.3133333334,585475.4455555555,864177.317936508,777987.4214,863214.2069444444,775074.5683333334,0
PRAC-1128,Akarsh Varma,MCI/MAH/79340,995395078,2028-08-20,1974-08-03,Other,627897641810,97536641096,akarsh.doc84@clinic.com,H.No. 338 Gaba Marg,0,Nagpur,Maharashtra,430012,General Practice,0,208D00000X,Christian Medical College,1999,HOSP-0046,Y,2013-04-17,Active,0,0.0,0.0,0.0,0.0,0.0,0.0,0.0,0.0,0.0,0.0,0.0,0.0,0.0,0.0,0.0,0.0,0.0,1.0,775876.59,1.0,0.0,0.0,0.0,1.0,725252.32,1.0,1.0,1.0,260885.73,915.68,0.0,0.0,1.0,0.0,7,5738640.76,6,1,1,605748.91,6,4053333.5,7,6,7,121203.54428571428,89239.94142857143,0.0,1.0,5,1,11,8605039.06,8,3,1,605748.91,10,6461520.37,11,10,11,110940.61454545455,84996.62727272727,0.0,1.0,7,3,62,50973530.55,46,16,2,2962025.17,55,32989892.84,62,37,49,169024.90935483872,179624.7691935484,0.0,2.0,39,16,33,31871850.98,23,10,2,6756711.7,29,21769746.5,33,26,31,219782.14333333334,200864.5703030303,2.0,0.0,21,8,0.0,0.0,775876.59,725252.32,819805.8228571428,675555.5833333334,782276.2781818182,646152.037,822153.718548387,599816.2334545455,965813.666060606,750680.9137931034,0
PRAC-1129,Nirvaan Ben,MCI/WES/95604,7498280424,2030-06-07,1976-11-28,Male,511489505783,97081431831,nirvaan.doc70@clinic.com,H.No. 864 Kumar,Halder Ganj,Howrah,West Bengal,780157,Cardiology,Dermatology,207R00000X,Maulana Azad Medical College,2002,HOSP-0026,Y,2018-02-15,Active,0,0.0,0.0,0.0,0.0,0.0,0.0,0.0,0.0,0.0,0.0,0.0,0.0,0.0,0.0,0.0,0.0,0.0,1.0,300019.98,1.0,0.0,0.0,0.0,1.0,292047.66,1.0,1.0,1.0,19948.11,35640.19,0.0,0.0,1.0,0.0,9,4301231.6,8,1,0,0.0,9,3946252.41,9,8,9,105648.33444444445,125882.77444444444,0.0,0.0,8,1,13,5783416.51,12,1,0,0.0,12,5133625.29,13,11,13,93873.05923076923,107011.86615384616,0.0,0.0,11,1,53,44878646.5,43,10,5,3963696.89,44,32404147.38,53,33,49,229799.12056603775,190409.74264150942,1.0,4.0,35,9,19,13637870.95,13,6,0,0.0,15,9550092.370000001,19,15,17,164474.03578947368,142813.64631578946,0.0,0.0,12,3,0.0,0.0,300019.98,292047.66,477914.62222222215,438472.49,444878.1930769231,427802.1075,846766.9150943396,736457.895,717782.6815789473,636672.8246666667,0
PRAC-1130,Shaan Wagle,MCI/TAM/92574,6136555425,2030-06-03,1961-12-30,Other,869788190498,97579936611,shaan.doc46@clinic.com,H.No. 92 Dubey,0,Coimbatore,Tamil Nadu,639937,Cardiology,0,207R00000X,All India Institute of Medical Sciences,1986,HOSP-0025,Y,1991-02-10,Under Review,0,0.0,0.0,0.0,0.0,0.0,0.0,0.0,0.0,0.0,0.0,0.0,0.0,0.0,0.0,0.0,0.0,0.0,1.0,41035.84,1.0,0.0,0.0,0.0,1.0,37976.85,1.0,1.0,1.0,1787.8,3704.52,0.0,0.0,1.0,0.0,6,3766023.57,4,2,0,0.0,6,3400325.9800000004,6,6,6,115445.82833333332,69442.36166666668,0.0,0.0,4,2,13,7727620.26,9,4,0,0.0,11,5393242.59,13,11,13,108049.68615384615,83934.69153846154,0.0,0.0,8,3,70,52829732.96,58,12,3,1840790.85,60,40297346.06,70,38,59,155291.86014285713,144646.57685714285,1.0,2.0,51,9,36,20310420.11,25,11,2,260629.52000000002,32,16596075.53,36,30,33,108664.58388888888,123576.80972222223,0.0,2.0,22,10,0.0,0.0,41035.84,37976.85,627670.595,566720.9966666667,594432.3276923076,490294.7809090909,754710.4708571428,671622.4343333334,564178.3363888889,518627.3603125,0
PRAC-1131,Rhea Varughese,MCI/DEL/82196,6341610942,2030-07-31,1976-11-03,Other,703780901371,97931707727,rhea.doc99@clinic.com,51 Dass Road,Sehgal Ganj,New Delhi,Delhi,110037,Dermatology,Orthopedic Surgery,207N00000X,Armed Forces Medical College,2006,HOSP-0034,N,2020-06-16,Active,0,39.0,6094308.01,26.0,13.0,0.0,0.0,39.0,16413272.23,39.0,29.0,1.0,29226.22666666667,32484.856666666663,0.0,0.0,26.0,13.0,87.0,14525898.28,61.0,26.0,1.0,613854.21,86.0,39247355.49,87.0,40.0,5.0,31327.731494252876,36016.627471264364,0.0,1.0,60.0,26.0,88,15467772.65,62,26,2,1555728.58,86,39247355.49,88,41,6,31706.874204545456,39198.37522727273,0.0,2.0,60,26,93,19646461.62,65,28,4,2795035.43,89,41925688.35,93,41,11,47133.77634408602,42821.31419354839,2.0,2.0,63,26,48,33871533.04,39,9,5,1424722.73,40,22080567.51,48,32,42,143327.33541666667,128591.0225,0.0,5.0,31,9,38,24588356.86,28,10,3,510944.03,32,16317668.91,38,30,37,97649.05236842105,164070.2692105263,1.0,2.0,24,8,156264.30794871793,420853.13410256413,166964.348045977,456364.5987209303,175770.14375000002,456364.5987209303,211252.27548387097,471075.15,705656.9383333334,552014.18775,647062.022631579,509927.1534375,0
PRAC-1132,Ranbir Bala,MCI/WES/17098,5504795965,2027-10-21,1977-05-09,Other,724899966046,99252055056,ranbir.doc54@clinic.com,369- Singhal,0,Kolkata,West Bengal,704939,Pediatrics,General Practice,208000000X,JIPMER,2006,HOSP-0040,N,2012-10-07,Active,0,0.0,0.0,0.0,0.0,0.0,0.0,0.0,0.0,0.0,0.0,0.0,0.0,0.0,0.0,0.0,0.0,0.0,4.0,1134710.37,4.0,0.0,1.0,126777.41,3.0,790979.03,4.0,4.0,4.0,68206.4475,45514.475,0.0,1.0,3.0,0.0,12,4210603.95,12,0,1,126777.41,10,2775681.82,12,11,12,80940.855,58360.46333333334,0.0,1.0,10,0,16,5913408.94,14,2,1,126777.41,14,4115728.05,16,13,16,88062.959375,61058.336875,0.0,1.0,12,2,51,36873968.38,42,9,3,1603979.02,46,27884349.61,51,33,45,162382.70882352942,137073.47098039216,0.0,3.0,37,9,33,17306987.91,16,17,4,2971694.37,28,12063867.540000001,33,19,29,106286.55606060606,126037.99393939394,0.0,4.0,11,17,0.0,0.0,283677.5925,263659.6766666667,350883.66250000003,277568.182,369588.05875,293980.575,723018.9878431374,606181.5132608695,524454.1790909091,430852.41214285715,0
PRAC-1133,Shayak Balan,MCI/TAM/18150,3247121112,2026-01-29,1984-03-31,Other,555887224204,97386250515,shayak.doc57@clinic.com,H.No. 71- Shankar Ganj,0,Chennai,Tamil Nadu,684896,Orthopedic Surgery,Oncology,207X00000X,Maulana Azad Medical College,2011,HOSP-0001,Y,2017-05-23,Active,0,1.0,638790.97,1.0,0.0,0.0,0.0,1.0,537218.77,1.0,1.0,1.0,224275.89,51290.89,0.0,0.0,1.0,0.0,1.0,638790.97,1.0,0.0,0.0,0.0,1.0,537218.77,1.0,1.0,1.0,224275.89,51290.89,0.0,0.0,1.0,0.0,6,3659994.91,5,1,0,0.0,5,2940517.5100000002,6,6,6,136388.71333333335,166989.99833333332,0.0,0.0,4,1,11,5515607.75,8,3,1,825263.49,8,3784562.29,11,10,11,102535.33818181818,128320.63818181818,0.0,1.0,6,2,57,36714638.06,39,18,3,2177246.34,51,23318234.0,57,37,51,130089.7850877193,145619.3901754386,0.0,3.0,34,17,44,26703809.9,29,15,2,118450.73999999999,39,21062553.91,44,30,41,130999.75045454544,146841.5697727273,1.0,1.0,26,13,638790.97,537218.77,638790.97,537218.77,609999.1516666667,588103.5020000001,501418.88636363635,473070.28625,644116.4571929825,457220.2745098039,606904.7704545454,540065.4848717948,0
PRAC-1134,Kaira Desai,MCI/MAH/55897,1128105712,2030-03-16,1969-03-30,Other,595198513557,99373672326,kaira.doc25@clinic.com,H.No. 95 Goel Circle,Bora,Pune,Maharashtra,498200,Oncology,Neurology,207R00000X,Kasturba Medical College,1997,HOSP-0050,N,2023-09-20,Active,0,1.0,80816.52,0.0,1.0,0.0,0.0,1.0,327039.39,1.0,1.0,1.0,16203.26,15988.86,0.0,0.0,0.0,1.0,1.0,80816.52,0.0,1.0,0.0,0.0,1.0,327039.39,1.0,1.0,1.0,16203.26,15988.86,0.0,0.0,0.0,1.0,10,4578486.48,8,2,1,172395.24,8,3715012.02,10,8,10,54532.915,100519.721,0.0,1.0,6,2,13,7784251.77,10,3,1,172395.24,10,6277149.9399999995,13,10,12,123199.0123076923,120491.43384615384,0.0,1.0,7,3,53,34799697.43,42,11,4,3840978.5700000003,44,24307812.66,53,33,44,145655.63301886793,123581.38396226417,0.0,4.0,34,10,30,15562583.99,27,3,2,284241.9,27,11937566.370000001,30,23,25,107723.52799999999,118975.52633333333,0.0,2.0,24,3,80816.52,327039.39,80816.52,327039.39,457848.64800000004,464376.5025,598788.5976923077,627714.994,656598.0647169811,552450.2877272727,518752.79966666666,442132.0877777778,0
PRAC-1135,Misha Ravi,MCI/WES/25494,2742588283,2027-09-14,1985-08-13,Male,703700342514,97303129549,misha.doc77@clinic.com,02/238 Taneja,0,Kolkata,West Bengal,719382,General Surgery,Oncology,208600000X,Maulana Azad Medical College,2009,HOSP-0006,N,2011-01-27,Active,0,1.0,194518.01,0.0,1.0,0.0,0.0,1.0,0.0,1.0,1.0,1.0,31946.61,85099.0,0.0,0.0,0.0,1.0,4.0,1051865.24,1.0,3.0,0.0,0.0,3.0,348107.16000000003,4.0,3.0,3.0,46995.87,74648.535,0.0,0.0,1.0,2.0,7,3327198.29,4,3,0,0.0,5,1812341.21,7,6,6,102695.6557142857,93580.40571428572,0.0,0.0,3,2,14,9061544.22,9,5,0,0.0,11,6645533.49,14,12,12,164003.8414285714,102309.60357142857,0.0,0.0,8,3,57,40488702.56,48,9,3,785565.54,49,32497972.84,57,34,51,140670.76228070175,160819.13649122807,1.0,2.0,42,7,32,22468576.21,22,10,1,145882.52,30,19546766.63,32,27,31,134250.4465625,123223.93125,0.0,1.0,21,9,194518.01,0.0,262966.31,116035.72000000002,475314.04142857145,362468.24199999997,647253.1585714286,604139.4081818182,710328.1150877193,663223.935510204,702143.0065625,651558.8876666666,0
PRAC-1136,Neelofar Raman,MCI/DEL/58822,2677687397,2025-09-23,1975-06-04,Male,108122664739,98382411277,neelofar.doc22@clinic.com,10- Shanker Path,0,New Delhi,Delhi,110025,Cardiology,Neurology,207R00000X,Christian Medical College,2002,HOSP-0034,N,2021-12-28,Active,0,1.0,128442.31,1.0,0.0,0.0,0.0,1.0,120924.02,1.0,1.0,1.0,38171.48,25387.12,0.0,0.0,1.0,0.0,1.0,128442.31,1.0,0.0,0.0,0.0,1.0,120924.02,1.0,1.0,1.0,38171.48,25387.12,0.0,0.0,1.0,0.0,5,5958937.800000001,5,0,0,0.0,5,5467988.77,5,5,5,59182.295999999995,198250.396,0.0,0.0,5,0,8,6555306.5200000005,6,2,0,0.0,8,5981758.63,8,8,8,54744.47625,139079.6025,0.0,0.0,6,2,71,47852403.98,56,15,9,3758126.43,47,22256653.71,71,36,58,136193.9585915493,148767.44070422536,3.0,6.0,39,8,33,20911927.83,28,5,0,0.0,30,13341315.4,33,22,31,133386.8790909091,117904.18212121211,0.0,0.0,25,5,128442.31,120924.02,128442.31,120924.02,1191787.56,1093597.754,819413.3150000001,747719.82875,673977.5208450704,473545.8236170213,633694.7827272727,444710.51333333337,0
PRAC-1137,Aaryahi Wason,MCI/WES/33203,5316296922,2029-01-26,1996-04-25,Other,878701456241,98336735633,aaryahi.doc15@clinic.com,47/68- Dar Zila,Chauhan Zila,Kolkata,West Bengal,782430,Dermatology,General Surgery,207N00000X,Maulana Azad Medical College,2020,HOSP-0047,N,2023-05-07,Active,0,1.0,147884.97,1.0,0.0,1.0,147884.97,0.0,0.0,1.0,1.0,1.0,52524.01,36047.77,0.0,1.0,0.0,0.0,2.0,298285.99,2.0,0.0,1.0,147884.97,1.0,143679.35,2.0,2.0,2.0,37519.975,41346.024999999994,0.0,1.0,1.0,0.0,5,1797625.2,4,1,1,147884.97,4,1557855.06,5,5,5,60909.831999999995,87604.358,0.0,1.0,3,1,12,7583265.33,10,2,2,849766.39,10,5653036.02,12,11,12,125161.55166666668,150312.67083333334,1.0,1.0,9,1,55,34030550.42,45,10,3,905540.7600000001,42,19597642.88,55,35,47,112774.17454545455,126697.44763636363,1.0,2.0,37,5,32,17110445.6,28,4,2,1592645.08,27,12178930.19,32,25,27,108804.93718749999,94960.610625,0.0,2.0,24,3,147884.97,0.0,149142.995,143679.35,359525.04,389463.765,631938.7775,565303.602,618737.2803636364,466610.54476190475,534701.425,451071.4885185185,0
PRAC-1138,Pihu Master,MCI/KAR/45807,5256861149,2028-03-11,1991-01-02,Male,297766762210,98902467719,pihu.doc94@clinic.com,H.No. 279 Chaudhuri Ganj,Gala Marg,Bangalore,Karnataka,589499,Orthopedic Surgery,Pediatrics,207X00000X,Kasturba Medical College,2017,HOSP-0036,N,2021-02-21,Inactive,0,1.0,696506.82,1.0,0.0,0.0,0.0,1.0,595784.38,1.0,1.0,1.0,34076.69,150558.97,0.0,0.0,1.0,0.0,3.0,1330688.8499999999,3.0,0.0,0.0,0.0,3.0,1162088.65,3.0,2.0,3.0,79724.51,87109.32333333333,0.0,0.0,3.0,0.0,9,11912794.35,9,0,1,1904103.7,7,7536102.38,9,7,9,182906.15222222224,479615.29000000004,0.0,1.0,7,0,13,14601789.2,13,0,1,1904103.7,11,9811250.19,13,10,13,163995.57230769232,365989.11307692307,0.0,1.0,11,0,61,35891522.35,36,25,9,6344773.6,51,24451620.93,61,35,52,118981.6924590164,106414.46262295081,3.0,6.0,29,22,39,29990266.22,27,12,3,2083610.1,32,20342456.14,39,24,31,174958.28846153847,143467.151025641,1.0,2.0,22,10,696506.82,595784.38,443562.94999999995,387362.8833333333,1323643.8166666667,1076586.0542857142,1123214.553846154,891931.8354545454,588385.612295082,479443.5476470588,768981.1851282051,635701.754375,0
PRAC-1139,Hridaan Dube,MCI/DEL/80372,158171225,2026-09-15,1989-03-14,Female,94155061189,99433540182,hridaan.doc4@clinic.com,20 Tailor Path,0,New Delhi,Delhi,110096,Orthopedic Surgery,Dermatology,207X00000X,Maulana Azad Medical College,2019,HOSP-0030,N,2022-02-10,Active,0,0.0,0.0,0.0,0.0,0.0,0.0,0.0,0.0,0.0,0.0,0.0,0.0,0.0,0.0,0.0,0.0,0.0,3.0,1308997.08,1.0,2.0,0.0,0.0,3.0,1061412.1099999999,3.0,3.0,3.0,166472.17333333334,63135.18,0.0,0.0,1.0,2.0,7,4161699.8200000003,2,5,2,1102958.16,5,2454509.24,7,7,7,165891.42285714284,56673.45285714285,1.0,1.0,1,4,8,4216089.21,2,6,2,1102958.16,6,2497156.85,8,8,8,147417.0275,50092.4625,1.0,1.0,1,5,63,40270231.84,44,19,1,1713751.85,56,31108669.02,63,41,53,138398.67650793653,152025.7333333333,1.0,0.0,43,13,27,12535598.73,20,7,4,1981581.5,19,6405208.62,27,21,25,81125.89148148148,74203.12148148149,0.0,4.0,13,6,0.0,0.0,436332.36000000004,353804.0366666666,594528.5457142858,490901.84800000006,527011.15125,416192.80833333335,639210.0292063493,555511.9467857142,464281.4344444445,337116.24315789476,0
PRAC-1140,Fateh Chowdhury,MCI/KAR/85458,4671707240,2026-10-06,1991-07-11,Male,698354520592,99863150266,fateh.doc79@clinic.com,H.No. 80 Chandran Road,0,Mysore,Karnataka,566934,General Surgery,Dermatology,208600000X,Christian Medical College,2017,HOSP-0030,Y,2023-04-10,Sanctioned,Ea dolores ullam necessitatibus eveniet quaerat dolore inventore aliquam cumque adipisci ducimus cum illum.,2.0,578263.97,0.0,2.0,0.0,0.0,2.0,1650420.78,2.0,1.0,1.0,32442.305,28669.295000000002,0.0,0.0,0.0,2.0,4.0,2569117.84,1.0,3.0,0.0,0.0,4.0,3268094.43,4.0,3.0,3.0,105254.045,108625.13,0.0,0.0,1.0,3.0,11,6180109.2,5,6,1,323915.25,9,5959425.91,11,10,9,79910.63272727272,121334.78909090908,0.0,1.0,3,6,17,10710628.22,11,6,2,1541199.49,12,7620866.25,17,15,14,88007.29470588235,141363.13999999998,0.0,2.0,6,6,42,22223590.31,30,12,1,489214.6,37,16960171.02,42,26,36,116958.0961904762,105105.62380952381,0.0,1.0,26,11,32,21368538.21,25,7,2,885824.85,29,17331673.81,32,20,29,123917.42625,148862.67125,1.0,1.0,23,6,289131.985,825210.39,642279.46,817023.6075,561828.1090909091,662158.4344444445,630036.9541176471,635072.1875,529133.1026190476,458383.00054054055,667766.8190625,597643.9244827586,0
PRAC-1141,Bhavin Kala,MCI/WES/98948,8142977470,2026-08-21,1983-08-05,Male,236653056267,97130716429,bhavin.doc5@clinic.com,H.No. 40- Bhatnagar Circle,Dey Chowk,Howrah,West Bengal,741919,Cardiology,Orthopedic Surgery,207R00000X,Kasturba Medical College,2013,HOSP-0023,Y,2016-02-02,Active,0,1.0,271519.64,0.0,1.0,0.0,0.0,1.0,213791.98,1.0,1.0,1.0,18913.4,94073.73,0.0,0.0,0.0,1.0,2.0,395447.77,1.0,1.0,0.0,0.0,2.0,317844.36,2.0,2.0,2.0,26312.83,52846.619999999995,0.0,0.0,1.0,1.0,10,4041246.37,6,4,0,0.0,10,3556996.2600000002,10,10,10,61505.81999999999,81076.79699999999,0.0,0.0,6,4,14,5503727.45,9,5,0,0.0,13,4665886.42,14,13,14,68243.26285714285,75481.49428571427,0.0,0.0,8,5,62,41266989.53,46,16,3,907303.71,55,32762319.3,61,36,50,139089.51516129033,134104.33370967742,1.0,2.0,41,14,33,32112771.22,22,11,0,0.0,32,26530298.68,32,24,26,164286.60090909092,178551.22333333333,0.0,0.0,22,10,271519.64,213791.98,197723.885,158922.18,404124.637,355699.62600000005,393123.3892857143,358914.33999999997,665596.6053225807,595678.5327272727,973114.2793939393,829071.83375,1
PRAC-1142,Riaan Saraf,MCI/KAR/47458,2035365058,2028-03-15,1996-05-29,Male,761591731174,98003429389,riaan.doc22@clinic.com,56/793- Chandran Road,0,Mysore,Karnataka,572848,Oncology,Orthopedic Surgery,207R00000X,All India Institute of Medical Sciences,2026,HOSP-0042,Y,2028-01-01,Active,0,0.0,0.0,0.0,0.0,0.0,0.0,0.0,0.0,0.0,0.0,0.0,0.0,0.0,0.0,0.0,0.0,0.0,2.0,1857535.5,1.0,1.0,0.0,0.0,1.0,491991.65,2.0,2.0,2.0,234133.21,132592.16,0.0,0.0,1.0,0.0,7,5811961.79,5,2,2,2029941.6600000001,4,2146160.3,7,6,7,164570.24,168532.10285714286,0.0,2.0,3,1,12,7541709.5200000005,7,5,4,2212221.0100000002,6,3274945.34,12,10,12,112910.52500000001,135680.70083333334,1.0,3.0,4,2,57,35939679.78,39,18,3,2772818.5700000003,50,25091052.81,57,32,45,139362.99614035088,133597.15929824562,0.0,3.0,33,17,27,21285197.0,20,7,2,2001753.88,22,13359063.34,27,21,26,184723.30407407408,155347.04555555552,0.0,2.0,15,7,0.0,0.0,928767.75,491991.65,830280.2557142858,536540.075,628475.7933333333,545824.2233333333,630520.6978947369,501821.0562,788340.6296296297,607230.1518181819,0
PRAC-1143,Devansh Karpe,MCI/MAH/83424,2162979635,2025-12-25,1984-08-28,Female,105710303890,99436092258,devansh.doc39@clinic.com,47/62- Dhawan Circle,Walia Chowk,Pune,Maharashtra,432374,General Surgery,Orthopedic Surgery,208600000X,JIPMER,2012,HOSP-0001,Y,2016-04-13,Active,0,0.0,0.0,0.0,0.0,0.0,0.0,0.0,0.0,0.0,0.0,0.0,0.0,0.0,0.0,0.0,0.0,0.0,2.0,1391742.36,2.0,0.0,1.0,1199630.03,1.0,149878.79,2.0,2.0,2.0,103948.03,202929.725,0.0,1.0,1.0,0.0,11,5115497.76,10,1,3,1952680.72,8,2844339.94,11,11,11,115675.30909090908,98795.19727272727,0.0,3.0,7,1,14,5789833.32,12,2,3,1952680.72,10,3180556.37,14,13,14,102808.62428571428,85916.65214285716,0.0,3.0,8,2,64,50543228.85,46,18,6,5906604.43,55,36369488.78,64,35,58,149924.30703125,154265.071875,2.0,4.0,41,14,39,22280733.1,32,7,2,1295042.38,33,15291080.17,39,29,36,105913.2694871795,100169.2682051282,1.0,1.0,28,5,0.0,0.0,695871.18,149878.79,465045.2509090909,355542.4925,413559.5228571429,318055.637,789737.95078125,661263.4323636364,571300.8487179488,463366.06575757574,0
PRAC-1144,Damini Chakrabarti,MCI/DEL/29875,7496607440,2026-10-20,1986-06-07,Other,590408285269,99042252777,damini.doc4@clinic.com,41 Vig Road,0,New Delhi,Delhi,110068,Oncology,General Practice,207R00000X,Armed Forces Medical College,2016,HOSP-0022,N,2023-09-25,Active,0,1.0,293271.52,0.0,1.0,0.0,0.0,1.0,1042792.35,1.0,1.0,1.0,4002.75,35139.54,0.0,0.0,0.0,1.0,3.0,2394367.43,2.0,1.0,0.0,0.0,3.0,2598698.98,3.0,3.0,3.0,184913.92333333334,183824.43666666668,0.0,0.0,2.0,1.0,7,3822906.72,6,1,0,0.0,7,3834925.2199999997,7,7,7,102899.9842857143,135860.37714285715,0.0,0.0,6,1,8,3995248.23,6,2,0,0.0,8,3973637.41,8,8,8,97960.0075,124633.0475,0.0,0.0,6,2,47,29143991.02,41,6,2,1106261.03,43,22964743.55,47,29,43,114205.95255319148,115002.93872340425,1.0,1.0,39,4,26,15489929.11,23,3,1,108344.35,24,13026189.38,26,20,26,94161.50076923077,164404.73384615386,0.0,1.0,21,3,293271.52,1042792.35,798122.4766666667,866232.9933333333,546129.5314285714,547846.46,499406.02875,496704.67625,620084.9153191489,534063.8034883721,595766.5042307692,542757.8908333334,0
PRAC-1145,Charvi Chatterjee,MCI/TAM/18880,3886759545,2029-04-15,1991-02-09,Male,877129004740,98235666241,charvi.doc5@clinic.com,026 Sekhon Nagar,0,Chennai,Tamil Nadu,633227,Neurology,Pediatrics,2084N0400X,All India Institute of Medical Sciences,2018,HOSP-0020,N,2021-01-24,Active,0,2.0,507039.07999999996,1.0,1.0,0.0,0.0,2.0,947718.0700000001,2.0,1.0,1.0,57225.4,46448.215,0.0,0.0,1.0,1.0,3.0,1972335.8900000001,1.0,2.0,0.0,0.0,3.0,2214941.36,3.0,2.0,2.0,156333.04,154533.94666666666,0.0,0.0,1.0,2.0,9,6533578.52,5,4,0,0.0,9,6353189.18,9,8,7,148934.56444444443,115676.33111111111,0.0,0.0,5,4,14,10465185.06,9,5,0,0.0,14,9630167.74,14,13,12,154493.49500000002,117108.43857142856,0.0,0.0,9,5,61,48085639.32,51,10,5,4447738.369999999,47,30062993.09,60,37,55,174743.5968852459,151876.50819672132,2.0,3.0,41,6,30,13753083.620000001,25,5,1,379441.36,28,10519030.8,30,23,29,75743.69766666667,99143.19933333334,1.0,0.0,24,4,253519.53999999998,473859.03500000003,657445.2966666667,738313.7866666666,725953.1688888888,705909.9088888889,747513.2185714286,687869.1242857144,788289.1691803279,639638.1508510638,458436.1206666667,375679.67142857146,0
PRAC-1146,Veer Ganesh,MCI/MAH/27140,3956495805,2029-02-21,1967-03-02,Other,997548751238,98852479178,veer.doc28@clinic.com,H.No. 09 Gole Road,Shukla Ganj,Nagpur,Maharashtra,423572,Orthopedic Surgery,General Practice,207X00000X,All India Institute of Medical Sciences,1992,HOSP-0010,N,2019-07-23,Active,0,0.0,0.0,0.0,0.0,0.0,0.0,0.0,0.0,0.0,0.0,0.0,0.0,0.0,0.0,0.0,0.0,0.0,1.0,98640.48,0.0,1.0,0.0,0.0,0.0,0.0,1.0,1.0,1.0,5600.88,30787.88,0.0,0.0,0.0,0.0,10,3572022.8400000003,9,1,2,137372.09,6,2139747.9899999998,10,9,9,72843.292,60827.418000000005,0.0,2.0,6,0,17,6368183.93,15,2,4,1020100.33,10,3749604.69,17,14,16,64269.14823529412,71514.93470588235,0.0,4.0,9,1,57,39506505.67,44,13,3,3095347.4,52,29965326.37,57,34,53,114257.02105263158,153831.8256140351,0.0,3.0,39,13,35,21503688.03,27,8,5,2519540.4,28,14531564.56,35,29,30,108609.84485714285,87974.60742857143,1.0,4.0,22,6,0.0,0.0,98640.48,0.0,357202.28400000004,356624.665,374599.0547058823,374960.469,693096.5907017544,576256.2763461538,614391.0865714286,518984.4485714286,0
PRAC-1147,Shray Subramaniam,MCI/KAR/68068,5480975989,2029-05-16,1986-04-25,Male,242910484691,97733639666,shray.doc57@clinic.com,H.No. 30- Dugal,0,Bangalore,Karnataka,583008,Orthopedic Surgery,Oncology,207X00000X,Maulana Azad Medical College,2014,HOSP-0006,Y,2022-12-01,Inactive,0,2.0,565337.14,1.0,1.0,0.0,0.0,2.0,637338.01,2.0,1.0,1.0,23457.5,58616.145000000004,0.0,0.0,1.0,1.0,4.0,1839274.5499999998,3.0,1.0,0.0,0.0,4.0,1672149.9300000002,4.0,3.0,3.0,81219.135,125552.82999999999,0.0,0.0,3.0,1.0,7,8420827.65,6,1,1,1131822.7,6,6022561.82,7,6,6,289664.9342857143,288210.81142857147,0.0,1.0,5,1,13,11756883.469999999,10,3,2,2172487.15,10,7841351.180000001,13,11,12,196540.24384615384,189248.84538461536,0.0,2.0,8,2,58,43845989.5,43,15,3,4933076.87,48,29331236.78,58,34,49,158082.64344827586,144708.4251724138,1.0,2.0,36,12,35,28801821.18,26,9,4,7475498.970000001,26,15874498.89,35,24,33,178823.7257142857,190005.7857142857,0.0,4.0,19,7,282668.57,318669.005,459818.63749999995,418037.48250000004,1202975.3785714286,1003760.3033333333,904375.6515384614,784135.118,755965.3362068966,611067.4329166667,822909.1765714285,610557.6496153846,0
PRAC-1148,Zoya Ravel,MCI/TAM/68182,9175418662,2030-07-01,1988-06-14,Female,608954191653,97717832466,zoya.doc77@clinic.com,H.No. 318 Joshi Zila,0,Coimbatore,Tamil Nadu,684611,Neurology,Pediatrics,2084N0400X,Maulana Azad Medical College,2014,HOSP-0003,Y,2023-05-24,Active,0,0.0,0.0,0.0,0.0,0.0,0.0,0.0,0.0,0.0,0.0,0.0,0.0,0.0,0.0,0.0,0.0,0.0,2.0,5721724.72,2.0,0.0,0.0,0.0,2.0,4692925.99,2.0,2.0,2.0,268471.485,491784.035,0.0,0.0,2.0,0.0,8,16644012.61,8,0,0,0.0,7,14683702.64,8,6,8,486239.965,465562.11875,0.0,0.0,7,0,14,37893768.31,14,0,0,0.0,13,32515296.82,14,9,14,605042.1964285715,428197.71142857143,0.0,0.0,13,0,68,122709197.8,48,20,2,422872.06999999995,64,102649207.14999999,68,32,54,275555.95485294115,371970.8410294117,1.0,1.0,46,18,45,74485491.01,33,12,3,4443995.449999999,41,59608849.13,45,29,42,252316.16155555553,309378.9322222222,1.0,2.0,31,10,0.0,0.0,2860862.36,2346462.995,2080501.57625,2097671.805714286,2706697.7364285714,2501176.6784615386,1804547.0264705883,1603893.8617187499,1655233.1335555557,1453874.3690243904,0
PRAC-1149,Adira Ben,MCI/DEL/97157,7178094143,2029-09-22,1988-01-27,Female,579027658976,97111263391,adira.doc69@clinic.com,79/39- Walia Chowk,0,New Delhi,Delhi,110051,Cardiology,Orthopedic Surgery,207R00000X,Kasturba Medical College,2014,HOSP-0002,Y,2025-02-20,Active,0,1.0,1712588.29,1.0,0.0,0.0,0.0,1.0,1229637.49,1.0,1.0,1.0,353933.75,87984.11,0.0,0.0,1.0,0.0,4.0,3581764.77,3.0,1.0,0.0,0.0,4.0,2887995.99,4.0,4.0,4.0,143093.18,140410.4575,0.0,0.0,3.0,1.0,15,7351325.27,12,3,3,2141799.03,12,4258541.89,15,11,14,70984.36933333334,98042.39133333332,0.0,3.0,9,3,18,9236940.1,14,4,3,2141799.03,15,5893941.42,18,13,15,82109.24166666667,117104.00277777777,0.0,3.0,11,4,56,29408084.53,40,16,3,904101.01,49,22282838.5,56,36,51,116740.58571428571,120433.46892857143,3.0,0.0,37,12,30,18810079.92,22,8,3,1300426.16,26,13910019.84,30,25,29,137640.98566666667,136114.08533333332,1.0,2.0,19,7,1712588.29,1229637.49,895441.1925,721998.9975,490088.3513333333,354878.4908333333,513163.3388888889,392929.428,525144.3666071428,454751.806122449,627002.6640000001,535000.7630769231,0
PRAC-1150,Rhea Rama,MCI/TAM/59964,1250542427,2027-05-14,1985-09-05,Female,105158031686,97991224573,rhea.doc24@clinic.com,H.No. 44- Ben Chowk,0,Coimbatore,Tamil Nadu,605039,Orthopedic Surgery,0,207X00000X,Christian Medical College,2013,HOSP-0028,Y,2024-11-06,Under Review,0,0.0,0.0,0.0,0.0,0.0,0.0,0.0,0.0,0.0,0.0,0.0,0.0,0.0,0.0,0.0,0.0,0.0,2.0,1056834.6400000001,2.0,0.0,0.0,0.0,2.0,971249.88,2.0,2.0,2.0,89991.165,187666.835,0.0,0.0,2.0,0.0,5,4441337.01,2,3,0,0.0,4,4025653.8,5,4,5,146014.008,211089.208,0.0,0.0,2,2,9,5949090.27,6,3,1,516862.57,6,4784928.86,9,8,9,95963.38888888889,143514.14333333334,0.0,1.0,4,2,46,21580799.48,31,15,6,3648031.52,39,14185492.08,46,29,42,90708.57239130435,95615.91369565218,1.0,5.0,26,13,23,15381835.47,17,6,2,934674.31,19,10323021.31,23,19,23,161895.64,105561.87347826087,1.0,1.0,15,4,0.0,0.0,528417.3200000001,485624.94,888267.402,1006413.45,661010.0299999999,797488.1433333334,469147.8147826087,363730.56615384616,668775.4552173914,543316.9110526316,0
PRAC-1151,Ahana  Lala,MCI/TAM/13585,7959767231,2030-07-16,1975-10-12,Other,440297901362,99024602235,ahana.doc46@clinic.com,66 Grewal Circle,Shere Nagar,Madurai,Tamil Nadu,669394,General Practice,Pediatrics,208D00000X,All India Institute of Medical Sciences,2002,HOSP-0049,N,2022-03-04,Active,0,0.0,0.0,0.0,0.0,0.0,0.0,0.0,0.0,0.0,0.0,0.0,0.0,0.0,0.0,0.0,0.0,0.0,0.0,0.0,0.0,0.0,0.0,0.0,0.0,0.0,0.0,0.0,0.0,0.0,0.0,0.0,0.0,0.0,0.0,5,7471650.59,5,0,1,26335.44,3,4680236.31,5,5,5,406712.178,42056.596,0.0,1.0,3,0,11,11001651.790000001,11,0,1,26335.44,8,6946228.55,11,10,10,229523.1,78542.95454545454,0.0,1.0,8,0,54,43377457.31,37,17,2,376088.57,49,33603431.84,54,36,48,202048.63425925927,166301.6238888889,2.0,0.0,35,14,30,21217913.099999998,25,5,3,3425899.96,25,13925198.34,30,24,28,135318.918,123999.69533333335,0.0,3.0,21,4,0.0,0.0,0.0,0.0,1494330.118,1560078.7699999998,1000150.1627272728,868278.56875,803286.2464814815,685784.3232653062,707263.7699999999,557007.9336,0
PRAC-1152,Siya Sanghvi,MCI/MAH/56171,9351070390,2026-07-31,1983-01-05,Female,760853182421,98359026743,siya.doc58@clinic.com,211 Ratta,Swaminathan Street,Pune,Maharashtra,463401,General Surgery,0,208600000X,JIPMER,2008,HOSP-0012,N,2014-10-17,Active,0,0.0,0.0,0.0,0.0,0.0,0.0,0.0,0.0,0.0,0.0,0.0,0.0,0.0,0.0,0.0,0.0,0.0,2.0,1484793.6600000001,2.0,0.0,0.0,0.0,2.0,1285626.5499999998,2.0,2.0,2.0,103771.45999999999,122263.545,0.0,0.0,2.0,0.0,5,2566301.8,5,0,0,0.0,5,2264643.3899999997,5,5,5,64504.474,98435.014,0.0,0.0,5,0,7,2863281.12,6,1,0,0.0,7,2532320.4,7,7,7,50327.38285714285,83031.23285714285,0.0,0.0,6,1,65,35948935.01,44,21,8,5631231.279999999,57,26137366.82,65,36,57,111074.60230769232,102608.25538461538,2.0,6.0,38,19,29,19233353.97,20,9,3,1982117.83,25,14521021.63,29,19,26,95546.91137931035,146248.2124137931,1.0,2.0,18,7,0.0,0.0,742396.8300000001,642813.2749999999,513260.36,452928.67799999996,409040.16000000003,361760.0571428571,553060.5386153846,458550.2950877193,663219.1024137931,580840.8652,0
PRAC-1153,Miraya Dhar,MCI/KAR/58390,624234400,2026-06-24,1967-10-31,Male,881442831607,97762017875,miraya.doc31@clinic.com,13/370 Ramesh Marg,0,Mysore,Karnataka,585036,Pediatrics,0,208000000X,Christian Medical College,1995,HOSP-0025,Y,2014-03-14,Active,0,0.0,0.0,0.0,0.0,0.0,0.0,0.0,0.0,0.0,0.0,0.0,0.0,0.0,0.0,0.0,0.0,0.0,5.0,7603807.089999999,2.0,3.0,1.0,146630.52,3.0,5351715.94,5.0,5.0,5.0,181964.712,206019.142,1.0,0.0,2.0,1.0,9,11188656.18,5,4,2,1416270.3800000001,6,7266933.48,9,8,9,180903.75,140121.58777777778,1.0,1.0,4,2,13,15188936.77,9,4,2,1416270.3800000001,10,10742508.98,13,12,13,143391.89538461537,144484.59384615385,1.0,1.0,8,2,51,34055435.95,36,15,2,1407560.79,47,26830627.91,51,38,48,138093.76215686274,159660.18529411766,0.0,2.0,33,14,30,19874144.84,21,9,2,1020681.02,25,14555351.69,30,23,29,110043.493,139178.25,0.0,2.0,18,7,0.0,0.0,1520761.4179999998,1783905.3133333335,1243184.02,1211155.58,1168379.7515384615,1074250.898,667753.6460784314,570864.4236170213,662471.4946666666,582214.0676,0
PRAC-1154,Navya Sachar,MCI/DEL/13301,4009421932,2027-11-12,1969-08-04,Other,324023653694,99583958079,navya.doc43@clinic.com,72/020 Gera Ganj,0,New Delhi,Delhi,110042,Pediatrics,General Surgery,208000000X,Maulana Azad Medical College,1997,HOSP-0036,Y,2007-03-22,Active,0,1.0,102092.19,0.0,1.0,0.0,0.0,1.0,76527.54,1.0,1.0,1.0,24089.37,22523.02,0.0,0.0,0.0,1.0,3.0,1857667.51,2.0,1.0,0.0,0.0,3.0,1557208.7000000002,3.0,3.0,3.0,169449.21,92253.34999999999,0.0,0.0,2.0,1.0,16,9972761.950000001,13,3,1,195849.59,15,8093638.54,16,15,14,93019.8,126178.44625,0.0,1.0,12,3,21,14084764.18,17,4,2,761943.25,19,11125700.14,21,19,18,125066.6961904762,121324.12571428572,0.0,2.0,15,4,58,32971364.29,42,16,3,1420089.75,53,26952064.52,58,37,51,118007.45327586206,112786.50586206897,1.0,2.0,39,14,31,25244374.98,20,11,3,3484949.07,25,15169411.879999999,31,23,30,193114.98096774195,120809.02096774193,1.0,2.0,17,8,102092.19,76527.54,619222.5033333333,519069.5666666667,623297.6218750001,539575.9026666667,670703.0561904762,585563.1652631579,568471.7981034482,508529.51924528304,814334.6767741935,606776.4752,0
PRAC-1155,Hridaan Ben,MCI/DEL/91823,8111383211,2027-10-27,1994-10-25,Male,296036440700,97108877765,hridaan.doc69@clinic.com,79/88 Khosla Zila,0,New Delhi,Delhi,110000,General Surgery,Dermatology,208600000X,Armed Forces Medical College,2019,HOSP-0043,Y,2024-12-25,Active,0,0.0,0.0,0.0,0.0,0.0,0.0,0.0,0.0,0.0,0.0,0.0,0.0,0.0,0.0,0.0,0.0,0.0,2.0,411398.07999999996,2.0,0.0,0.0,0.0,2.0,404973.36,2.0,2.0,2.0,25388.395,31141.68,0.0,0.0,2.0,0.0,8,7656699.77,6,2,1,1495338.23,7,5714893.38,8,7,8,156409.7475,200441.66749999998,0.0,1.0,5,2,11,10198586.86,7,4,1,1495338.23,9,6550122.96,11,8,11,147434.6481818182,155240.88272727272,0.0,1.0,6,3,60,27378588.21,46,14,5,2951167.4,49,17619872.42,59,36,51,111629.84583333334,82201.5285,0.0,5.0,37,12,28,11676271.77,21,7,4,1365062.53,23,7536335.8,28,21,27,59371.12642857143,83288.34035714285,0.0,4.0,17,6,0.0,0.0,205699.03999999998,202486.68,957087.47125,816413.34,927144.2599999999,727791.44,456309.80350000004,359589.2330612245,417009.70607142855,327666.7739130435,0
PRAC-1156,Ayesha Gopal,MCI/KAR/55651,2769147649,2028-01-26,1974-09-09,Other,669684982838,97059139081,ayesha.doc22@clinic.com,H.No. 79- Sarna Zila,0,Mysore,Karnataka,589413,Orthopedic Surgery,Pediatrics,207X00000X,Armed Forces Medical College,2004,HOSP-0004,N,2020-09-29,Active,0,1.0,350865.55,1.0,0.0,0.0,0.0,1.0,254173.56,1.0,1.0,1.0,97120.15,135424.48,0.0,0.0,1.0,0.0,2.0,828291.8999999999,2.0,0.0,0.0,0.0,2.0,665983.2,2.0,2.0,2.0,116482.59999999999,74069.37000000001,0.0,0.0,2.0,0.0,7,3368674.69,5,2,1,581473.34,5,1905139.01,7,7,7,144017.58428571429,94685.53428571428,0.0,1.0,4,1,14,9074607.57,10,4,1,581473.34,9,2708516.01,14,11,14,169805.95285714284,134401.73785714287,0.0,1.0,7,2,48,28986186.9,38,10,4,9666107.790000001,41,15223689.77,48,29,42,82499.791875,132319.43520833334,1.0,3.0,32,9,37,16607547.42,27,10,0,0.0,36,13467472.540000001,37,26,35,97056.82513513514,76400.97594594595,0.0,0.0,26,10,350865.55,254173.56,414145.94999999995,332991.6,481239.2414285714,381027.802,648186.255,300946.2233333333,603878.8937499999,371309.50658536586,448852.632972973,374096.45944444445,0
PRAC-1157,Ayesha Virk,MCI/WES/57366,5040158349,2026-07-13,1996-11-21,Female,57944893600,97703813426,ayesha.doc86@clinic.com,03/76- Varty,0,Howrah,West Bengal,791107,Oncology,0,207R00000X,Maulana Azad Medical College,2025,HOSP-0033,N,2027-01-01,Active,0,0.0,0.0,0.0,0.0,0.0,0.0,0.0,0.0,0.0,0.0,0.0,0.0,0.0,0.0,0.0,0.0,0.0,1.0,324666.27,1.0,0.0,0.0,0.0,1.0,235972.98,1.0,1.0,1.0,83041.3,58043.64,0.0,0.0,1.0,0.0,2,650468.31,2,0,0,0.0,2,535586.62,2,2,2,94454.89,43304.135,0.0,0.0,2,0,9,7092742.640000001,9,0,2,2561704.6700000004,6,1575865.6600000001,9,9,8,157925.23555555556,208092.65000000002,0.0,2.0,6,0,45,30655240.9,34,11,5,2538080.8600000003,39,23179496.2,45,27,42,148126.96844444444,162047.1511111111,2.0,3.0,30,9,23,12540511.16,19,4,1,1350612.54,19,7675440.31,23,19,22,97799.86260869565,116895.0243478261,0.0,1.0,16,3,0.0,0.0,324666.27,235972.98,325234.155,267793.31,788082.5155555556,262644.2766666667,681227.5755555555,594346.0564102564,545239.6156521739,403970.5426315789,0
PRAC-1158,Hridaan Choudhury,MCI/KAR/64964,1248809988,2028-04-06,1970-02-18,Other,819262183811,97911979024,hridaan.doc4@clinic.com,98/234- Sarraf Zila,0,Bangalore,Karnataka,585139,Dermatology,Orthopedic Surgery,207N00000X,All India Institute of Medical Sciences,1996,HOSP-0031,N,2011-06-12,Active,0,1.0,270727.96,1.0,0.0,0.0,0.0,1.0,554835.62,1.0,1.0,1.0,78615.95,50298.01,0.0,0.0,1.0,0.0,3.0,1121443.15,3.0,0.0,0.0,0.0,3.0,1328911.48,3.0,3.0,3.0,102434.84999999999,87003.97,0.0,0.0,3.0,0.0,8,4350652.95,6,2,1,406802.5,7,3748152.37,8,8,8,88716.30625,132820.185,0.0,1.0,5,2,10,5545702.32,8,2,1,406802.5,8,4646666.45,10,10,10,81169.989,139752.039,0.0,1.0,6,2,65,42042534.87,49,16,4,2222599.81,54,28461457.27,65,35,59,102648.54276923077,124427.50246153846,1.0,3.0,41,13,29,15444709.81,24,5,4,3314259.2199999997,24,9942605.98,29,20,28,101355.89344827586,133862.8596551724,2.0,2.0,21,3,270727.96,554835.62,373814.3833333333,442970.49333333335,543831.61875,535450.3385714286,554570.2320000001,580833.30625,646808.2287692308,527064.0235185185,532576.2003448276,414275.2491666667,0
PRAC-1159,Emir Mangal,MCI/DEL/79599,6146692323,2027-05-28,1965-10-20,Other,650132492537,97597583726,emir.doc16@clinic.com,H.No. 610- Dash Marg,Mahajan Circle,New Delhi,Delhi,110098,Cardiology,Orthopedic Surgery,207R00000X,Armed Forces Medical College,1992,HOSP-0031,Y,2014-10-21,Active,0,1.0,1028469.93,1.0,0.0,0.0,0.0,1.0,736569.86,1.0,1.0,1.0,122291.94,51528.47,0.0,0.0,1.0,0.0,4.0,3674112.04,3.0,1.0,1.0,1359537.29,3.0,1951742.3599999999,4.0,4.0,4.0,227748.4675,195754.58500000002,1.0,0.0,3.0,0.0,6,4480805.62,4,2,1,1359537.29,5,2568062.9,6,6,6,186702.79333333333,163980.23166666666,1.0,0.0,4,1,10,8620922.27,7,3,1,1359537.29,9,6443020.89,10,9,9,202830.047,132055.218,1.0,0.0,7,2,51,27510584.23,36,15,6,4860552.609999999,41,17562640.63,51,30,42,108816.11019607843,90539.97588235296,0.0,6.0,29,12,23,12306070.01,20,3,1,645441.93,19,7682090.140000001,23,21,20,94355.15043478261,88836.98130434784,0.0,1.0,16,3,1028469.93,736569.86,918528.01,650580.7866666666,746800.9366666666,513612.57999999996,862092.227,715891.21,539423.2201960784,428357.08853658533,535046.5221739131,404320.53368421056,0
PRAC-1160,Purab Varghese,MCI/KAR/66419,2496296779,2028-07-28,1984-04-02,Other,400278444076,98429198861,purab.doc71@clinic.com,19/042- Dey Path,Datta Nagar,Mysore,Karnataka,589398,Dermatology,0,207N00000X,Kasturba Medical College,2012,HOSP-0009,N,2019-11-03,Active,0,1.0,137058.33,0.0,1.0,0.0,0.0,1.0,73866.48,1.0,1.0,1.0,25958.28,21920.88,0.0,0.0,0.0,1.0,2.0,1308367.02,1.0,1.0,0.0,0.0,2.0,1177228.28,2.0,2.0,2.0,33674.99,143404.195,0.0,0.0,1.0,1.0,9,9421591.22,5,4,1,92377.98,8,8269095.05,9,9,9,261361.22666666668,160743.5222222222,1.0,0.0,5,3,13,13334346.280000001,9,4,1,92377.98,12,11697879.46,13,13,13,261087.92846153848,163475.9646153846,1.0,0.0,9,3,61,35874187.52,42,19,5,3924154.52,50,23533849.91,61,34,55,125050.69721311476,126955.78131147541,2.0,3.0,36,14,31,28422512.28,27,4,0,0.0,31,24750084.2,31,22,30,192272.1858064516,202572.09548387097,0.0,0.0,27,4,137058.33,73866.48,654183.51,588614.14,1046843.468888889,1033636.88125,1025718.9446153847,974823.2883333334,588101.4347540984,470676.99820000003,916855.2348387097,798389.8129032258,0
PRAC-1161,Suhana Bal,MCI/MAH/37853,4643294749,2030-08-08,1982-06-08,Male,118555594966,99804379711,suhana.doc92@clinic.com,024 Bhatnagar Circle,Date Street,Nagpur,Maharashtra,416580,Oncology,General Practice,207R00000X,Kasturba Medical College,2009,HOSP-0031,Y,2018-03-30,Active,0,1.0,290579.08,0.0,1.0,0.0,0.0,1.0,587189.38,1.0,1.0,1.0,5113.08,37728.04,0.0,0.0,0.0,1.0,1.0,290579.08,0.0,1.0,0.0,0.0,1.0,587189.38,1.0,1.0,1.0,5113.08,37728.04,0.0,0.0,0.0,1.0,4,2432321.52,2,2,0,0.0,3,1742013.38,4,3,4,93408.09,82411.7825,0.0,0.0,1,2,9,7117790.4399999995,7,2,0,0.0,8,5360983.95,9,6,8,193179.72555555555,71363.66111111111,0.0,0.0,6,2,47,36785436.82,40,7,5,2132387.69,36,24316430.85,47,30,41,137515.19595744682,180538.1489361702,0.0,5.0,31,5,46,31149599.38,30,16,5,3629477.1799999997,35,22114209.73,46,28,37,126221.10369565219,161306.13130434783,2.0,3.0,26,9,290579.08,587189.38,290579.08,587189.38,608080.38,580671.1266666666,790865.6044444444,670122.99375,782668.8685106382,675456.4125000001,677165.2039130435,631834.5637142857,0
PRAC-1162,Veer Shukla,MCI/TAM/42530,1737183685,2026-06-24,1966-04-29,Other,315251388302,97184084293,veer.doc38@clinic.com,033- Subramanian Nagar,Bajaj Chowk,Coimbatore,Tamil Nadu,633435,Orthopedic Surgery,Cardiology,207X00000X,All India Institute of Medical Sciences,1994,HOSP-0049,Y,1999-12-19,Active,0,0.0,0.0,0.0,0.0,0.0,0.0,0.0,0.0,0.0,0.0,0.0,0.0,0.0,0.0,0.0,0.0,0.0,1.0,1171813.53,1.0,0.0,0.0,0.0,1.0,1034638.11,1.0,1.0,1.0,297010.26,237952.18,0.0,0.0,1.0,0.0,2,1714104.25,2,0,0,0.0,2,1444701.75,2,2,2,218294.115,132411.745,0.0,0.0,2,0,4,3288261.24,3,1,0,0.0,4,2836885.48,4,3,4,177246.04,126001.5575,0.0,0.0,3,1,53,34975733.97,42,11,5,968923.1699999999,45,24483290.78,53,37,47,125695.30113207547,121774.2758490566,0.0,5.0,35,10,26,14819922.74,18,8,2,819803.0900000001,24,12411878.950000001,26,20,24,127663.59576923077,90827.24730769232,1.0,1.0,17,7,0.0,0.0,1171813.53,1034638.11,857052.125,722350.875,822065.31,709221.37,659919.5088679245,544073.1284444445,569997.0284615385,517161.62291666673,0
PRAC-1163,Lakshit Sama,MCI/KAR/26823,5933505801,2028-11-02,1961-04-11,Female,247799380666,99001998821,lakshit.doc59@clinic.com,72/115 Edwin Zila,0,Mysore,Karnataka,570414,Neurology,Oncology,2084N0400X,Kasturba Medical College,1985,HOSP-0006,N,1987-01-17,Active,0,0.0,0.0,0.0,0.0,0.0,0.0,0.0,0.0,0.0,0.0,0.0,0.0,0.0,0.0,0.0,0.0,0.0,0.0,0.0,0.0,0.0,0.0,0.0,0.0,0.0,0.0,0.0,0.0,0.0,0.0,0.0,0.0,0.0,0.0,5,3294976.9000000004,5,0,1,948630.77,3,968371.3799999999,5,5,5,184300.452,117604.222,0.0,1.0,3,0,11,7702091.32,10,1,2,1796433.25,7,3831272.66,11,10,11,171398.66545454547,147942.7990909091,0.0,2.0,6,1,57,42984003.25,41,16,5,3998805.6900000004,48,29616972.09,56,38,49,168759.7398245614,138215.5449122807,1.0,4.0,34,14,25,14043492.03,21,4,1,597412.12,23,11098561.14,25,22,23,120286.7656,106701.6484,0.0,1.0,19,4,0.0,0.0,0.0,0.0,658995.3800000001,322790.45999999996,700190.12,547324.6657142857,754105.3201754387,617020.251875,561739.6812,482546.1365217391,0
PRAC-1164,Sana Khosla,MCI/MAH/70290,7012134528,2029-05-02,1983-06-15,Other,866154504306,99172132918,sana.doc32@clinic.com,68/962- Dubey Nagar,Bala Marg,Mumbai,Maharashtra,400845,Orthopedic Surgery,Oncology,207X00000X,JIPMER,2011,HOSP-0023,Y,2014-10-15,Active,0,0.0,0.0,0.0,0.0,0.0,0.0,0.0,0.0,0.0,0.0,0.0,0.0,0.0,0.0,0.0,0.0,0.0,1.0,703167.22,0.0,1.0,0.0,0.0,1.0,504052.63,1.0,1.0,1.0,188237.51,207667.14,0.0,0.0,0.0,1.0,4,2856586.36,3,1,0,0.0,3,1687175.19,4,4,4,139656.74,140295.4775,0.0,0.0,2,1,8,5391559.99,7,1,0,0.0,7,3664524.2,8,6,8,115194.245,129505.845,0.0,0.0,6,1,63,40413400.6,50,13,5,3013885.29,55,29679137.07,63,35,55,148763.39952380952,111947.43746031745,1.0,4.0,43,12,23,17531679.55,19,4,1,1627027.81,21,12605696.57,23,20,21,179872.02521739132,148247.64956521738,0.0,1.0,17,4,0.0,0.0,703167.22,504052.63,714146.59,562391.73,673944.99875,523503.4571428572,641482.5492063492,539620.674,762246.9369565218,600271.2652380953,0
PRAC-1165,Hridaan Mane,MCI/TAM/10329,1647658030,2027-09-29,1960-04-27,Female,435363972452,99432281165,hridaan.doc2@clinic.com,H.No. 99- Sama,Viswanathan Road,Coimbatore,Tamil Nadu,668745,Dermatology,Oncology,207N00000X,JIPMER,1988,HOSP-0030,N,2015-11-08,Active,0,1.0,285366.43,0.0,1.0,0.0,0.0,1.0,1139927.82,1.0,1.0,1.0,40198.11,77588.08,0.0,0.0,0.0,1.0,4.0,1177903.33,2.0,2.0,0.0,0.0,4.0,1808469.3,4.0,4.0,4.0,40622.61,78253.855,0.0,0.0,2.0,2.0,17,8174936.25,14,3,1,581642.63,16,7194170.7700000005,17,13,17,74268.19647058824,95740.88294117647,0.0,1.0,13,3,20,9677044.08,16,4,1,581642.63,19,8622003.96,20,16,20,77569.4305,89682.159,0.0,1.0,15,4,62,39986856.1,44,18,5,3195129.6300000004,53,30254598.23,61,33,58,127598.05322580645,118063.88677419355,2.0,3.0,38,15,31,21859704.07,23,8,2,994908.96,28,17806273.82,31,21,30,143939.81935483872,103599.21903225807,0.0,2.0,20,8,285366.43,1139927.82,294475.8325,452117.325,480878.60294117645,449635.67312500003,483852.204,453789.68210526323,644949.2919354839,570841.4760377358,705151.7441935485,635938.3507142857,0
PRAC-1166,Gokul Anne,MCI/TAM/98766,2339399816,2028-11-08,1960-01-23,Other,81271087402,97118266647,gokul.doc60@clinic.com,H.No. 719 Varty Chowk,0,Chennai,Tamil Nadu,623851,Oncology,Cardiology,207R00000X,Maulana Azad Medical College,1984,HOSP-0036,Y,2008-01-29,Active,0,2.0,496826.02,1.0,1.0,1.0,82427.75,1.0,90360.85,2.0,2.0,2.0,56743.365,32368.955,0.0,1.0,0.0,1.0,3.0,682490.3400000001,2.0,1.0,1.0,82427.75,2.0,246649.04,3.0,3.0,3.0,51529.71,40852.04,0.0,1.0,1.0,1.0,8,4021448.18,6,2,1,82427.75,7,3281559.68,8,8,8,83486.3,74601.23875,0.0,1.0,5,2,12,8110430.640000001,9,3,2,1240118.62,9,4733724.84,12,11,12,113905.72666666667,127364.05333333334,0.0,2.0,7,2,66,38089586.26,50,16,4,1388817.71,58,29017578.86,66,33,57,99040.59333333334,115898.44348484848,0.0,4.0,43,15,35,20911092.34,26,9,4,3770313.83,28,13844843.92,35,25,32,111716.01628571429,115437.93371428573,0.0,4.0,19,9,248413.01,90360.85,227496.78000000003,123324.52,502681.0225,468794.24000000005,675869.2200000001,525969.4266666666,577114.9433333334,500303.08379310346,597459.7811428572,494458.71142857143,0
PRAC-1167,Vanya Garde,MCI/WES/13279,7162592841,2028-01-11,1983-05-25,Female,751255300194,98570302077,vanya.doc77@clinic.com,H.No. 669- Hayer Street,Khosla Path,Howrah,West Bengal,712382,General Surgery,Pediatrics,208600000X,Christian Medical College,2008,HOSP-0038,N,2011-04-10,Active,0,0.0,0.0,0.0,0.0,0.0,0.0,0.0,0.0,0.0,0.0,0.0,0.0,0.0,0.0,0.0,0.0,0.0,1.0,431981.45,1.0,0.0,0.0,0.0,1.0,404418.66,1.0,1.0,1.0,80065.58,146742.51,0.0,0.0,1.0,0.0,8,8550170.0,6,2,0,0.0,8,8073523.62,8,8,8,236476.09124999997,86628.40375,0.0,0.0,6,2,15,15101920.97,12,3,1,1215616.55,14,12444593.020000001,15,12,15,231337.99666666667,154944.086,1.0,0.0,12,2,54,36322812.01,38,16,2,1126808.35,48,24995320.79,54,29,47,146411.7140740741,129682.13296296296,0.0,2.0,33,15,24,16943125.76,19,5,2,1899075.69,19,11950903.0,24,20,23,116476.11833333333,118248.03916666667,0.0,2.0,15,4,0.0,0.0,431981.45,404418.66,1068771.25,1009190.4525,1006794.7313333334,888899.5014285715,672644.6668518519,520735.84979166667,705963.5733333334,628994.8947368421,0
PRAC-1168,Tejas Bera,MCI/DEL/41331,4679332143,2029-11-15,1964-07-17,Other,648068356101,98674189665,tejas.doc73@clinic.com,24/178- Ravi Street,0,New Delhi,Delhi,110040,General Surgery,Neurology,208600000X,Christian Medical College,1991,HOSP-0030,Y,1994-09-05,Active,0,0.0,0.0,0.0,0.0,0.0,0.0,0.0,0.0,0.0,0.0,0.0,0.0,0.0,0.0,0.0,0.0,0.0,6.0,5899222.680000001,4.0,2.0,0.0,0.0,5.0,5283348.33,6.0,6.0,6.0,268228.89999999997,49147.30333333334,0.0,0.0,3.0,2.0,9,7096883.96,5,4,0,0.0,8,6443096.4399999995,9,9,9,199394.84666666665,38437.11666666667,0.0,0.0,4,4,14,8170299.71,8,6,0,0.0,12,7201809.1,14,13,13,139387.15,35076.169285714284,0.0,0.0,6,6,56,29717847.56,45,11,1,135313.07,50,23088316.27,56,35,49,114430.49892857144,99587.33892857142,0.0,1.0,40,10,23,18285637.1,16,7,2,245932.52,19,13079892.21,23,19,23,99330.98695652175,168029.68260869567,1.0,1.0,14,5,0.0,0.0,983203.7800000001,1056669.666,788542.6622222222,805387.0549999999,583592.8364285714,600150.7583333333,530675.8492857142,461766.3254,795027.7000000001,688415.3794736842,0
PRAC-1169,Dharmajan Walla,MCI/TAM/82871,2697255759,2030-06-09,1965-09-12,Female,38315120534,99542259826,dharmajan.doc77@clinic.com,H.No. 720- Tak Street,0,Madurai,Tamil Nadu,659190,Oncology,Orthopedic Surgery,207R00000X,Kasturba Medical College,1994,HOSP-0032,N,1997-02-26,Active,0,1.0,52259.29,1.0,0.0,0.0,0.0,1.0,31866.65,1.0,1.0,1.0,9286.34,7328.44,0.0,0.0,1.0,0.0,4.0,1119407.02,2.0,2.0,0.0,0.0,4.0,963673.19,4.0,4.0,4.0,42066.33,49075.85,0.0,0.0,2.0,2.0,7,3460567.1500000004,4,3,0,0.0,7,2969437.66,7,7,7,101324.7657142857,105423.03714285714,0.0,0.0,4,3,13,13553141.530000001,8,5,1,1398520.55,12,11291530.15,13,13,12,208659.33384615384,225457.84307692308,1.0,0.0,8,4,66,40740082.46,51,15,3,2772897.7199999997,60,31223785.72,64,34,51,99570.67984848486,111561.93696969697,1.0,2.0,46,14,35,25505106.35,30,5,3,2357438.04,29,15463210.09,35,29,33,163364.58457142857,153552.7337142857,2.0,1.0,27,2,52259.29,31866.65,279851.755,240918.2975,494366.73571428575,424205.38,1042549.3484615386,940960.8458333333,617273.9766666667,520396.4286666667,728717.3242857143,533214.1410344827,0
PRAC-1170,Miraya Anne,MCI/KAR/99829,989932095,2027-01-07,1984-08-20,Male,887769548326,99752122107,miraya.doc27@clinic.com,H.No. 934- Bains Street,Chada Zila,Mysore,Karnataka,560682,Pediatrics,Oncology,208000000X,Christian Medical College,2011,HOSP-0045,Y,2019-05-15,Active,0,0.0,0.0,0.0,0.0,0.0,0.0,0.0,0.0,0.0,0.0,0.0,0.0,0.0,0.0,0.0,0.0,0.0,2.0,645124.6799999999,1.0,1.0,0.0,0.0,2.0,573848.67,2.0,2.0,2.0,5726.4800000000005,66770.635,0.0,0.0,1.0,1.0,8,3284756.9899999998,5,3,0,0.0,6,2621192.05,8,8,8,88330.04000000001,83794.35125,0.0,0.0,3,3,11,4972192.22,8,3,0,0.0,8,2862677.02,11,10,11,94116.71454545455,79713.32363636364,0.0,0.0,5,3,50,41231572.96,37,13,2,428948.78,45,35130732.34,50,32,44,146586.5988,156206.79320000001,0.0,2.0,33,12,26,13332440.35,18,8,2,419841.45,21,9906304.58,26,20,23,105358.1623076923,109910.61461538462,1.0,1.0,15,6,0.0,0.0,322562.33999999997,286924.335,410594.62374999997,436865.3416666666,452017.47454545455,357834.6275,824631.4592,780682.940888889,512786.1673076923,471728.7895238095,0
PRAC-1171,Samiha Das,MCI/DEL/22369,1140112162,2028-09-13,1991-01-01,Other,454113621815,97656036554,samiha.doc59@clinic.com,86 Master Path,0,New Delhi,Delhi,110056,Neurology,General Surgery,2084N0400X,Armed Forces Medical College,2018,HOSP-0001,Y,2024-10-08,Active,0,0.0,0.0,0.0,0.0,0.0,0.0,0.0,0.0,0.0,0.0,0.0,0.0,0.0,0.0,0.0,0.0,0.0,1.0,212303.97,1.0,0.0,0.0,0.0,1.0,178113.35,1.0,1.0,1.0,45344.44,25303.97,0.0,0.0,1.0,0.0,8,4260666.7299999995,7,1,0,0.0,8,3668301.09,8,7,8,89487.385,149362.69875,0.0,0.0,7,1,14,9417735.48,12,2,0,0.0,14,8001843.54,14,12,14,124997.6707142857,159370.8742857143,0.0,0.0,12,2,56,38869535.84,42,14,6,4513863.79,46,26874856.18,56,37,50,140300.21,149563.59107142856,2.0,4.0,34,12,20,8677719.58,11,9,2,782428.4,16,6031445.83,20,17,18,91787.1615,104282.44649999999,1.0,1.0,8,8,0.0,0.0,212303.97,178113.35,532583.3412499999,458537.63625,672695.3914285714,571560.2528571428,694098.8542857143,584236.0039130434,433885.979,376965.364375,0
PRAC-1172,Hridaan Vyas,MCI/TAM/63468,8549183236,2026-11-10,1996-07-16,Female,124326005247,97393213910,hridaan.doc4@clinic.com,H.No. 136 Dave,0,Madurai,Tamil Nadu,690784,Pediatrics,Dermatology,208000000X,All India Institute of Medical Sciences,2022,HOSP-0039,N,2024-09-29,Active,0,0.0,0.0,0.0,0.0,0.0,0.0,0.0,0.0,0.0,0.0,0.0,0.0,0.0,0.0,0.0,0.0,0.0,3.0,2206452.2600000002,0.0,3.0,0.0,0.0,3.0,1919697.74,3.0,3.0,3.0,142207.16333333333,132188.51333333334,0.0,0.0,0.0,3.0,6,4800748.26,3,3,0,0.0,5,2981583.36,6,6,6,199729.27666666664,203878.69499999998,0.0,0.0,2,3,12,9053284.76,7,5,1,107240.64,10,6869593.79,12,11,12,202821.88083333336,167930.11166666666,1.0,0.0,6,4,53,49952244.54,39,14,0,0.0,49,40490190.05,53,28,46,178334.36867924526,199101.92754716982,0.0,0.0,36,13,23,20698353.330000002,20,3,1,339988.43,18,16236495.58,23,19,21,137914.06347826085,215037.2756521739,0.0,1.0,16,2,0.0,0.0,735484.0866666668,639899.2466666667,800124.71,596316.672,754440.3966666666,686959.379,942495.1799999999,826330.4091836734,899928.405652174,902027.5322222222,0
PRAC-1173,Rohan Chakrabarti,MCI/DEL/94553,9955392615,2026-08-19,1977-07-20,Male,282924557159,98326465670,rohan.doc34@clinic.com,04/705 Sood Path,Kota Path,New Delhi,Delhi,110063,Dermatology,Orthopedic Surgery,207N00000X,Christian Medical College,2006,HOSP-0010,Y,2010-05-04,Under Review,0,2.0,425659.25,1.0,1.0,0.0,0.0,2.0,1352434.98,2.0,1.0,1.0,31429.184999999998,95923.285,0.0,0.0,1.0,1.0,3.0,823553.97,1.0,2.0,0.0,0.0,3.0,1707045.92,3.0,2.0,2.0,47450.719999999994,93348.44333333331,0.0,0.0,1.0,2.0,8,3817801.51,4,4,1,504027.98,6,3654552.8699999996,7,6,6,68229.00624999999,83894.32375,0.0,1.0,3,3,15,7726620.29,8,7,2,971998.3200000001,10,5610780.58,14,13,13,76346.658,93064.10866666665,1.0,1.0,6,4,57,31337139.93,40,17,4,1153863.62,47,24289539.74,57,31,51,99726.51245614035,113999.53017543859,1.0,3.0,33,14,27,17063014.88,20,7,2,1280306.51,25,13023857.6,27,22,24,90107.86592592591,96002.5762962963,0.0,2.0,18,7,212829.625,676217.49,274517.99,569015.3066666666,477225.18875,609092.1449999999,515108.01933333336,561078.058,549774.3847368421,516798.7178723404,631963.514074074,520954.304,0
PRAC-1174,Taimur Wali,MCI/KAR/27972,1191782218,2026-10-30,1983-08-20,Male,101687179372,99994407614,taimur.doc25@clinic.com,18/627- Chaudry Path,0,Bangalore,Karnataka,562358,Dermatology,Orthopedic Surgery,207N00000X,Christian Medical College,2008,HOSP-0033,N,2014-09-22,Active,0,0.0,0.0,0.0,0.0,0.0,0.0,0.0,0.0,0.0,0.0,0.0,0.0,0.0,0.0,0.0,0.0,0.0,1.0,243192.31,1.0,0.0,0.0,0.0,1.0,174180.75,1.0,1.0,1.0,15338.66,36712.12,0.0,0.0,1.0,0.0,4,1096295.4,3,1,0,0.0,4,820361.64,4,4,4,44077.72,51051.197499999995,0.0,0.0,3,1,12,5607974.87,11,1,0,0.0,11,4199732.27,12,10,12,60239.409999999996,94931.0425,0.0,0.0,10,1,49,27544796.55,37,12,4,2381053.8600000003,44,20899636.66,49,34,41,133577.5351020408,106476.46714285713,0.0,4.0,32,12,26,15486426.89,22,4,5,1756655.44,20,10869402.3,26,19,26,133886.14769230768,124036.80192307693,0.0,5.0,16,4,0.0,0.0,243192.31,174180.75,274073.85,205090.41,467331.2391666667,381793.8427272727,562138.7051020408,474991.74227272725,595631.8034615385,543470.115,0
PRAC-1175,Inaaya  Butala,MCI/DEL/23550,9929620573,2027-04-13,1988-01-08,Other,915295877972,97866775464,inaaya.doc46@clinic.com,865- Biswas Street,Chopra Street,New Delhi,Delhi,110081,Oncology,General Surgery,207R00000X,JIPMER,2017,HOSP-0040,Y,2024-03-15,Active,0,0.0,0.0,0.0,0.0,0.0,0.0,0.0,0.0,0.0,0.0,0.0,0.0,0.0,0.0,0.0,0.0,0.0,1.0,1016268.36,1.0,0.0,0.0,0.0,1.0,1004865.62,1.0,1.0,1.0,237352.27,224537.67,0.0,0.0,1.0,0.0,9,8890380.42,6,3,0,0.0,8,3972667.55,9,8,8,154480.52555555556,220117.2811111111,0.0,0.0,5,3,14,11319985.86,10,4,0,0.0,13,6139465.76,14,13,13,135443.66857142857,180131.02357142858,0.0,0.0,9,4,59,37374121.15,42,17,1,101422.58,50,27209182.64,59,39,53,105869.54627118644,137288.82966101696,0.0,1.0,33,17,29,18676331.51,20,9,3,2413252.1100000003,22,12558061.93,29,21,29,137789.06896551725,157604.21068965518,0.0,3.0,16,6,0.0,0.0,1016268.36,1004865.62,987820.0466666666,496583.44375,808570.4185714285,472266.5969230769,633459.6805084746,544183.6528,644011.4313793104,570820.9968181818,0
PRAC-1176,Oorja Sachdeva,MCI/TAM/52222,7296287873,2025-10-09,1960-03-19,Other,649484837492,97540605569,oorja.doc33@clinic.com,73/664- Shukla Marg,Kanda Chowk,Madurai,Tamil Nadu,664133,Oncology,General Surgery,207R00000X,All India Institute of Medical Sciences,1987,HOSP-0035,N,2000-08-30,Active,0,2.0,456372.83999999997,0.0,2.0,0.0,0.0,2.0,129469.47,2.0,2.0,2.0,29643.36,7416.04,0.0,0.0,0.0,2.0,5.0,4090394.8,2.0,3.0,0.0,0.0,4.0,2059221.56,5.0,5.0,5.0,220866.02000000002,194150.798,0.0,0.0,1.0,3.0,13,11183909.23,7,6,0,0.0,12,7825160.44,13,13,13,189552.02538461538,220170.61692307692,0.0,0.0,6,6,19,15969307.309999999,13,6,0,0.0,17,11020365.62,19,18,19,163365.37736842106,180182.80157894737,0.0,0.0,11,6,63,51452865.94,46,17,4,5320662.72,53,36106879.94,63,37,48,167113.86523809523,200858.93746031748,1.0,3.0,38,15,42,32026069.21,30,12,3,4494673.48,37,21292560.18,42,31,39,181384.89952380952,129318.87785714286,0.0,3.0,26,11,228186.41999999998,64734.735,818078.96,514805.39,860300.7100000001,652096.7033333334,840489.8584210526,648256.8011764706,816712.1577777778,681261.8856603773,762525.4573809524,575474.5994594594,0
PRAC-1177,Renee Rana,MCI/TAM/89360,6279425081,2030-08-03,1987-12-31,Other,836805138000,98919546578,renee.doc81@clinic.com,90/284 Chadha Ganj,0,Chennai,Tamil Nadu,673028,Pediatrics,Neurology,208000000X,JIPMER,2017,HOSP-0012,Y,2020-01-22,Active,0,0.0,0.0,0.0,0.0,0.0,0.0,0.0,0.0,0.0,0.0,0.0,0.0,0.0,0.0,0.0,0.0,0.0,1.0,760549.28,1.0,0.0,0.0,0.0,1.0,657066.19,1.0,1.0,1.0,185666.8,40404.12,0.0,0.0,1.0,0.0,7,3636189.77,3,4,1,247561.79,4,2457144.82,7,7,7,125009.34142857141,105128.17,1.0,0.0,3,1,11,5878245.0,6,5,2,1091420.76,7,3582968.46,11,11,11,124055.18090909091,120496.48090909091,2.0,0.0,6,1,53,37625696.06,37,16,7,5705071.15,43,25704870.64,53,34,44,151431.09811320755,166413.88396226414,2.0,5.0,29,14,30,22065228.599999998,22,8,0,0.0,28,18946376.29,30,23,27,150697.406,142427.44700000001,0.0,0.0,20,8,0.0,0.0,760549.28,657066.19,519455.6814285714,614286.205,534385.9090909091,511852.63714285713,709918.7935849057,597787.6893023256,735507.6199999999,676656.2960714286,0
PRAC-1178,Alisha Rajagopal,MCI/MAH/51130,5744207428,2025-11-15,1986-05-11,Female,500405243193,99551696097,alisha.doc85@clinic.com,012- Gola,Chandra Road,Nagpur,Maharashtra,457188,Pediatrics,Cardiology,208000000X,Christian Medical College,2014,HOSP-0009,Y,2020-06-21,Active,0,0.0,0.0,0.0,0.0,0.0,0.0,0.0,0.0,0.0,0.0,0.0,0.0,0.0,0.0,0.0,0.0,0.0,0.0,0.0,0.0,0.0,0.0,0.0,0.0,0.0,0.0,0.0,0.0,0.0,0.0,0.0,0.0,0.0,0.0,11,9047782.57,9,2,1,1896313.23,10,5797305.0,11,10,11,191278.69636363638,175844.15818181817,0.0,1.0,8,2,14,10354201.17,11,3,1,1896313.23,13,7014177.7,14,12,14,167533.63857142857,162669.89571428573,0.0,1.0,10,3,64,45513469.5,49,15,4,2191052.6,54,35803894.29,64,29,55,153662.0084375,156550.081875,0.0,4.0,40,14,31,22490749.92,21,10,1,4801944.07,28,14016314.06,31,22,30,131834.78612903226,158910.42967741936,1.0,0.0,19,9,0.0,0.0,0.0,0.0,822525.6881818182,579730.5,739585.7978571429,539552.1307692308,711147.9609375,663035.0794444444,725508.061935484,500582.645,0
PRAC-1179,Shalv Solanki,MCI/KAR/12731,7439432976,2029-05-09,1994-05-03,Male,122308949078,97752886537,shalv.doc18@clinic.com,H.No. 18 Kar Street,Srinivasan Chowk,Bangalore,Karnataka,579735,Cardiology,Oncology,207R00000X,Maulana Azad Medical College,2020,HOSP-0049,Y,2025-07-06,Active,0,2.0,839296.16,1.0,1.0,1.0,656427.56,1.0,181138.99,2.0,2.0,2.0,73381.63,121359.54,0.0,1.0,0.0,1.0,8.0,4730213.15,7.0,1.0,2.0,1539216.19,6.0,2640690.55,8.0,8.0,8.0,130939.88875,115033.82875,0.0,2.0,5.0,1.0,11,5349226.02,9,2,2,1539216.19,9,3088382.91,11,11,11,110135.52636363637,88391.37636363636,0.0,2.0,7,2,15,6684958.4,12,3,3,2112967.13,12,3676854.2,15,14,15,90882.52066666666,87814.73666666666,0.0,3.0,9,3,65,45648047.74,54,11,2,296769.09,56,30837758.03,65,39,58,133004.47153846154,144517.23769230768,0.0,2.0,47,9,28,21818391.83,23,5,1,567141.0,23,17245787.39,28,23,25,175282.0482142857,147696.86892857144,0.0,1.0,19,4,419648.08,181138.99,591276.64375,440115.0916666666,486293.2745454545,343153.6566666667,445663.89333333337,306404.51666666666,702277.6575384616,550674.2505357143,779228.279642857,749816.8430434783,0
PRAC-1180,Ojas Kamdar,MCI/KAR/52437,57084475,2028-07-06,1974-11-19,Other,469680752444,97111915310,ojas.doc50@clinic.com,86/290 Barman,Raju,Mysore,Karnataka,568905,General Practice,Oncology,208D00000X,Kasturba Medical College,1999,HOSP-0035,N,2005-07-01,Active,0,0.0,0.0,0.0,0.0,0.0,0.0,0.0,0.0,0.0,0.0,0.0,0.0,0.0,0.0,0.0,0.0,0.0,0.0,0.0,0.0,0.0,0.0,0.0,0.0,0.0,0.0,0.0,0.0,0.0,0.0,0.0,0.0,0.0,0.0,2,557280.62,1,1,0,0.0,2,462248.43,2,2,2,94725.45,54266.325,0.0,0.0,1,1,5,1706212.12,3,2,0,0.0,5,1434031.27,5,5,5,101486.78,49817.085999999996,0.0,0.0,3,2,67,45234792.93,49,18,9,5423396.95,50,28668133.22,67,39,56,135206.70611940298,143979.86552238805,3.0,6.0,38,12,32,17334904.7,20,12,2,568275.25,26,12476949.459999999,32,22,29,95646.956875,129613.7821875,0.0,2.0,15,11,0.0,0.0,0.0,0.0,278640.31,231124.215,341242.424,286806.254,675146.1631343283,573362.6644,541715.771875,479882.6715384615,0
PRAC-1181,Indranil Ravel,MCI/DEL/55567,7600721655,2027-05-08,1989-10-03,Male,26060696607,99849236648,indranil.doc64@clinic.com,757- Ghosh Road,Arora,New Delhi,Delhi,110074,Cardiology,General Practice,207R00000X,Christian Medical College,2016,HOSP-0041,N,2024-04-29,Active,0,2.0,272273.25,0.0,2.0,0.0,0.0,2.0,5666230.010000001,2.0,1.0,1.0,14160.59,21292.225,0.0,0.0,0.0,2.0,6.0,1382224.1600000001,2.0,4.0,0.0,0.0,5.0,6231274.65,6.0,4.0,5.0,45968.18666666667,62976.87333333333,0.0,0.0,2.0,3.0,13,3707812.15,7,6,0,0.0,12,8214346.600000001,13,11,11,69715.67692307691,63933.37769230769,0.0,0.0,7,5,16,4187984.58,10,6,0,0.0,14,8629319.85,16,14,14,60044.45125,60264.49,0.0,0.0,9,5,60,43251624.03,39,21,4,4997579.64,48,24959105.92,60,37,53,150486.632,145146.88066666666,3.0,1.0,34,14,37,20626144.71,25,12,3,1424381.94,29,12852025.06,37,27,32,110273.53432432433,109052.07837837837,0.0,3.0,19,10,136136.625,2833115.0050000004,230370.69333333336,1246254.9300000002,285216.31923076924,684528.8833333334,261749.03625,616379.9892857142,720860.4005,519981.37333333335,557463.3705405405,443173.2779310345,0
PRAC-1182,Himmat Chad,MCI/TAM/29181,5410810786,2029-03-01,1973-08-16,Other,273407764296,98293903255,himmat.doc76@clinic.com,95 Bassi Circle,0,Madurai,Tamil Nadu,681857,Oncology,General Surgery,207R00000X,JIPMER,2001,HOSP-0003,N,2023-06-05,Active,0,0.0,0.0,0.0,0.0,0.0,0.0,0.0,0.0,0.0,0.0,0.0,0.0,0.0,0.0,0.0,0.0,0.0,1.0,251268.01,0.0,1.0,0.0,0.0,1.0,247920.82,1.0,1.0,1.0,83470.43,43504.65,0.0,0.0,0.0,1.0,8,8486352.36,5,3,0,0.0,8,7480926.57,8,7,8,271020.6575,233239.49375,0.0,0.0,5,3,11,9503924.299999999,7,4,0,0.0,11,8402181.31,11,9,11,218191.82090909092,184576.4581818182,0.0,0.0,7,4,56,28806163.81,43,13,8,4404663.0600000005,45,19483227.669999998,56,31,46,97778.49428571427,94209.22553571429,1.0,7.0,34,11,40,27481859.07,28,12,1,249505.31,38,22478714.55,40,27,38,130152.291,141222.475,1.0,0.0,27,11,0.0,0.0,251268.01,247920.82,1060794.045,935115.82125,863993.118181818,763834.6645454546,514395.78232142853,432960.61488888884,687046.47675,591545.1197368421,0
PRAC-1183,Sana Bath,MCI/DEL/29820,8056417097,2029-06-18,1979-02-17,Male,187607966199,99029582544,sana.doc67@clinic.com,534- Gaba Marg,Bera Nagar,New Delhi,Delhi,110037,Neurology,General Surgery,2084N0400X,Christian Medical College,2008,HOSP-0048,Y,2012-05-08,Active,0,0.0,0.0,0.0,0.0,0.0,0.0,0.0,0.0,0.0,0.0,0.0,0.0,0.0,0.0,0.0,0.0,0.0,1.0,1069005.32,1.0,0.0,0.0,0.0,1.0,997059.69,1.0,1.0,1.0,415460.09,234201.99,0.0,0.0,1.0,0.0,5,3768425.6900000004,4,1,1,230476.33,4,2941428.44,5,4,5,252953.27000000002,68895.992,1.0,0.0,4,0,10,6850478.9,8,2,1,230476.33,9,5551156.96,10,8,10,212304.444,53693.320999999996,1.0,0.0,8,1,61,51467665.51,46,15,5,2202652.42,52,41671752.78,61,36,53,144313.71278688524,205914.18,0.0,5.0,38,14,27,19932614.03,24,3,0,0.0,24,14985641.81,27,21,26,138480.98481481482,124025.86296296296,0.0,0.0,21,3,0.0,0.0,1069005.32,997059.69,753685.138,735357.11,685047.89,616795.2177777778,843732.2214754098,801379.8611538461,738244.9640740742,624401.7420833333,0
PRAC-1184,Yakshit Sandal,MCI/WES/91115,8443408235,2026-08-15,1990-05-21,Male,476878642661,98617540650,yakshit.doc96@clinic.com,H.No. 28- Koshy Zila,Goyal Nagar,Howrah,West Bengal,764382,Dermatology,Oncology,207N00000X,Maulana Azad Medical College,2014,HOSP-0035,N,2023-11-04,Active,0,0.0,0.0,0.0,0.0,0.0,0.0,0.0,0.0,0.0,0.0,0.0,0.0,0.0,0.0,0.0,0.0,0.0,4.0,2310566.31,4.0,0.0,0.0,0.0,4.0,2221061.01,4.0,4.0,4.0,172202.6875,86639.67,0.0,0.0,4.0,0.0,11,8144751.43,10,1,2,1719409.99,9,5557836.91,11,11,11,193476.71636363634,133490.93363636362,0.0,2.0,8,1,13,9669683.540000001,12,1,2,1719409.99,11,7008211.47,13,12,13,173258.45615384617,133035.06,0.0,2.0,10,1,55,32255789.33,35,20,4,1629430.2000000002,50,25434905.96,55,30,48,129332.37218181818,129162.28472727272,2.0,2.0,32,18,28,17689116.47,20,8,4,3442842.3600000003,22,11401069.43,28,18,27,120013.02678571429,108017.31999999999,0.0,4.0,14,8,0.0,0.0,577641.5775,555265.2525,740431.9481818181,617537.4344444445,743821.8107692308,637110.1336363637,586468.8969090909,508698.1192,631754.1596428572,518230.42863636365,0
PRAC-1185,Shamik Barman,MCI/KAR/91582,988713689,2028-04-22,1992-04-17,Other,890567743179,99455075409,shamik.doc81@clinic.com,H.No. 293- Sarin Chowk,0,Bangalore,Karnataka,576458,Oncology,General Surgery,207R00000X,Kasturba Medical College,2020,HOSP-0018,Y,2022-01-13,Active,0,1.0,211947.73,0.0,1.0,0.0,0.0,1.0,693098.96,1.0,1.0,1.0,48132.38,25153.38,0.0,0.0,0.0,1.0,2.0,795772.7,1.0,1.0,0.0,0.0,2.0,1171300.24,2.0,2.0,2.0,59879.520000000004,165672.815,0.0,0.0,1.0,1.0,8,3863313.78,5,3,0,0.0,8,3682699.79,8,8,8,113740.90125,108538.6025,0.0,0.0,5,3,13,5186327.52,9,4,1,391469.94,12,4521763.3,13,13,12,90504.11923076924,93795.44307692308,0.0,1.0,8,4,61,37920590.12,40,21,5,4803514.29,52,25459227.009999998,61,34,52,142164.20147540982,138231.64016393444,1.0,4.0,34,18,27,15722475.620000001,22,5,0,0.0,23,11324143.35,27,20,26,119699.17851851851,110899.0774074074,0.0,0.0,19,4,211947.73,693098.96,397886.35,585650.12,482914.2225,460337.47375,398948.27076923073,376813.60833333334,621649.0183606556,489600.5194230769,582313.9118518519,492354.0586956522,0
PRAC-1186,Shlok Sheth,MCI/DEL/85661,5411946280,2026-02-24,1967-04-18,Male,520979224762,97600414432,shlok.doc17@clinic.com,H.No. 211 Garde Marg,0,New Delhi,Delhi,110002,Cardiology,General Surgery,207R00000X,JIPMER,1994,HOSP-0028,Y,2025-04-29,Active,0,1.0,1013021.75,0.0,1.0,0.0,0.0,1.0,894983.1,1.0,1.0,1.0,224355.85,191069.68,0.0,0.0,0.0,1.0,2.0,1446632.6099999999,1.0,1.0,0.0,0.0,2.0,1308449.41,2.0,2.0,2.0,162001.975,108217.54999999999,0.0,0.0,1.0,1.0,10,5448774.75,7,3,1,81085.55,8,4744729.38,10,10,9,101740.838,84391.17,0.0,1.0,5,3,15,11665851.2,11,4,2,1179474.52,12,8497771.93,15,14,13,148103.72,132539.362,1.0,1.0,9,3,60,34310902.67,45,15,1,1034666.05,53,24054233.57,60,37,55,104889.53783333334,114793.11333333333,1.0,0.0,40,13,37,23917655.02,31,6,1,264984.75,32,17424848.06,37,24,35,101875.91513513513,156642.0408108108,0.0,1.0,27,5,1013021.75,894983.1,723316.3049999999,654224.705,544877.475,593091.1725,777723.4133333333,708147.6608333333,571848.3778333333,453853.46358490566,646423.1086486486,544526.501875,0
PRAC-1187,Umang Edwin,MCI/DEL/19502,3007247643,2025-11-24,1979-05-27,Female,64129855904,99281596625,umang.doc54@clinic.com,745 Mangat Path,Rana Marg,New Delhi,Delhi,110081,Cardiology,General Practice,207R00000X,All India Institute of Medical Sciences,2005,HOSP-0043,Y,2015-06-11,Active,0,1.0,139830.39,0.0,1.0,0.0,0.0,1.0,316755.39,1.0,1.0,1.0,15123.47,18624.12,0.0,0.0,0.0,1.0,1.0,139830.39,0.0,1.0,0.0,0.0,1.0,316755.39,1.0,1.0,1.0,15123.47,18624.12,0.0,0.0,0.0,1.0,5,1213161.75,4,1,1,190668.92,4,1056756.99,5,5,5,37353.034,52449.102,0.0,1.0,3,1,11,6186422.15,8,3,2,1023544.56,9,4654505.9399999995,11,10,10,133831.1790909091,87206.40000000001,1.0,1.0,7,2,53,35303812.7,46,7,4,2206004.95,43,21803936.36,53,32,49,133316.73735849056,144479.8624528302,1.0,3.0,38,5,37,22908401.49,27,10,2,1848670.65,32,15521417.299999999,37,27,36,125259.48513513514,144900.87621621622,1.0,1.0,25,7,139830.39,316755.39,139830.39,316755.39,242632.35,264189.2475,562402.0136363637,517167.3266666666,666109.6735849057,507068.2874418605,619145.9862162161,485044.29062499997,0
PRAC-1188,Khushi Doctor,MCI/DEL/71291,7274199276,2029-09-04,1970-12-11,Male,842809594710,97215828304,khushi.doc26@clinic.com,H.No. 49 Dubey Road,Kuruvilla Path,New Delhi,Delhi,110004,Orthopedic Surgery,Cardiology,207X00000X,Christian Medical College,2000,HOSP-0005,Y,2018-07-15,Active,0,0.0,0.0,0.0,0.0,0.0,0.0,0.0,0.0,0.0,0.0,0.0,0.0,0.0,0.0,0.0,0.0,0.0,1.0,610505.98,1.0,0.0,0.0,0.0,1.0,590317.17,1.0,1.0,1.0,121067.93,136707.76,0.0,0.0,1.0,0.0,5,2210843.7,3,2,1,503884.1,3,699638.3,5,5,5,104270.924,100284.062,1.0,0.0,2,1,8,4303539.73,6,2,1,503884.1,6,2428051.73,8,8,8,173290.04625,88857.14,1.0,0.0,5,1,63,39193178.9,39,24,6,1884817.82,55,30978223.55,63,36,59,136447.79523809522,126326.12603174603,2.0,4.0,34,21,33,14680350.66,25,8,1,67253.39,29,11355278.6,33,25,31,111588.34181818181,81886.14,0.0,1.0,23,6,0.0,0.0,610505.98,590317.17,442168.74000000005,233212.7666666667,537942.46625,404675.28833333333,622113.9507936508,563240.4281818182,444859.1109090909,391561.33103448275,0
PRAC-1189,Devansh Devi,MCI/WES/99080,4232268353,2027-11-03,1980-05-18,Male,597200371622,97708304196,devansh.doc81@clinic.com,H.No. 786- Yohannan Ganj,Agate Street,Kolkata,West Bengal,715594,Neurology,0,2084N0400X,All India Institute of Medical Sciences,2008,HOSP-0033,Y,2023-04-27,Active,0,1.0,1038333.14,1.0,0.0,1.0,1038333.14,0.0,0.0,1.0,1.0,1.0,230881.73,258472.38,0.0,1.0,0.0,0.0,2.0,2294714.97,1.0,1.0,1.0,1038333.14,1.0,904348.32,2.0,2.0,2.0,170301.96000000002,255698.805,0.0,1.0,0.0,1.0,7,7993696.65,5,2,1,1038333.14,6,5921922.82,7,7,7,185345.11285714287,175237.24714285714,0.0,1.0,4,2,12,12426977.700000001,9,3,1,1038333.14,11,9837636.18,12,12,12,158497.40583333335,169988.87083333332,0.0,1.0,8,3,46,24423945.75,39,7,5,4189812.3099999996,39,17131716.79,46,29,40,104779.44108695652,114837.2458695652,1.0,4.0,33,6,22,15408621.42,17,5,2,540658.69,20,12068265.05,22,18,22,146458.15954545455,125799.88954545454,0.0,2.0,15,5,1038333.14,0.0,1147357.485,904348.32,1141956.6642857143,986987.1366666667,1035581.4750000001,894330.5618181818,530955.3423913043,439274.7894871795,700391.8827272727,603413.2525000001,0
PRAC-1190,Kaira Kannan,MCI/DEL/12158,8629282126,2029-07-16,1968-09-26,Male,702203551565,98287434925,kaira.doc18@clinic.com,H.No. 40 Dhawan,0,New Delhi,Delhi,110097,Pediatrics,Neurology,208000000X,Maulana Azad Medical College,1993,HOSP-0031,N,1998-01-28,Active,0,1.0,290408.72,1.0,0.0,0.0,0.0,1.0,283953.22,1.0,1.0,1.0,94904.32,28596.69,0.0,0.0,1.0,0.0,3.0,1292176.77,2.0,1.0,0.0,0.0,3.0,1125432.9,3.0,3.0,3.0,64894.38999999999,49060.18333333333,0.0,0.0,2.0,1.0,8,3406695.16,4,4,0,0.0,7,2997114.91,8,8,8,57451.69125,65691.4275,0.0,0.0,3,4,12,6476807.55,6,6,0,0.0,11,5318170.35,12,10,11,74463.55583333333,128343.35416666667,0.0,0.0,5,6,72,54858963.64,63,9,5,5731261.5200000005,63,36378532.31,72,41,58,147955.79291666666,176002.4309722222,2.0,3.0,56,7,17,9936996.129999999,12,5,0,0.0,14,6002795.39,17,13,16,149024.07647058822,82664.02117647059,0.0,0.0,9,5,290408.72,283953.22,430725.59,375144.3,425836.895,428159.2728571429,539733.9625,483470.0318181818,761930.0505555556,577437.0207936509,584529.184117647,428771.09928571427,0
PRAC-1191,Aniruddh Banik,MCI/WES/35438,8630209036,2026-08-20,1994-12-13,Male,662620851228,98233424000,aniruddh.doc71@clinic.com,H.No. 08 Kadakia Ganj,0,Howrah,West Bengal,781867,Cardiology,Orthopedic Surgery,207R00000X,Armed Forces Medical College,2023,HOSP-0009,Y,2025-05-16,Active,0,0.0,0.0,0.0,0.0,0.0,0.0,0.0,0.0,0.0,0.0,0.0,0.0,0.0,0.0,0.0,0.0,0.0,1.0,194879.94,1.0,0.0,0.0,0.0,1.0,149846.88,1.0,1.0,1.0,33506.35,37215.7,0.0,0.0,1.0,0.0,6,1993028.5899999999,6,0,0,0.0,5,1284901.01,6,6,6,44928.095,86554.60333333332,0.0,0.0,5,0,12,4704086.26,11,1,0,0.0,11,3765502.5,12,12,12,63774.50416666666,80783.03083333334,0.0,0.0,10,1,45,28717496.93,32,13,5,2718003.9,35,19780680.46,45,30,39,107842.288,148647.862,2.0,3.0,25,10,34,13295787.52,27,7,2,100564.32,29,9772929.959999999,34,27,32,83037.89588235294,75549.98382352942,0.0,2.0,23,6,0.0,0.0,194879.94,149846.88,332171.43166666664,256980.202,392007.1883333333,342318.4090909091,638166.5984444445,565162.2988571429,391052.574117647,336997.5848275862,0
PRAC-1192,Vihaan Kota,MCI/WES/19490,7401469552,2026-01-30,1997-07-31,Other,100156202370,98819296559,vihaan.doc19@clinic.com,H.No. 47- Shenoy Chowk,0,Kolkata,West Bengal,724919,Pediatrics,Orthopedic Surgery,208000000X,Christian Medical College,2023,HOSP-0022,Y,2025-04-24,Active,0,1.0,104021.28,0.0,1.0,0.0,0.0,1.0,896880.98,1.0,1.0,1.0,31841.07,26076.55,0.0,0.0,0.0,1.0,1.0,104021.28,0.0,1.0,0.0,0.0,1.0,896880.98,1.0,1.0,1.0,31841.07,26076.55,0.0,0.0,0.0,1.0,6,2054278.6700000002,5,1,0,0.0,4,1625421.6400000001,6,6,6,64005.21833333333,103589.86166666668,0.0,0.0,3,1,9,3335942.58,8,1,0,0.0,7,2753287.4299999997,9,9,9,66698.26,105850.63222222222,0.0,0.0,6,1,55,36550854.88,40,15,3,876258.83,51,31310004.98,54,36,44,127658.336,106948.89109090909,1.0,2.0,38,13,37,28292664.1,26,11,1,2563926.96,34,20808366.96,37,27,34,162422.92945945944,141724.41837837835,0.0,1.0,24,10,104021.28,896880.98,104021.28,896880.98,342379.7783333334,406355.41000000003,370660.2866666667,393326.7757142857,664560.9978181819,613921.6662745099,764666.5972972973,612010.7929411764,0
PRAC-1193,Onkar Konda,MCI/DEL/48487,864153170,2028-10-13,1996-06-03,Male,256490863231,99391210653,onkar.doc19@clinic.com,67 Kale Street,Sridhar Street,New Delhi,Delhi,110026,Neurology,Dermatology,2084N0400X,Kasturba Medical College,2021,HOSP-0033,N,2025-03-08,Under Review,0,1.0,288831.83,0.0,1.0,0.0,0.0,1.0,134661.59,1.0,1.0,1.0,42482.32,65411.4,0.0,0.0,0.0,1.0,5.0,2321966.9699999997,3.0,2.0,0.0,0.0,4.0,1207081.5,5.0,5.0,5.0,63331.154,130955.28400000001,0.0,0.0,3.0,1.0,8,3345415.2199999997,4,4,0,0.0,7,2096569.39,8,7,8,67799.045,113576.53875,0.0,0.0,4,3,13,7183243.38,8,5,1,167413.11,11,5253968.29,13,12,13,90969.25153846154,150457.72153846154,0.0,1.0,7,4,58,34592167.93,45,13,3,1632932.1400000001,49,25164732.72,58,33,49,115284.05793103449,143030.79844827586,2.0,1.0,40,9,45,28279273.87,38,7,2,1754688.26,41,21920131.19,45,29,43,151916.9468888889,109215.83777777778,0.0,2.0,34,7,288831.83,134661.59,464393.394,301770.375,418176.90249999997,299509.91285714286,552557.183076923,477633.4809090909,596416.6884482759,513565.973877551,628428.3082222223,534637.3460975611,0
PRAC-1194,Anahita Singhal,MCI/TAM/19785,7289622558,2025-12-23,1978-03-05,Other,774236458240,97036669142,anahita.doc6@clinic.com,H.No. 77 Chahal Street,0,Madurai,Tamil Nadu,615007,Neurology,Pediatrics,2084N0400X,JIPMER,2006,HOSP-0048,N,2025-07-30,Active,0,0.0,0.0,0.0,0.0,0.0,0.0,0.0,0.0,0.0,0.0,0.0,0.0,0.0,0.0,0.0,0.0,0.0,4.0,1841939.0,4.0,0.0,0.0,0.0,4.0,1462695.36,4.0,4.0,4.0,28672.5,67106.7425,0.0,0.0,4.0,0.0,11,5100297.5600000005,8,3,0,0.0,10,3605530.77,11,10,11,85422.48636363636,71183.97,0.0,0.0,7,3,14,6355274.08,9,5,0,0.0,13,4576231.74,14,13,14,81875.96142857142,87197.61214285715,0.0,0.0,8,5,59,43448016.53,41,18,3,3834761.76,48,31596048.12,59,32,47,173816.11898305084,166058.54576271184,1.0,2.0,34,14,41,18340370.46,31,10,2,1553490.38,37,14087497.53,41,30,37,110471.34487804877,89387.50048780488,0.0,2.0,27,10,0.0,0.0,460484.75,365673.84,463663.4145454546,360553.077,453948.14857142855,352017.82615384617,736407.0598305085,658251.0025000001,447326.10878048785,380743.17648648645,0
PRAC-1195,Kaira Bhavsar,MCI/TAM/27183,1967283620,2027-11-18,1987-08-01,Male,740595511582,99974204414,kaira.doc17@clinic.com,54/902- Bhatia Marg,0,Madurai,Tamil Nadu,622720,Orthopedic Surgery,Cardiology,207X00000X,Armed Forces Medical College,2014,HOSP-0019,Y,2020-03-22,Active,0,0.0,0.0,0.0,0.0,0.0,0.0,0.0,0.0,0.0,0.0,0.0,0.0,0.0,0.0,0.0,0.0,0.0,1.0,223264.73,0.0,1.0,0.0,0.0,1.0,218447.77,1.0,1.0,1.0,163.07,52154.06,0.0,0.0,0.0,1.0,7,7365071.2299999995,5,2,0,0.0,7,6564388.7,7,7,7,109126.40428571428,179250.87142857144,0.0,0.0,5,2,12,11156143.75,10,2,0,0.0,12,9484464.38,12,12,11,92599.88166666667,139144.81583333333,0.0,0.0,10,2,60,39218438.1,41,19,5,1424816.42,50,32039265.18,59,35,53,116841.52366666666,122323.83616666666,0.0,5.0,33,17,25,13291136.799999999,21,4,1,175018.8,21,9865000.26,25,17,24,105747.99879999999,103280.28640000001,1.0,0.0,18,3,0.0,0.0,223264.73,218447.77,1052153.0328571429,937769.8142857143,929678.6458333334,790372.0316666667,653640.635,640785.3036,531645.472,469761.91714285716,0
PRAC-1196,Eva Andra,MCI/WES/40108,7310439388,2030-07-15,1971-05-03,Other,100982487114,99352265316,eva.doc66@clinic.com,908- Bakshi,0,Kolkata,West Bengal,772297,Neurology,General Practice,2084N0400X,Armed Forces Medical College,1998,HOSP-0017,N,2021-05-16,Active,0,1.0,375645.51,0.0,1.0,1.0,375645.51,0.0,0.0,1.0,1.0,1.0,81456.24,118783.93,1.0,0.0,0.0,0.0,4.0,1813646.02,3.0,1.0,2.0,503011.16000000003,2.0,973134.8500000001,4.0,4.0,4.0,147157.7075,67138.75,1.0,1.0,2.0,0.0,13,7282444.37,8,5,3,1524610.07,10,4828986.76,13,12,13,131381.24384615384,87533.69,2.0,1.0,7,3,17,10097008.91,11,6,3,1524610.07,13,5996970.49,17,13,17,136339.20117647058,118527.99235294119,2.0,1.0,9,4,64,45760964.9,50,14,5,3388696.13,54,31187244.92,64,40,53,138360.573125,161993.48359375,1.0,4.0,42,12,34,27980443.99,27,7,3,1488225.5899999999,28,19829128.21,34,25,32,173663.34529411767,179658.9426470588,1.0,2.0,22,6,375645.51,0.0,453411.505,486567.42500000005,560188.0284615385,482898.676,593941.7005882353,461305.42230769235,715015.0765625,577541.5725925927,822954.235,708183.1503571429,0
PRAC-1197,Shlok Sule,MCI/DEL/15152,3385320814,2029-09-18,1963-02-16,Female,22963826883,98068270138,shlok.doc44@clinic.com,98/133 Saraf Nagar,Roy Nagar,New Delhi,Delhi,110034,Orthopedic Surgery,General Practice,207X00000X,Christian Medical College,1992,HOSP-0040,N,2018-11-18,Active,0,0.0,0.0,0.0,0.0,0.0,0.0,0.0,0.0,0.0,0.0,0.0,0.0,0.0,0.0,0.0,0.0,0.0,2.0,594148.62,1.0,1.0,1.0,565257.99,1.0,25329.55,2.0,2.0,2.0,29659.344999999998,7086.965,0.0,1.0,0.0,1.0,7,7161269.94,4,3,2,2235185.4699999997,5,4493662.8,7,6,7,144405.68,169168.72,0.0,2.0,2,3,11,9429288.69,7,4,2,2235185.4699999997,9,6626496.59,11,10,11,120264.89636363638,151091.46363636365,0.0,2.0,5,4,63,40687332.92,49,14,9,6387422.99,53,29009007.21,63,38,53,112114.9984126984,114301.37587301587,2.0,7.0,41,12,42,32496008.69,29,13,4,2148925.66,36,25545637.78,42,28,37,153244.0542857143,149771.405,1.0,3.0,26,10,0.0,0.0,297074.31,25329.55,1023038.5628571429,898732.5599999999,857208.0627272726,736277.3988888889,645830.6812698413,547339.7586792452,773714.4926190476,709601.0494444445,0
PRAC-1198,Hazel Chada,MCI/TAM/68175,8820799339,2026-06-22,1982-05-18,Female,798956333798,99623501545,hazel.doc90@clinic.com,H.No. 86- Krishna Marg,0,Madurai,Tamil Nadu,647094,Dermatology,General Surgery,207N00000X,JIPMER,2012,HOSP-0043,Y,2024-06-12,Active,0,0.0,0.0,0.0,0.0,0.0,0.0,0.0,0.0,0.0,0.0,0.0,0.0,0.0,0.0,0.0,0.0,0.0,0.0,0.0,0.0,0.0,0.0,0.0,0.0,0.0,0.0,0.0,0.0,0.0,0.0,0.0,0.0,0.0,0.0,11,9783359.49,8,3,0,0.0,10,4470381.41,11,11,11,151275.09636363637,116687.94636363635,0.0,0.0,7,3,12,11092253.95,9,3,0,0.0,11,5656006.71,12,12,12,166151.73416666666,138694.7725,0.0,0.0,8,3,65,29684405.52,47,18,3,3609032.15,55,20727663.62,64,33,56,71239.522,91716.70415384615,0.0,3.0,38,17,28,19050726.39,20,8,3,1144378.5,22,14590782.51,28,22,27,173148.16142857145,131534.61321428572,1.0,2.0,16,6,0.0,0.0,0.0,0.0,889396.3172727273,447038.141,924354.4958333332,514182.42818181816,456683.16184615385,376866.6112727273,680383.0853571428,663217.3868181818,0
PRAC-1199,Vritika Hayre,MCI/KAR/32051,1993014218,2026-10-25,1979-10-06,Female,326431683971,97671910132,vritika.doc24@clinic.com,54/86 Gaba Path,0,Mysore,Karnataka,560200,Neurology,Pediatrics,2084N0400X,Armed Forces Medical College,2009,HOSP-0037,N,2020-03-01,Active,0,1.0,438892.06,0.0,1.0,0.0,0.0,1.0,159581.3,1.0,1.0,1.0,86589.05,128758.99,0.0,0.0,0.0,1.0,2.0,3458065.37,1.0,1.0,0.0,0.0,2.0,2295715.27,2.0,2.0,2.0,562162.855,118225.03,0.0,0.0,1.0,1.0,6,9102251.08,2,4,0,0.0,5,2517009.93,6,6,6,357148.48,250813.12666666668,0.0,0.0,2,3,9,10910591.290000001,4,5,0,0.0,7,3438270.43,9,8,9,297599.1211111111,186591.93333333332,0.0,0.0,3,4,55,30782741.08,36,19,3,1214203.94,48,23290205.26,55,36,49,105565.794,100320.37,2.0,1.0,33,15,31,15897827.43,23,8,1,191421.24,29,11710654.9,31,22,27,110775.5,97954.26741935484,1.0,0.0,22,7,438892.06,159581.3,1729032.685,1147857.635,1517041.8466666667,503401.98600000003,1212287.9211111113,491181.49000000005,559686.2014545454,485212.60958333337,512833.1429032258,403815.68620689656,0
